$ VITE_STATIC_SITE=true VITE_AUTH_ENABLED=false vite build --mode static && node scripts/publish-static.ts
(!) Your Vite config uses features that are unsupported by `configLoader: 'native'`, which is planned to become the default in a future major version of Vite:
  - import "./github-readmes" without a file extension (src/lib/github-data.ts:1:30). Add the file extension
Set `VITE_CONFIG_NATIVE_IGNORE_WARNING=true` to suppress this warning.
Warning: Route file "/Users/donaldfilimon/dev/active/quesar.cloud/src/routes/auth-entry.test.tsx" does not export a Route. This file will not be included in the route tree.

If this file is not intended to be a route, you can exclude it using one of these options:
  1. Rename the file to "/Users/donaldfilimon/dev/active/quesar.cloud/src/routes/-auth-entry.test.tsx" (prefix with "-")
  2. Use 'routeFileIgnorePattern' in your config to match this file

Current configuration:
  routeFileIgnorePrefix: "-"
  routeFileIgnorePattern: undefined
Warning: Route file "/Users/donaldfilimon/dev/active/quesar.cloud/src/routes/contact.test.tsx" does not export a Route. This file will not be included in the route tree.

If this file is not intended to be a route, you can exclude it using one of these options:
  1. Rename the file to "/Users/donaldfilimon/dev/active/quesar.cloud/src/routes/-contact.test.tsx" (prefix with "-")
  2. Use 'routeFileIgnorePattern' in your config to match this file

Current configuration:
  routeFileIgnorePrefix: "-"
  routeFileIgnorePattern: undefined
vite v8.3.1 building client environment for static...
transforming...
[plugin tanstack-start-core::server-fn:client] /Users/donaldfilimon/dev/active/quesar.cloud/src/lib/commerce.ts:6:33 createServerFn().inputValidator() is deprecated. Use createServerFn().validator() instead.
[plugin tanstack-start-core::server-fn:client] /Users/donaldfilimon/dev/active/quesar.cloud/src/lib/commerce.ts:23:36 createServerFn().inputValidator() is deprecated. Use createServerFn().validator() instead.
[plugin tanstack-start-core::server-fn:client] /Users/donaldfilimon/dev/active/quesar.cloud/src/lib/commerce.ts:30:41 createServerFn().inputValidator() is deprecated. Use createServerFn().validator() instead.
[github-snapshot] captured 42 repos, 7 READMEs
✓ 6722 modules transformed.
rendering chunks...
computing gzip size...
.output/public/assets/KaTeX_Size3-Regular-CTq5MqoE.woff                          4.42 kB
.output/public/assets/KaTeX_Size4-Regular-Dl5lxZxV.woff2                         4.92 kB
.output/public/assets/KaTeX_Size2-Regular-Dy4dx90m.woff2                         5.20 kB
.output/public/assets/KaTeX_Size1-Regular-mCD8mA8B.woff2                         5.46 kB
.output/public/assets/ibm-plex-mono-vietnamese-500-normal-C8zxqsMH.woff          5.61 kB
.output/public/assets/ibm-plex-mono-vietnamese-400-normal-DDuiU_S-.woff          5.62 kB
.output/public/assets/ibm-plex-mono-cyrillic-ext-500-normal-BIfNGwUT.woff        5.77 kB
.output/public/assets/ibm-plex-mono-cyrillic-ext-400-normal-DMdlQ8Kv.woff        5.82 kB
.output/public/assets/ibm-plex-mono-vietnamese-400-normal-BulugwFq.woff2         5.86 kB
.output/public/assets/KaTeX_Size4-Regular-BF-4gkZK.woff                          5.98 kB
.output/public/assets/ibm-plex-mono-vietnamese-500-normal-DZ4AoWbu.woff2         6.04 kB
.output/public/assets/KaTeX_Size2-Regular-oD1tc_U0.woff                          6.18 kB
.output/public/assets/KaTeX_Size1-Regular-C195tn64.woff                          6.49 kB
.output/public/assets/space-grotesk-vietnamese-wght-normal-D0rl6rjA.woff2        6.71 kB
.output/public/assets/KaTeX_Caligraphic-Regular-Di6jR-x-.woff2                   6.90 kB
.output/public/assets/KaTeX_Caligraphic-Bold-Dq_IR9rO.woff2                      6.91 kB
.output/public/assets/ibm-plex-mono-cyrillic-ext-400-normal-xuaO2J-f.woff2       6.91 kB
.output/public/assets/ibm-plex-mono-cyrillic-ext-500-normal-BqneJy0T.woff2       6.97 kB
.output/public/assets/ibm-plex-mono-cyrillic-400-normal-CEL4l2ZJ.woff            7.20 kB
.output/public/assets/ibm-plex-mono-cyrillic-500-normal-Ael50iVv.woff            7.20 kB
.output/public/assets/KaTeX_Size3-Regular-DgpXs0kz.ttf                           7.58 kB
.output/public/assets/KaTeX_Caligraphic-Regular-CTRA-rTL.woff                    7.65 kB
.output/public/assets/KaTeX_Caligraphic-Bold-BEiXGLvX.woff                       7.71 kB
.output/public/assets/ibm-plex-mono-cyrillic-400-normal-BSMlKf0J.woff2           8.35 kB
.output/public/assets/ibm-plex-mono-cyrillic-500-normal-Bq9vWWag.woff2           8.46 kB
.output/public/assets/KaTeX_Script-Regular-D3wIWfF6.woff2                        9.64 kB
.output/public/assets/KaTeX_SansSerif-Regular-DDBCnlJ7.woff2                    10.34 kB
.output/public/assets/KaTeX_Size4-Regular-DWFBv043.ttf                          10.36 kB
.output/public/assets/KaTeX_Script-Regular-D5yQViql.woff                        10.58 kB
.output/public/assets/KaTeX_Fraktur-Regular-CTYiF6lA.woff2                      11.31 kB
.output/public/assets/KaTeX_Fraktur-Bold-CL6g_b3V.woff2                         11.34 kB
.output/public/assets/KaTeX_Size2-Regular-B7gKUWhC.ttf                          11.50 kB
.output/public/assets/ibm-plex-mono-latin-ext-400-normal-D3D2R8hC.woff          11.76 kB
.output/public/assets/ibm-plex-mono-latin-ext-500-normal-CZ70TYgx.woff          11.76 kB
.output/public/assets/KaTeX_SansSerif-Italic-C3H0VqGB.woff2                     12.02 kB
.output/public/assets/KaTeX_SansSerif-Bold-D1sUS0GD.woff2                       12.21 kB
.output/public/assets/KaTeX_Size1-Regular-Dbsnue_I.ttf                          12.22 kB
.output/public/assets/KaTeX_SansSerif-Regular-CS6fqUqJ.woff                     12.31 kB
.output/public/assets/KaTeX_Caligraphic-Regular-wX97UBjC.ttf                    12.34 kB
.output/public/assets/KaTeX_Caligraphic-Bold-ATXxdsX0.ttf                       12.36 kB
.output/public/assets/ibm-plex-mono-latin-400-normal-CvHOgSBP.woff              13.14 kB
.output/public/assets/ibm-plex-mono-latin-500-normal-CB9ihrfo.woff              13.15 kB
.output/public/assets/ibm-plex-sans-vietnamese-wght-normal-Dg1JeJN0.woff2       13.16 kB
.output/public/assets/KaTeX_Fraktur-Regular-Dxdc4cR9.woff                       13.20 kB
.output/public/assets/KaTeX_Fraktur-Bold-BsDP51OF.woff                          13.29 kB
.output/public/assets/ibm-plex-mono-latin-ext-400-normal-BmRBH3aV.woff2         13.34 kB
.output/public/assets/ibm-plex-mono-latin-ext-500-normal-CAhNIIs5.woff2         13.43 kB
.output/public/assets/KaTeX_Typewriter-Regular-CO6r4hn1.woff2                   13.56 kB
.output/public/assets/KaTeX_SansSerif-Italic-DN2j7dab.woff                      14.11 kB
.output/public/assets/KaTeX_SansSerif-Bold-DbIhKOiC.woff                        14.40 kB
.output/public/assets/ibm-plex-mono-latin-400-normal-DMJ8VG8y.woff2             14.70 kB
.output/public/assets/ibm-plex-mono-latin-500-normal-DSY6xOcd.woff2             14.88 kB
.output/public/assets/KaTeX_Typewriter-Regular-C0xS9mPB.woff                    16.02 kB
.output/public/assets/KaTeX_Math-BoldItalic-CZnvNsCZ.woff2                      16.40 kB
.output/public/assets/KaTeX_Math-Italic-t53AETM-.woff2                          16.44 kB
.output/public/assets/KaTeX_Script-Regular-C5JkGWo-.ttf                         16.64 kB
.output/public/assets/github-snapshot-B5ShAIb_.json                             16.68 kB │ gzip:   4.58 kB
.output/public/assets/KaTeX_Main-BoldItalic-DxDJ3AOS.woff2                      16.78 kB
.output/public/assets/KaTeX_Main-Italic-NWA7e6Wa.woff2                          16.98 kB
.output/public/assets/KaTeX_Math-BoldItalic-iY-2wyZ7.woff                       18.66 kB
.output/public/assets/KaTeX_Math-Italic-DA0__PXp.woff                           18.74 kB
.output/public/assets/space-grotesk-latin-ext-wght-normal-D9tNdqV9.woff2        18.94 kB
.output/public/assets/KaTeX_Main-BoldItalic-SpSLRI95.woff                       19.41 kB
.output/public/assets/KaTeX_SansSerif-Regular-BNo7hRIc.ttf                      19.43 kB
.output/public/assets/ibm-plex-sans-greek-wght-normal-CmyJS8uq.woff2            19.50 kB
.output/public/assets/KaTeX_Fraktur-Regular-CB_wures.ttf                        19.57 kB
.output/public/assets/KaTeX_Fraktur-Bold-BdnERNNW.ttf                           19.58 kB
.output/public/assets/KaTeX_Main-Italic-BMLOBm91.woff                           19.67 kB
.output/public/assets/space-grotesk-latin-wght-normal-BhU9QXUp.woff2            22.28 kB
.output/public/assets/KaTeX_SansSerif-Italic-YYjJ1zSn.ttf                       22.36 kB
.output/public/assets/ibm-plex-sans-cyrillic-ext-wght-normal-d45eAU9y.woff2     23.56 kB
.output/public/assets/KaTeX_SansSerif-Bold-CFMepnvq.ttf                         24.50 kB
.output/public/assets/KaTeX_Main-Bold-Cx986IdX.woff2                            25.32 kB
.output/public/assets/KaTeX_Main-Regular-B22Nviop.woff2                         26.27 kB
.output/public/assets/KaTeX_Typewriter-Regular-D3Ib7_Hf.ttf                     27.55 kB
.output/public/assets/KaTeX_AMS-Regular-BQhdFMY1.woff2                          28.07 kB
.output/public/assets/search-catalog-ZiJLYfq6.json                              28.66 kB │ gzip:   7.71 kB
.output/public/assets/ibm-plex-sans-cyrillic-wght-normal-BAAhND-U.woff2         29.51 kB
.output/public/assets/KaTeX_Main-Bold-Jm3AIy58.woff                             29.91 kB
.output/public/assets/KaTeX_Main-Regular-Dr94JaBh.woff                          30.77 kB
.output/public/assets/ibm-plex-sans-latin-ext-wght-normal-CIII54If.woff2        30.96 kB
.output/public/assets/KaTeX_Math-BoldItalic-B3XSjfu4.ttf                        31.19 kB
.output/public/assets/KaTeX_Math-Italic-flOr_0UB.ttf                            31.30 kB
.output/public/assets/KaTeX_Main-BoldItalic-DzxPMmG6.ttf                        32.96 kB
.output/public/assets/KaTeX_AMS-Regular-DMm9YOAa.woff                           33.51 kB
.output/public/assets/KaTeX_Main-Italic-3WenGoN9.ttf                            33.58 kB
.output/public/assets/ibm-plex-sans-latin-wght-normal-IvpUvPa2.woff2            45.71 kB
.output/public/assets/KaTeX_Main-Bold-waoOVXN0.ttf                              51.33 kB
.output/public/assets/KaTeX_Main-Regular-ypZvNtVU.ttf                           53.58 kB
.output/public/assets/KaTeX_AMS-Regular-DRggAlZN.ttf                            63.63 kB
.output/public/assets/index-DteWe6pi.css                                         1.52 kB │ gzip:   0.64 kB
.output/public/assets/routes-DeO_NU79.css                                        1.87 kB │ gzip:   0.64 kB
.output/public/assets/showcase-llw1aQNk.css                                      3.75 kB │ gzip:   1.23 kB
.output/public/assets/narration-1Utg-L48.css                                     4.30 kB │ gzip:   1.39 kB
.output/public/assets/math-DzFXvcrH.css                                         29.79 kB │ gzip:   7.97 kB
.output/public/assets/styles-BoezJzpw.css                                      109.97 kB │ gzip:  18.61 kB
.output/public/assets/middleware-cb2ZFjFN.js                                     0.07 kB │ gzip:   0.09 kB
.output/public/assets/github-readmes-CjKYd-Ir.js                                 0.09 kB │ gzip:   0.10 kB
.output/public/assets/utils-DNHCqpmw.js                                          0.16 kB │ gzip:   0.14 kB
.output/public/assets/route-frame-DkfaN5k8.js                                    0.18 kB │ gzip:   0.16 kB
.output/public/assets/signup-BN8WdWEE.js                                         0.23 kB │ gzip:   0.20 kB
.output/public/assets/local-store-Bf16uB-S.js                                    0.23 kB │ gzip:   0.17 kB
.output/public/assets/github-snapshot-B1xvd0p5.js                                0.28 kB │ gzip:   0.23 kB
.output/public/assets/CinematicFallback-W5LjPUTi.js                              0.28 kB │ gzip:   0.24 kB
.output/public/assets/dist-DNByaAgS.js                                           0.33 kB │ gzip:   0.26 kB
.output/public/assets/ai-Bq8MhKW4.js                                             0.40 kB │ gzip:   0.31 kB
.output/public/assets/useNavigate-Co69Y0sh.js                                    0.42 kB │ gzip:   0.28 kB
.output/public/assets/textarea-Zu8Ux9FZ.js                                       0.43 kB │ gzip:   0.27 kB
.output/public/assets/input-CKgbz89G.js                                          0.45 kB │ gzip:   0.28 kB
.output/public/assets/renderer-DLIn1951.js                                       0.47 kB │ gzip:   0.25 kB
.output/public/assets/dist-CX9EVzTo.js                                           0.53 kB │ gzip:   0.38 kB
.output/public/assets/wdbx-facts-r1m4TI-S.js                                     0.53 kB │ gzip:   0.30 kB
.output/public/assets/invariant-BeDuhpwN.js                                      0.56 kB │ gzip:   0.32 kB
.output/public/assets/label-DViVZFsc.js                                          0.58 kB │ gzip:   0.39 kB
.output/public/assets/auth-slot-live-3p8mznNq.js                                 0.59 kB │ gzip:   0.38 kB
.output/public/assets/toaster-Ca8kmCZn.js                                        0.64 kB │ gzip:   0.42 kB
.output/public/assets/useMatch-C2XrH1_1.js                                       0.64 kB │ gzip:   0.40 kB
.output/public/assets/dist-B7eqb2s1.js                                           0.68 kB │ gzip:   0.43 kB
.output/public/assets/commerce-DGmPMjOv.js                                       0.71 kB │ gzip:   0.42 kB
.output/public/assets/rolldown-runtime-hePW80VL.js                               0.71 kB │ gzip:   0.42 kB
.output/public/assets/crumbs-CaWtdHUE.js                                         0.77 kB │ gzip:   0.43 kB
.output/public/assets/source-DISGWVQ6.js                                         0.77 kB │ gzip:   0.48 kB
.output/public/assets/separator-CwUzMBV0.js                                      0.82 kB │ gzip:   0.49 kB
.output/public/assets/projects-DM0FxbUW.js                                       0.83 kB │ gzip:   0.51 kB
.output/public/assets/cell-machine-CPuNh0OR.js                                   0.84 kB │ gzip:   0.51 kB
.output/public/assets/workspace-BuSVrTLe.js                                      0.86 kB │ gzip:   0.52 kB
.output/public/assets/site-identity-CT43kLPf.js                                  0.87 kB │ gzip:   0.45 kB
.output/public/assets/math-CFQt9gF9.js                                           0.87 kB │ gzip:   0.52 kB
.output/public/assets/showcase.design-DcceNakw.js                                1.07 kB │ gzip:   0.58 kB
.output/public/assets/unauthorized-Ct32jJA5.js                                   1.12 kB │ gzip:   0.60 kB
.output/public/assets/status-badge-RuJfnzQH.js                                   1.13 kB │ gzip:   0.59 kB
.output/public/assets/research.implementations-D_0NPUs9.js                       1.16 kB │ gzip:   0.62 kB
.output/public/assets/film-D95hqhVM.js                                           1.20 kB │ gzip:   0.52 kB
.output/public/assets/login-D2LgY_Kj.js                                          1.24 kB │ gzip:   0.70 kB
.output/public/assets/showcase.abbey-CZX5RRZS.js                                 1.24 kB │ gzip:   0.68 kB
.output/public/assets/showcase.trailer-DBKXubQr.js                               1.24 kB │ gzip:   0.68 kB
.output/public/assets/gama-DVO3N43Z.js                                           1.27 kB │ gzip:   0.74 kB
.output/public/assets/showcase.film-j74QFCEn.js                                  1.29 kB │ gzip:   0.70 kB
.output/public/assets/showcase.mega-CNo5nrP7.js                                  1.33 kB │ gzip:   0.72 kB
.output/public/assets/apps-Dqz9HbMA.js                                           1.33 kB │ gzip:   0.70 kB
.output/public/assets/use-github-data-CzhVwuKb.js                                1.35 kB │ gzip:   0.76 kB
.output/public/assets/projects._slug-BYhJRi8-.js                                 1.36 kB │ gzip:   0.65 kB
.output/public/assets/showcase.explainer-BKl6byNM.js                             1.37 kB │ gzip:   0.74 kB
.output/public/assets/plugins-pr0d7D2G.js                                        1.38 kB │ gzip:   0.73 kB
.output/public/assets/investor-f6cjAOwQ.js                                       1.44 kB │ gzip:   0.67 kB
.output/public/assets/math-article-BXX4dHP7.js                                   1.44 kB │ gzip:   0.66 kB
.output/public/assets/audit-view-DqwachA3.js                                     1.46 kB │ gzip:   0.60 kB
.output/public/assets/server-only-notice-CGe_fLH4.js                             1.47 kB │ gzip:   0.63 kB
.output/public/assets/companion-Bb5BYck5.js                                      1.68 kB │ gzip:   0.80 kB
.output/public/assets/tf-pose-demo-C_cjwdMp.js                                   1.69 kB │ gzip:   0.93 kB
.output/public/assets/section-BnRXh72y.js                                        1.69 kB │ gzip:   0.72 kB
.output/public/assets/research-nav-SjlOuwAw.js                                   1.72 kB │ gzip:   0.66 kB
.output/public/assets/blog-MYi3PdN4.js                                           1.74 kB │ gzip:   0.96 kB
.output/public/assets/button-aHd2POwC.js                                         1.74 kB │ gzip:   0.89 kB
.output/public/assets/docs-CW9jnqaq.js                                           1.78 kB │ gzip:   0.91 kB
.output/public/assets/article-kXiV-K5x.js                                        1.80 kB │ gzip:   0.78 kB
.output/public/assets/blog._slug-BbCQBvpF.js                                     1.81 kB │ gzip:   0.92 kB
.output/public/assets/get-started-G-TqWmLJ.js                                    1.92 kB │ gzip:   0.93 kB
.output/public/assets/docs._slug-B54YAJZw.js                                     1.96 kB │ gzip:   0.97 kB
.output/public/assets/gates-B2Hok9rS.js                                          1.98 kB │ gzip:   0.86 kB
.output/public/assets/mlai-mark-CSA_rngJ.js                                      1.98 kB │ gzip:   1.05 kB
.output/public/assets/skill-creator-DeXNlZR3.js                                  2.00 kB │ gzip:   1.00 kB
.output/public/assets/frame-gate-BTudWLp-.js                                     2.01 kB │ gzip:   0.89 kB
.output/public/assets/about-BlhJegVF.js                                          2.02 kB │ gzip:   0.93 kB
.output/public/assets/cell-machine-CI1UmAD5.js                                   2.05 kB │ gzip:   1.06 kB
.output/public/assets/terms-DmpyG377.js                                          2.07 kB │ gzip:   1.03 kB
.output/public/assets/primitives-B7UvSUIk.js                                     2.07 kB │ gzip:   1.01 kB
.output/public/assets/source._name-DOAOIX-w.js                                   2.07 kB │ gzip:   1.02 kB
.output/public/assets/research.implementations._slug-C3gLHfRf.js                 2.12 kB │ gzip:   0.96 kB
.output/public/assets/benchmarks-Cw54DoSl.js                                     2.18 kB │ gzip:   1.03 kB
.output/public/assets/console-SP2pbBQE.js                                        2.27 kB │ gzip:   1.12 kB
.output/public/assets/fx-BzKxEr8Y.js                                             2.36 kB │ gzip:   1.11 kB
.output/public/assets/about-ifSEGWsD.js                                          2.36 kB │ gzip:   1.17 kB
.output/public/assets/persona-router-CE9ysZpV.js                                 2.51 kB │ gzip:   1.27 kB
.output/public/assets/security-fx84BRNz.js                                       2.70 kB │ gzip:   1.22 kB
.output/public/assets/wdbx-Bd8pu0zl.js                                           2.70 kB │ gzip:   1.28 kB
.output/public/assets/quasar.sites-D2E3oEbC.js                                   2.73 kB │ gzip:   1.23 kB
.output/public/assets/team-D8Yirjt4.js                                           2.77 kB │ gzip:   1.13 kB
.output/public/assets/products-r-7RRpnA.js                                       2.85 kB │ gzip:   1.11 kB
.output/public/assets/dist-CQYBeyIK.js                                           2.93 kB │ gzip:   1.30 kB
.output/public/assets/projects-CoW18ATB.js                                       3.03 kB │ gzip:   1.33 kB
.output/public/assets/surfaces-DOc66x25.js                                       3.08 kB │ gzip:   1.30 kB
.output/public/assets/abbey-bot-DKcPcmUe.js                                      3.11 kB │ gzip:   1.54 kB
.output/public/assets/tabs-CF69QuHR.js                                           3.11 kB │ gzip:   1.38 kB
.output/public/assets/quasar.new-DUk2ENf-.js                                     3.13 kB │ gzip:   1.54 kB
.output/public/assets/research-topics-BrS0dSPz.js                                3.16 kB │ gzip:   1.34 kB
.output/public/assets/use-ai-consent-Bqet3md2.js                                 3.23 kB │ gzip:   1.47 kB
.output/public/assets/privacy-KrRRGfSE.js                                        3.70 kB │ gzip:   1.69 kB
.output/public/assets/products._slug-po-eJdd6.js                                 3.74 kB │ gzip:   1.47 kB
.output/public/assets/product-journeys-C3xjRD2V.js                               3.79 kB │ gzip:   1.52 kB
.output/public/assets/capture-CuU90xA6.js                                        3.81 kB │ gzip:   1.80 kB
.output/public/assets/company-C73PgD5X.js                                        3.86 kB │ gzip:   1.61 kB
.output/public/assets/route-xnTA09fH.js                                          3.89 kB │ gzip:   1.20 kB
.output/public/assets/react-dom-hf6EcyAr.js                                      3.90 kB │ gzip:   1.42 kB
.output/public/assets/mobile-D4U87ulx.js                                         3.96 kB │ gzip:   1.75 kB
.output/public/assets/sharding-latency-demo-CBUHug3t.js                          3.97 kB │ gzip:   1.56 kB
.output/public/assets/title-Bjj-8meK.js                                          3.97 kB │ gzip:   1.56 kB
.output/public/assets/explainer-BvbxqhOW.js                                      4.13 kB │ gzip:   1.78 kB
.output/public/assets/dist-Dsc_I318.js                                           4.29 kB │ gzip:   1.87 kB
.output/public/assets/team._slug-DizkrkJJ.js                                     4.35 kB │ gzip:   1.66 kB
.output/public/assets/workspace-app-CPMsD04G.js                                  4.39 kB │ gzip:   1.85 kB
.output/public/assets/research-DCCW7-FC.js                                       4.49 kB │ gzip:   1.76 kB
.output/public/assets/github-data-s_yv0E6f.js                                    4.52 kB │ gzip:   1.90 kB
.output/public/assets/abi-vseFaiYL.js                                            4.63 kB │ gzip:   2.05 kB
.output/public/assets/dist-B-J5bP7_.js                                           4.70 kB │ gzip:   1.87 kB
.output/public/assets/abbey-B2kzFG7c.js                                          4.85 kB │ gzip:   2.06 kB
.output/public/assets/dist-jSYT3pLF.js                                           4.92 kB │ gzip:   1.77 kB
.output/public/assets/dashboard-Bn2p9bWk.js                                      4.94 kB │ gzip:   2.09 kB
.output/public/assets/header-menus-CFOR1QuA.js                                   5.22 kB │ gzip:   1.90 kB
.output/public/assets/developers-XiNKfOMn.js                                     5.29 kB │ gzip:   2.24 kB
.output/public/assets/team-CTXKmsxl.js                                           5.43 kB │ gzip:   2.43 kB
.output/public/assets/client-experience-Dy8n3odB.js                              5.51 kB │ gzip:   2.21 kB
.output/public/assets/radio-group-4D6B3szl.js                                    5.54 kB │ gzip:   2.25 kB
.output/public/assets/dist-ngVKbItJ.js                                           5.81 kB │ gzip:   2.07 kB
.output/public/assets/research._slug-CBh7dVNx.js                                 5.87 kB │ gzip:   1.89 kB
.output/public/assets/quasar.settings-BKPK-Jek.js                                5.97 kB │ gzip:   2.36 kB
.output/public/assets/links-CrFzLp4V.js                                          6.11 kB │ gzip:   2.22 kB
.output/public/assets/tf-pose-demo-CWm8S0gT.js                                   6.11 kB │ gzip:   2.69 kB
.output/public/assets/abi-runtime-rPGn2hVs.js                                    6.16 kB │ gzip:   2.48 kB
.output/public/assets/services-DZM7Qrsn.js                                       6.93 kB │ gzip:   2.34 kB
.output/public/assets/architecture-DxQIWNpO.js                                   6.99 kB │ gzip:   2.58 kB
.output/public/assets/design-CvnPQ0Ca.js                                         7.03 kB │ gzip:   2.79 kB
.output/public/assets/dist-_aAQByE6.js                                           7.36 kB │ gzip:   2.68 kB
.output/public/assets/products-Des8JDCO.js                                       7.54 kB │ gzip:   3.34 kB
.output/public/assets/quesar-BLiuDA0l.js                                         7.77 kB │ gzip:   3.28 kB
.output/public/assets/jsx-runtime-BNakU3Ej.js                                    8.24 kB │ gzip:   3.11 kB
.output/public/assets/changelog-ByA8hlRq.js                                      8.27 kB │ gzip:   3.54 kB
.output/public/assets/architecture-4errkdfV.js                                   8.28 kB │ gzip:   3.27 kB
.output/public/assets/tooltip-C6oIflP6.js                                        8.52 kB │ gzip:   3.17 kB
.output/public/assets/quasar.site._id-yuIJtlZu.js                                8.63 kB │ gzip:   3.25 kB
.output/public/assets/contact-BJuDMO-9.js                                        8.95 kB │ gzip:   3.53 kB
.output/public/assets/trailer-CvfRUBnQ.js                                        9.39 kB │ gzip:   3.65 kB
.output/public/assets/platform-BpaeWTc4.js                                       9.66 kB │ gzip:   3.37 kB
.output/public/assets/admin-tXnG8ZiV.js                                         10.02 kB │ gzip:   3.33 kB
.output/public/assets/trailer-ChPQJLk4.js                                       10.19 kB │ gzip:   3.63 kB
.output/public/assets/lab-CZ1JLYSj.js                                           10.58 kB │ gzip:   3.64 kB
.output/public/assets/link-DVdUVM_8.js                                          11.27 kB │ gzip:   4.97 kB
.output/public/assets/repo-list-DZQeV-QN.js                                     11.41 kB │ gzip:   4.17 kB
.output/public/assets/abbey-KrmXwvVY.js                                         12.29 kB │ gzip:   4.45 kB
.output/public/assets/catalog-ezmvKkhL.js                                       12.33 kB │ gzip:   4.36 kB
.output/public/assets/dropdown-menu-CPmRSeBK.js                                 12.65 kB │ gzip:   4.44 kB
.output/public/assets/use-tweaks-B8X210Vn.js                                    13.60 kB │ gzip:   4.29 kB
.output/public/assets/ShowcaseBoard-CQq-hVBt.js                                 13.61 kB │ gzip:   4.75 kB
.output/public/assets/search-panel-CThm_7UP.js                                  13.92 kB │ gzip:   5.49 kB
.output/public/assets/shared-CU4CE5-X.js                                        14.07 kB │ gzip:   5.40 kB
.output/public/assets/HeroBoard-4OYjOIUN.js                                     14.24 kB │ gzip:   5.17 kB
.output/public/assets/journey-rail-LODTy7h8.js                                  14.59 kB │ gzip:   4.62 kB
.output/public/assets/research-context-CxKjuQyN.js                              16.24 kB │ gzip:   6.55 kB
.output/public/assets/seedrandom-i4D6t76d.js                                    16.41 kB │ gzip:   5.26 kB
.output/public/assets/profile-DA-Yih0Z.js                                       16.43 kB │ gzip:   5.31 kB
.output/public/assets/financial-model-TQZlEVJq.js                               16.55 kB │ gzip:   5.12 kB
.output/public/assets/demo-DlFmpY9E.js                                          16.82 kB │ gzip:   6.65 kB
.output/public/assets/console.workspace-lXkTbnz4.js                             16.92 kB │ gzip:   6.15 kB
.output/public/assets/Combination-D6nkCgGT.js                                   16.94 kB │ gzip:   6.48 kB
.output/public/assets/Docs-YNGwq5Bs.js                                          19.68 kB │ gzip:   6.23 kB
.output/public/assets/LabBoard-U5xfkuaX.js                                      19.73 kB │ gzip:   6.90 kB
.output/public/assets/mega-DQnf9xIj.js                                          19.99 kB │ gzip:   6.91 kB
.output/public/assets/outro-B5x7Ha8b.js                                         20.12 kB │ gzip:   5.88 kB
.output/public/assets/routes-DEpRDiHi.js                                        20.92 kB │ gzip:   6.57 kB
.output/public/assets/BrandBoard-Bvsw3dev.js                                    22.86 kB │ gzip:   6.67 kB
.output/public/assets/pages-cU5TIBqd.js                                         23.18 kB │ gzip:   8.75 kB
.output/public/assets/dist-B2YEMxeU.js                                          25.70 kB │ gzip:   9.97 kB
.output/public/assets/Console-G56_R79O.js                                       28.15 kB │ gzip:   8.12 kB
.output/public/assets/Marketing-BjFq__YG.js                                     29.82 kB │ gzip:   8.62 kB
.output/public/assets/showcase-bfT0yXYJ.js                                      29.93 kB │ gzip:   6.21 kB
.output/public/assets/docs-hub-DJutVbis.js                                      30.27 kB │ gzip:  10.60 kB
.output/public/assets/dist-35_2mp6M.js                                          33.59 kB │ gzip:   9.37 kB
.output/public/assets/beats-6A8SD46e.js                                         39.21 kB │ gzip:  12.02 kB
.output/public/assets/narration-DB62P9vh.js                                     40.02 kB │ gzip:  14.69 kB
.output/public/assets/blog-BBNhdNS7.js                                          44.14 kB │ gzip:  16.90 kB
.output/public/assets/use-current-user-BGbLyBla.js                              45.94 kB │ gzip:  16.05 kB
.output/public/assets/console-CkmuzGOF.js                                       47.65 kB │ gzip:  15.98 kB
.output/public/assets/DesignBoard-BkZDKCi9.js                                   48.36 kB │ gzip:  13.70 kB
.output/public/assets/film-collection-DcPjQQBP.js                               51.65 kB │ gzip:   7.72 kB
.output/public/assets/schemas-tC-8nePI.js                                       86.23 kB │ gzip:  24.50 kB
.output/public/assets/research-B1v7vamp.js                                      93.29 kB │ gzip:  20.87 kB
.output/public/assets/katex-BHxplFoT.js                                        259.16 kB │ gzip:  77.74 kB
.output/public/assets/posenet.esm-Dws3Euhw.js                                  358.88 kB │ gzip:  95.64 kB
.output/public/assets/investors-BgtHLl2d.js                                    359.75 kB │ gzip: 104.11 kB
.output/public/assets/index-DpAwvm5B.js                                        429.55 kB │ gzip: 137.31 kB
.output/public/assets/dist-pxA6Vjf1.js                                       1,520.88 kB │ gzip: 399.49 kB

[plugin builtin:vite-reporter] 
(!) Some chunks are larger than 500 kB after minification. Consider:
- Using dynamic import() to code-split the application
- Use build.rolldownOptions.output.codeSplitting to improve chunking: https://rolldown.rs/reference/OutputOptions.codeSplitting
- Adjust chunk size limit for this warning via build.chunkSizeWarningLimit.
✓ built in 3.90s
vite v8.3.1 building ssr environment for static...
transforming...
[plugin tanstack-start-core::server-fn:ssr] /Users/donaldfilimon/dev/active/quesar.cloud/src/lib/commerce.ts?tss-serverfn-split:6:33 createServerFn().inputValidator() is deprecated. Use createServerFn().validator() instead.
[plugin tanstack-start-core::server-fn:ssr] /Users/donaldfilimon/dev/active/quesar.cloud/src/lib/commerce.ts?tss-serverfn-split:23:36 createServerFn().inputValidator() is deprecated. Use createServerFn().validator() instead.
[plugin tanstack-start-core::server-fn:ssr] /Users/donaldfilimon/dev/active/quesar.cloud/src/lib/commerce.ts?tss-serverfn-split:30:41 createServerFn().inputValidator() is deprecated. Use createServerFn().validator() instead.
[plugin tanstack-start-core::server-fn:ssr] /Users/donaldfilimon/dev/active/quesar.cloud/src/lib/commerce.ts:6:33 createServerFn().inputValidator() is deprecated. Use createServerFn().validator() instead.
[plugin tanstack-start-core::server-fn:ssr] /Users/donaldfilimon/dev/active/quesar.cloud/src/lib/commerce.ts:23:36 createServerFn().inputValidator() is deprecated. Use createServerFn().validator() instead.
[plugin tanstack-start-core::server-fn:ssr] /Users/donaldfilimon/dev/active/quesar.cloud/src/lib/commerce.ts:30:41 createServerFn().inputValidator() is deprecated. Use createServerFn().validator() instead.
✓ 637 modules transformed.
rendering chunks...
computing gzip size...
node_modules/.nitro/vite/services/ssr/assets/KaTeX_Size3-Regular-CTq5MqoE.woff                        4.42 kB
node_modules/.nitro/vite/services/ssr/assets/KaTeX_Size4-Regular-Dl5lxZxV.woff2                       4.92 kB
node_modules/.nitro/vite/services/ssr/assets/KaTeX_Size2-Regular-Dy4dx90m.woff2                       5.20 kB
node_modules/.nitro/vite/services/ssr/assets/KaTeX_Size1-Regular-mCD8mA8B.woff2                       5.46 kB
node_modules/.nitro/vite/services/ssr/assets/ibm-plex-mono-vietnamese-500-normal-C8zxqsMH.woff        5.61 kB
node_modules/.nitro/vite/services/ssr/assets/ibm-plex-mono-vietnamese-400-normal-DDuiU_S-.woff        5.62 kB
node_modules/.nitro/vite/services/ssr/assets/ibm-plex-mono-cyrillic-ext-500-normal-BIfNGwUT.woff      5.77 kB
node_modules/.nitro/vite/services/ssr/assets/ibm-plex-mono-cyrillic-ext-400-normal-DMdlQ8Kv.woff      5.82 kB
node_modules/.nitro/vite/services/ssr/assets/ibm-plex-mono-vietnamese-400-normal-BulugwFq.woff2       5.86 kB
node_modules/.nitro/vite/services/ssr/assets/KaTeX_Size4-Regular-BF-4gkZK.woff                        5.98 kB
node_modules/.nitro/vite/services/ssr/assets/ibm-plex-mono-vietnamese-500-normal-DZ4AoWbu.woff2       6.04 kB
node_modules/.nitro/vite/services/ssr/assets/KaTeX_Size2-Regular-oD1tc_U0.woff                        6.18 kB
node_modules/.nitro/vite/services/ssr/assets/KaTeX_Size1-Regular-C195tn64.woff                        6.49 kB
node_modules/.nitro/vite/services/ssr/assets/space-grotesk-vietnamese-wght-normal-D0rl6rjA.woff2      6.71 kB
node_modules/.nitro/vite/services/ssr/assets/KaTeX_Caligraphic-Regular-Di6jR-x-.woff2                 6.90 kB
node_modules/.nitro/vite/services/ssr/assets/KaTeX_Caligraphic-Bold-Dq_IR9rO.woff2                    6.91 kB
node_modules/.nitro/vite/services/ssr/assets/ibm-plex-mono-cyrillic-ext-400-normal-xuaO2J-f.woff2     6.91 kB
node_modules/.nitro/vite/services/ssr/assets/ibm-plex-mono-cyrillic-ext-500-normal-BqneJy0T.woff2     6.97 kB
node_modules/.nitro/vite/services/ssr/assets/ibm-plex-mono-cyrillic-400-normal-CEL4l2ZJ.woff          7.20 kB
node_modules/.nitro/vite/services/ssr/assets/ibm-plex-mono-cyrillic-500-normal-Ael50iVv.woff          7.20 kB
node_modules/.nitro/vite/services/ssr/assets/KaTeX_Size3-Regular-DgpXs0kz.ttf                         7.58 kB
node_modules/.nitro/vite/services/ssr/assets/KaTeX_Caligraphic-Regular-CTRA-rTL.woff                  7.65 kB
node_modules/.nitro/vite/services/ssr/assets/KaTeX_Caligraphic-Bold-BEiXGLvX.woff                     7.71 kB
node_modules/.nitro/vite/services/ssr/assets/ibm-plex-mono-cyrillic-400-normal-BSMlKf0J.woff2         8.35 kB
node_modules/.nitro/vite/services/ssr/assets/ibm-plex-mono-cyrillic-500-normal-Bq9vWWag.woff2         8.46 kB
node_modules/.nitro/vite/services/ssr/assets/KaTeX_Script-Regular-D3wIWfF6.woff2                      9.64 kB
node_modules/.nitro/vite/services/ssr/assets/KaTeX_SansSerif-Regular-DDBCnlJ7.woff2                  10.34 kB
node_modules/.nitro/vite/services/ssr/assets/KaTeX_Size4-Regular-DWFBv043.ttf                        10.36 kB
node_modules/.nitro/vite/services/ssr/assets/KaTeX_Script-Regular-D5yQViql.woff                      10.58 kB
node_modules/.nitro/vite/services/ssr/assets/KaTeX_Fraktur-Regular-CTYiF6lA.woff2                    11.31 kB
node_modules/.nitro/vite/services/ssr/assets/KaTeX_Fraktur-Bold-CL6g_b3V.woff2                       11.34 kB
node_modules/.nitro/vite/services/ssr/assets/KaTeX_Size2-Regular-B7gKUWhC.ttf                        11.50 kB
node_modules/.nitro/vite/services/ssr/assets/ibm-plex-mono-latin-ext-400-normal-D3D2R8hC.woff        11.76 kB
node_modules/.nitro/vite/services/ssr/assets/ibm-plex-mono-latin-ext-500-normal-CZ70TYgx.woff        11.76 kB
node_modules/.nitro/vite/services/ssr/assets/KaTeX_SansSerif-Italic-C3H0VqGB.woff2                   12.02 kB
node_modules/.nitro/vite/services/ssr/assets/KaTeX_SansSerif-Bold-D1sUS0GD.woff2                     12.21 kB
node_modules/.nitro/vite/services/ssr/assets/KaTeX_Size1-Regular-Dbsnue_I.ttf                        12.22 kB
node_modules/.nitro/vite/services/ssr/assets/KaTeX_SansSerif-Regular-CS6fqUqJ.woff                   12.31 kB
node_modules/.nitro/vite/services/ssr/assets/KaTeX_Caligraphic-Regular-wX97UBjC.ttf                  12.34 kB
node_modules/.nitro/vite/services/ssr/assets/KaTeX_Caligraphic-Bold-ATXxdsX0.ttf                     12.36 kB
node_modules/.nitro/vite/services/ssr/assets/ibm-plex-mono-latin-400-normal-CvHOgSBP.woff            13.14 kB
node_modules/.nitro/vite/services/ssr/assets/ibm-plex-mono-latin-500-normal-CB9ihrfo.woff            13.15 kB
node_modules/.nitro/vite/services/ssr/assets/ibm-plex-sans-vietnamese-wght-normal-Dg1JeJN0.woff2     13.16 kB
node_modules/.nitro/vite/services/ssr/assets/KaTeX_Fraktur-Regular-Dxdc4cR9.woff                     13.20 kB
node_modules/.nitro/vite/services/ssr/assets/KaTeX_Fraktur-Bold-BsDP51OF.woff                        13.29 kB
node_modules/.nitro/vite/services/ssr/assets/ibm-plex-mono-latin-ext-400-normal-BmRBH3aV.woff2       13.34 kB
node_modules/.nitro/vite/services/ssr/assets/ibm-plex-mono-latin-ext-500-normal-CAhNIIs5.woff2       13.43 kB
node_modules/.nitro/vite/services/ssr/assets/KaTeX_Typewriter-Regular-CO6r4hn1.woff2                 13.56 kB
node_modules/.nitro/vite/services/ssr/assets/KaTeX_SansSerif-Italic-DN2j7dab.woff                    14.11 kB
node_modules/.nitro/vite/services/ssr/assets/KaTeX_SansSerif-Bold-DbIhKOiC.woff                      14.40 kB
node_modules/.nitro/vite/services/ssr/assets/ibm-plex-mono-latin-400-normal-DMJ8VG8y.woff2           14.70 kB
node_modules/.nitro/vite/services/ssr/assets/ibm-plex-mono-latin-500-normal-DSY6xOcd.woff2           14.88 kB
node_modules/.nitro/vite/services/ssr/assets/KaTeX_Typewriter-Regular-C0xS9mPB.woff                  16.02 kB
node_modules/.nitro/vite/services/ssr/assets/KaTeX_Math-BoldItalic-CZnvNsCZ.woff2                    16.40 kB
node_modules/.nitro/vite/services/ssr/assets/KaTeX_Math-Italic-t53AETM-.woff2                        16.44 kB
node_modules/.nitro/vite/services/ssr/assets/KaTeX_Script-Regular-C5JkGWo-.ttf                       16.64 kB
node_modules/.nitro/vite/services/ssr/assets/KaTeX_Main-BoldItalic-DxDJ3AOS.woff2                    16.78 kB
node_modules/.nitro/vite/services/ssr/assets/KaTeX_Main-Italic-NWA7e6Wa.woff2                        16.98 kB
node_modules/.nitro/vite/services/ssr/assets/KaTeX_Math-BoldItalic-iY-2wyZ7.woff                     18.66 kB
node_modules/.nitro/vite/services/ssr/assets/KaTeX_Math-Italic-DA0__PXp.woff                         18.74 kB
node_modules/.nitro/vite/services/ssr/assets/space-grotesk-latin-ext-wght-normal-D9tNdqV9.woff2      18.94 kB
node_modules/.nitro/vite/services/ssr/assets/KaTeX_Main-BoldItalic-SpSLRI95.woff                     19.41 kB
node_modules/.nitro/vite/services/ssr/assets/KaTeX_SansSerif-Regular-BNo7hRIc.ttf                    19.43 kB
node_modules/.nitro/vite/services/ssr/assets/ibm-plex-sans-greek-wght-normal-CmyJS8uq.woff2          19.50 kB
node_modules/.nitro/vite/services/ssr/assets/KaTeX_Fraktur-Regular-CB_wures.ttf                      19.57 kB
node_modules/.nitro/vite/services/ssr/assets/KaTeX_Fraktur-Bold-BdnERNNW.ttf                         19.58 kB
node_modules/.nitro/vite/services/ssr/assets/KaTeX_Main-Italic-BMLOBm91.woff                         19.67 kB
node_modules/.nitro/vite/services/ssr/assets/space-grotesk-latin-wght-normal-BhU9QXUp.woff2          22.28 kB
node_modules/.nitro/vite/services/ssr/assets/KaTeX_SansSerif-Italic-YYjJ1zSn.ttf                     22.36 kB
node_modules/.nitro/vite/services/ssr/assets/ibm-plex-sans-cyrillic-ext-wght-normal-d45eAU9y.woff2   23.56 kB
node_modules/.nitro/vite/services/ssr/assets/KaTeX_SansSerif-Bold-CFMepnvq.ttf                       24.50 kB
node_modules/.nitro/vite/services/ssr/assets/KaTeX_Main-Bold-Cx986IdX.woff2                          25.32 kB
node_modules/.nitro/vite/services/ssr/assets/KaTeX_Main-Regular-B22Nviop.woff2                       26.27 kB
node_modules/.nitro/vite/services/ssr/assets/KaTeX_Typewriter-Regular-D3Ib7_Hf.ttf                   27.55 kB
node_modules/.nitro/vite/services/ssr/assets/KaTeX_AMS-Regular-BQhdFMY1.woff2                        28.07 kB
node_modules/.nitro/vite/services/ssr/assets/search-catalog-ZiJLYfq6.json                            28.66 kB │ gzip:  7.71 kB
node_modules/.nitro/vite/services/ssr/assets/ibm-plex-sans-cyrillic-wght-normal-BAAhND-U.woff2       29.51 kB
node_modules/.nitro/vite/services/ssr/assets/KaTeX_Main-Bold-Jm3AIy58.woff                           29.91 kB
node_modules/.nitro/vite/services/ssr/assets/KaTeX_Main-Regular-Dr94JaBh.woff                        30.77 kB
node_modules/.nitro/vite/services/ssr/assets/ibm-plex-sans-latin-ext-wght-normal-CIII54If.woff2      30.96 kB
node_modules/.nitro/vite/services/ssr/assets/KaTeX_Math-BoldItalic-B3XSjfu4.ttf                      31.19 kB
node_modules/.nitro/vite/services/ssr/assets/KaTeX_Math-Italic-flOr_0UB.ttf                          31.30 kB
node_modules/.nitro/vite/services/ssr/assets/KaTeX_Main-BoldItalic-DzxPMmG6.ttf                      32.96 kB
node_modules/.nitro/vite/services/ssr/assets/KaTeX_AMS-Regular-DMm9YOAa.woff                         33.51 kB
node_modules/.nitro/vite/services/ssr/assets/KaTeX_Main-Italic-3WenGoN9.ttf                          33.58 kB
node_modules/.nitro/vite/services/ssr/assets/ibm-plex-sans-latin-wght-normal-IvpUvPa2.woff2          45.71 kB
node_modules/.nitro/vite/services/ssr/assets/KaTeX_Main-Bold-waoOVXN0.ttf                            51.33 kB
node_modules/.nitro/vite/services/ssr/assets/KaTeX_Main-Regular-ypZvNtVU.ttf                         53.58 kB
node_modules/.nitro/vite/services/ssr/assets/KaTeX_AMS-Regular-DRggAlZN.ttf                          63.63 kB
node_modules/.nitro/vite/services/ssr/assets/router-DteWe6pi.css                                      1.52 kB │ gzip:  0.64 kB
node_modules/.nitro/vite/services/ssr/assets/routes-DeO_NU79.css                                      1.87 kB │ gzip:  0.64 kB
node_modules/.nitro/vite/services/ssr/assets/showcase-llw1aQNk.css                                    3.75 kB │ gzip:  1.23 kB
node_modules/.nitro/vite/services/ssr/assets/narration-1Utg-L48.css                                   4.30 kB │ gzip:  1.39 kB
node_modules/.nitro/vite/services/ssr/assets/math-DzFXvcrH.css                                       29.79 kB │ gzip:  7.97 kB
node_modules/.nitro/vite/services/ssr/assets/styles-BoezJzpw.css                                    109.97 kB │ gzip: 18.61 kB
node_modules/.nitro/vite/services/ssr/assets/kysely-adapter-Cj_QZw5p.js                               0.05 kB │ gzip:  0.07 kB
node_modules/.nitro/vite/services/ssr/assets/empty-plugin-adapters-D9UWiqvJ.js                        0.22 kB │ gzip:  0.16 kB
node_modules/.nitro/vite/services/ssr/assets/env.server-1sC44DLZ.js                                   0.28 kB │ gzip:  0.22 kB
node_modules/.nitro/vite/services/ssr/assets/rolldown-runtime-BLEs9rMG.js                             0.35 kB │ gzip:  0.25 kB
node_modules/.nitro/vite/services/ssr/assets/label-BFPC-S52.js                                        0.36 kB │ gzip:  0.25 kB
node_modules/.nitro/vite/services/ssr/assets/createServerRpc-DPX_ndmm.js                              0.37 kB │ gzip:  0.25 kB
node_modules/.nitro/vite/services/ssr/assets/github-snapshot-DAte9VZ3.js                              0.37 kB │ gzip:  0.27 kB
node_modules/.nitro/vite/services/ssr/assets/signup-DSkbpx1l.js                                       0.38 kB │ gzip:  0.27 kB
node_modules/.nitro/vite/services/ssr/assets/github-readmes-BvJTf_O_.js                               0.39 kB │ gzip:  0.29 kB
node_modules/.nitro/vite/services/ssr/assets/route-frame-CfIMeORX.js                                  0.42 kB │ gzip:  0.29 kB
node_modules/.nitro/vite/services/ssr/assets/local-store-DO6qwhjW.js                                  0.45 kB │ gzip:  0.25 kB
node_modules/.nitro/vite/services/ssr/assets/utils-BEnn8gPD.js                                        0.46 kB │ gzip:  0.30 kB
node_modules/.nitro/vite/services/ssr/assets/showcase.design-D9Alv00j.js                              0.50 kB │ gzip:  0.30 kB
node_modules/.nitro/vite/services/ssr/assets/createSsrRpc-BUUEN0qI.js                                 0.50 kB │ gzip:  0.32 kB
node_modules/.nitro/vite/services/ssr/assets/CinematicFallback-DFzTsi4L.js                            0.50 kB │ gzip:  0.36 kB
node_modules/.nitro/vite/services/ssr/assets/textarea-CU-toX6i.js                                     0.53 kB │ gzip:  0.33 kB
node_modules/.nitro/vite/services/ssr/assets/separator-CfBBGVNK.js                                    0.54 kB │ gzip:  0.34 kB
node_modules/.nitro/vite/services/ssr/assets/input-CPAlXaTb.js                                        0.54 kB │ gzip:  0.34 kB
node_modules/.nitro/vite/services/ssr/assets/showcase.film-D1V8AWGR.js                                0.64 kB │ gzip:  0.37 kB
node_modules/.nitro/vite/services/ssr/assets/showcase.mega-Cg7WiXtu.js                                0.64 kB │ gzip:  0.36 kB
node_modules/.nitro/vite/services/ssr/assets/showcase.abbey-DaQWgUWp.js                               0.65 kB │ gzip:  0.37 kB
node_modules/.nitro/vite/services/ssr/assets/showcase.trailer-Dc0TmmIH.js                             0.66 kB │ gzip:  0.37 kB
node_modules/.nitro/vite/services/ssr/assets/github-B8BMQ_OK.js                                       0.67 kB │ gzip:  0.38 kB
node_modules/.nitro/vite/services/ssr/assets/showcase.explainer-Ct23g4P6.js                           0.67 kB │ gzip:  0.37 kB
node_modules/.nitro/vite/services/ssr/assets/architecture-node-ids-DEbxuF-1.js                        0.68 kB │ gzip:  0.42 kB
node_modules/.nitro/vite/services/ssr/assets/radio-group-GnSJmmq6.js                                  0.73 kB │ gzip:  0.38 kB
node_modules/.nitro/vite/services/ssr/assets/methods-BuiIvEc_.js                                      0.74 kB │ gzip:  0.39 kB
node_modules/.nitro/vite/services/ssr/assets/renderer-B-ur6wyp.js                                     0.79 kB │ gzip:  0.36 kB
node_modules/.nitro/vite/services/ssr/assets/createMiddleware-DSe8_z3G.js                             0.82 kB │ gzip:  0.32 kB
node_modules/.nitro/vite/services/ssr/assets/toaster-6wGjEaEB.js                                      0.83 kB │ gzip:  0.47 kB
node_modules/.nitro/vite/services/ssr/assets/login-DzZEKd_U.js                                        0.86 kB │ gzip:  0.49 kB
node_modules/.nitro/vite/services/ssr/assets/ai-BoRm-Otm.js                                           0.98 kB │ gzip:  0.62 kB
node_modules/.nitro/vite/services/ssr/assets/tabs-BKgqh0Gz.js                                         1.00 kB │ gzip:  0.45 kB
node_modules/.nitro/vite/services/ssr/assets/tooltip-B94gklA6.js                                      1.01 kB │ gzip:  0.49 kB
node_modules/.nitro/vite/services/ssr/assets/site-identity-D6CVw-UA.js                                1.05 kB │ gzip:  0.52 kB
node_modules/.nitro/vite/services/ssr/assets/source-iTKXk1c9.js                                       1.10 kB │ gzip:  0.59 kB
node_modules/.nitro/vite/services/ssr/assets/auth-slot-live-BcJs7cy_.js                               1.14 kB │ gzip:  0.61 kB
node_modules/.nitro/vite/services/ssr/assets/crumbs-tmZTB1rv.js                                       1.15 kB │ gzip:  0.55 kB
node_modules/.nitro/vite/services/ssr/assets/seo-CFdfWgGz.js                                          1.18 kB │ gzip:  0.56 kB
node_modules/.nitro/vite/services/ssr/assets/cell-machine-C5P3jFgC.js                                 1.21 kB │ gzip:  0.61 kB
node_modules/.nitro/vite/services/ssr/assets/projects-Ba4lwNha.js                                     1.23 kB │ gzip:  0.63 kB
node_modules/.nitro/vite/services/ssr/assets/workspace-z8Ez2_6W.js                                    1.23 kB │ gzip:  0.62 kB
node_modules/.nitro/vite/services/ssr/assets/config-Cr8d1bJA.js                                       1.28 kB │ gzip:  0.67 kB
node_modules/.nitro/vite/services/ssr/assets/commerce-CrC0qrXJ.js                                     1.31 kB │ gzip:  0.60 kB
node_modules/.nitro/vite/services/ssr/assets/middleware-D-DxAbKH.js                                   1.36 kB │ gzip:  0.71 kB
node_modules/.nitro/vite/services/ssr/assets/tf-pose-demo-CkvQtzQY.js                                 1.39 kB │ gzip:  0.74 kB
node_modules/.nitro/vite/services/ssr/assets/dropdown-menu-BztvMuDs.js                                1.48 kB │ gzip:  0.56 kB
node_modules/.nitro/vite/services/ssr/assets/button-Bib5oMsK.js                                       1.49 kB │ gzip:  0.72 kB
node_modules/.nitro/vite/services/ssr/assets/csp-report.server-DZm7M7I0.js                            1.54 kB │ gzip:  0.87 kB
node_modules/.nitro/vite/services/ssr/assets/ai-DCjdeDSH.js                                           1.58 kB │ gzip:  0.88 kB
node_modules/.nitro/vite/services/ssr/assets/status-badge-4dXjxXPi.js                                 1.65 kB │ gzip:  0.78 kB
node_modules/.nitro/vite/services/ssr/assets/gama-BpnQjSnD.js                                         1.69 kB │ gzip:  0.86 kB
node_modules/.nitro/vite/services/ssr/assets/research.implementations-Clk0FcUe.js                     1.79 kB │ gzip:  0.79 kB
node_modules/.nitro/vite/services/ssr/assets/math-CX82An2A.js                                         1.82 kB │ gzip:  0.90 kB
node_modules/.nitro/vite/services/ssr/assets/profile-DYjOnfx_.js                                      1.82 kB │ gzip:  0.95 kB
node_modules/.nitro/vite/services/ssr/assets/unauthorized-CChlKO99.js                                 1.83 kB │ gzip:  0.86 kB
node_modules/.nitro/vite/services/ssr/assets/plugins-DKrD1OBL.js                                      1.92 kB │ gzip:  0.88 kB
node_modules/.nitro/vite/services/ssr/assets/apps-Cgn-8i-x.js                                         1.97 kB │ gzip:  0.86 kB
node_modules/.nitro/vite/services/ssr/assets/gate.server-hSFSpPx_.js                                  1.99 kB │ gzip:  0.95 kB
node_modules/.nitro/vite/services/ssr/assets/investor-BqCZh9O_.js                                     2.02 kB │ gzip:  0.80 kB
node_modules/.nitro/vite/services/ssr/assets/isolation.server-YShgMvKF.js                             2.07 kB │ gzip:  1.06 kB
node_modules/.nitro/vite/services/ssr/assets/mlai-mark-BHhtXIGB.js                                    2.07 kB │ gzip:  1.12 kB
node_modules/.nitro/vite/services/ssr/assets/use-github-data-BOFSH2rO.js                              2.09 kB │ gzip:  1.00 kB
node_modules/.nitro/vite/services/ssr/assets/billing-DpFwOIkx.js                                      2.12 kB │ gzip:  1.13 kB
node_modules/.nitro/vite/services/ssr/assets/server-only-notice-CZfxZqbV.js                           2.25 kB │ gzip:  0.87 kB
node_modules/.nitro/vite/services/ssr/assets/audit-view-CJ9W3NqP.js                                   2.25 kB │ gzip:  0.78 kB
node_modules/.nitro/vite/services/ssr/assets/companion-CZ4W2W-k.js                                    2.26 kB │ gzip:  0.95 kB
node_modules/.nitro/vite/services/ssr/assets/projects._slug-CWxCHeeB.js                               2.27 kB │ gzip:  0.87 kB
node_modules/.nitro/vite/services/ssr/assets/film-CGITwdCe.js                                         2.32 kB │ gzip:  0.82 kB
node_modules/.nitro/vite/services/ssr/assets/start-DzqRDR2S.js                                        2.36 kB │ gzip:  1.05 kB
node_modules/.nitro/vite/services/ssr/assets/math-article-sx5b0xSv.js                                 2.37 kB │ gzip:  0.98 kB
node_modules/.nitro/vite/services/ssr/assets/admin.server-EEFDcag3.js                                 2.39 kB │ gzip:  1.07 kB
node_modules/.nitro/vite/services/ssr/assets/inquiries.server-JtyH6R3i.js                             2.40 kB │ gzip:  1.06 kB
node_modules/.nitro/vite/services/ssr/assets/section-hBaY8F5j.js                                      2.40 kB │ gzip:  0.89 kB
node_modules/.nitro/vite/services/ssr/assets/telemetry.server-MyvJ_6lN.js                             2.40 kB │ gzip:  1.18 kB
node_modules/.nitro/vite/services/ssr/assets/workspace-CNj2aKuJ.js                                    2.41 kB │ gzip:  0.92 kB
node_modules/.nitro/vite/services/ssr/assets/journey-rail-Bu5_YJCj.js                                 2.41 kB │ gzip:  0.93 kB
node_modules/.nitro/vite/services/ssr/assets/rate-limit.server-YVd9DsfM.js                            2.44 kB │ gzip:  1.29 kB
node_modules/.nitro/vite/services/ssr/assets/blog-DN8xPp7E.js                                         2.45 kB │ gzip:  1.17 kB
node_modules/.nitro/vite/services/ssr/assets/research-nav-CVzHDqGf.js                                 2.51 kB │ gzip:  0.83 kB
node_modules/.nitro/vite/services/ssr/assets/turnstile.server-CwktM05R.js                             2.57 kB │ gzip:  1.21 kB
node_modules/.nitro/vite/services/ssr/assets/inquiry-rules-CZn0jrU0.js                                2.60 kB │ gzip:  1.10 kB
node_modules/.nitro/vite/services/ssr/assets/docs-BiEWonLm.js                                         2.60 kB │ gzip:  1.10 kB
node_modules/.nitro/vite/services/ssr/assets/article-DdePHb4S.js                                      2.62 kB │ gzip:  0.98 kB
node_modules/.nitro/vite/services/ssr/assets/terms-BnTvizVb.js                                        2.69 kB │ gzip:  1.18 kB
node_modules/.nitro/vite/services/ssr/assets/inquiries-CsnALPL4.js                                    2.76 kB │ gzip:  1.19 kB
node_modules/.nitro/vite/services/ssr/assets/blog._slug-RX_iNDK9.js                                   2.77 kB │ gzip:  1.16 kB
node_modules/.nitro/vite/services/ssr/assets/config.server-DgrCmSp-.js                                2.77 kB │ gzip:  1.33 kB
node_modules/.nitro/vite/services/ssr/assets/get-started-D0gzQsZj.js                                  2.82 kB │ gzip:  1.12 kB
node_modules/.nitro/vite/services/ssr/assets/primitives-CqbzVwx-.js                                   2.89 kB │ gzip:  1.27 kB
node_modules/.nitro/vite/services/ssr/assets/skill-creator-IPwcRJ64.js                                2.89 kB │ gzip:  1.18 kB
node_modules/.nitro/vite/services/ssr/assets/changelog-C3NK8-cr.js                                    2.90 kB │ gzip:  1.10 kB
node_modules/.nitro/vite/services/ssr/assets/csp-Bymcj9b2.js                                          2.90 kB │ gzip:  1.31 kB
node_modules/.nitro/vite/services/ssr/assets/methods.server-CeLMwuA7.js                               2.91 kB │ gzip:  1.22 kB
node_modules/.nitro/vite/services/ssr/assets/about-CggXMsvA.js                                        2.93 kB │ gzip:  1.34 kB
node_modules/.nitro/vite/services/ssr/assets/account-deletion.server-fjw76Vly.js                      2.99 kB │ gzip:  1.11 kB
node_modules/.nitro/vite/services/ssr/assets/verify.server-Cb-wwgXI.js                                3.00 kB │ gzip:  1.34 kB
node_modules/.nitro/vite/services/ssr/assets/readiness.server-yD7BMTDP.js                             3.02 kB │ gzip:  1.27 kB
node_modules/.nitro/vite/services/ssr/assets/about-gio4SZlg.js                                        3.09 kB │ gzip:  1.15 kB
node_modules/.nitro/vite/services/ssr/assets/telemetry-path-BIB8_hrS.js                               3.10 kB │ gzip:  1.51 kB
node_modules/.nitro/vite/services/ssr/assets/telemetry-routes.server-BmrK_C0L.js                      3.14 kB │ gzip:  0.83 kB
node_modules/.nitro/vite/services/ssr/assets/benchmarks-D-6iLrAo.js                                   3.14 kB │ gzip:  1.24 kB
node_modules/.nitro/vite/services/ssr/assets/feed-DZTN97RY.js                                         3.26 kB │ gzip:  1.43 kB
node_modules/.nitro/vite/services/ssr/assets/source._name-CA-yjJKB.js                                 3.28 kB │ gzip:  1.33 kB
node_modules/.nitro/vite/services/ssr/assets/docs._slug-DJvihtNb.js                                   3.30 kB │ gzip:  1.31 kB
node_modules/.nitro/vite/services/ssr/assets/projects-Pzfgx6I4.js                                     3.35 kB │ gzip:  1.39 kB
node_modules/.nitro/vite/services/ssr/assets/cell-machine-Cuwsxcxj.js                                 3.47 kB │ gzip:  1.37 kB
node_modules/.nitro/vite/services/ssr/assets/research.implementations._slug-DxKAoyx4.js               3.53 kB │ gzip:  1.26 kB
node_modules/.nitro/vite/services/ssr/assets/gates-CytHrYSo.js                                        3.54 kB │ gzip:  1.24 kB
node_modules/.nitro/vite/services/ssr/assets/fx-BDB4DYTt.js                                           3.55 kB │ gzip:  1.28 kB
node_modules/.nitro/vite/services/ssr/assets/security-ga67k6V6.js                                     3.61 kB │ gzip:  1.42 kB
node_modules/.nitro/vite/services/ssr/assets/persona-router-Dalxb58-.js                               3.67 kB │ gzip:  1.52 kB
node_modules/.nitro/vite/services/ssr/assets/systems-NZAg_N65.js                                      3.68 kB │ gzip:  1.67 kB
node_modules/.nitro/vite/services/ssr/assets/team-DzDX2QWG.js                                         3.77 kB │ gzip:  1.21 kB
node_modules/.nitro/vite/services/ssr/assets/wdbx-DUtjnTvJ.js                                         3.78 kB │ gzip:  1.49 kB
node_modules/.nitro/vite/services/ssr/assets/commerce-Bbrrq0K_.js                                     3.85 kB │ gzip:  1.08 kB
node_modules/.nitro/vite/services/ssr/assets/surfaces-D64CmIhS.js                                     3.88 kB │ gzip:  1.55 kB
node_modules/.nitro/vite/services/ssr/assets/research-topics-hOZQq2zY.js                              3.93 kB │ gzip:  1.55 kB
node_modules/.nitro/vite/services/ssr/assets/llm-7j5OcUWT.js                                          3.98 kB │ gzip:  1.44 kB
node_modules/.nitro/vite/services/ssr/assets/search-panel-DtaZ_tTS.js                                 4.17 kB │ gzip:  1.65 kB
node_modules/.nitro/vite/services/ssr/assets/products-BJIV_P8s.js                                     4.29 kB │ gzip:  1.35 kB
node_modules/.nitro/vite/services/ssr/assets/body-limit.server-Bwh4uWwg.js                            4.32 kB │ gzip:  2.08 kB
node_modules/.nitro/vite/services/ssr/assets/quasar.sites-Dzqk5DHo.js                                 4.37 kB │ gzip:  1.52 kB
node_modules/.nitro/vite/services/ssr/assets/frame-gate-B6jJUoan.js                                   4.49 kB │ gzip:  1.60 kB
node_modules/.nitro/vite/services/ssr/assets/use-ai-consent-CE1fBU4X.js                               4.69 kB │ gzip:  1.75 kB
node_modules/.nitro/vite/services/ssr/assets/privacy-bb4lg2Fr.js                                      4.71 kB │ gzip:  1.92 kB
node_modules/.nitro/vite/services/ssr/assets/crypto.server-BHUGmsmU.js                                4.72 kB │ gzip:  1.91 kB
node_modules/.nitro/vite/services/ssr/assets/product-journeys-_iCSGmPw.js                             4.73 kB │ gzip:  1.79 kB
node_modules/.nitro/vite/services/ssr/assets/abbey-bot-CkoRfgv6.js                                    4.86 kB │ gzip:  1.87 kB
node_modules/.nitro/vite/services/ssr/assets/billing-BK-dXj9_.js                                      5.01 kB │ gzip:  2.07 kB
node_modules/.nitro/vite/services/ssr/assets/quasar.new-Ck1U3qMC.js                                   5.06 kB │ gzip:  1.87 kB
node_modules/.nitro/vite/services/ssr/assets/console-CQMPSBz3.js                                      5.15 kB │ gzip:  2.04 kB
node_modules/.nitro/vite/services/ssr/assets/company-Cc43njI7.js                                      5.25 kB │ gzip:  1.86 kB
node_modules/.nitro/vite/services/ssr/assets/mobile-CVW7EE37.js                                       5.91 kB │ gzip:  2.15 kB
node_modules/.nitro/vite/services/ssr/assets/sharding-latency-demo-CB3TUfIC.js                        5.92 kB │ gzip:  1.89 kB
node_modules/.nitro/vite/services/ssr/assets/products._slug-CDeaARx0.js                               6.04 kB │ gzip:  1.94 kB
node_modules/.nitro/vite/services/ssr/assets/lab-DH2iq9ha.js                                          6.04 kB │ gzip:  1.76 kB
node_modules/.nitro/vite/services/ssr/assets/team._slug-f1mcPtMT.js                                   6.06 kB │ gzip:  1.81 kB
node_modules/.nitro/vite/services/ssr/assets/abi-DtT3hrhR.js                                          6.07 kB │ gzip:  2.36 kB
node_modules/.nitro/vite/services/ssr/assets/team-rRY778mS.js                                         6.14 kB │ gzip:  2.63 kB
node_modules/.nitro/vite/services/ssr/assets/title-CM-aylLS.js                                        6.35 kB │ gzip:  2.02 kB
node_modules/.nitro/vite/services/ssr/assets/client-experience-BH4e-HTk.js                            6.59 kB │ gzip:  2.41 kB
node_modules/.nitro/vite/services/ssr/assets/research-D-3803Iu.js                                     6.74 kB │ gzip:  2.15 kB
node_modules/.nitro/vite/services/ssr/assets/remote.server-Ee9BUNM_.js                                6.74 kB │ gzip:  2.50 kB
node_modules/.nitro/vite/services/ssr/assets/workspace-app-DJhqtBb4.js                                6.74 kB │ gzip:  2.32 kB
node_modules/.nitro/vite/services/ssr/assets/structured-data-oWfeK4Y-.js                              7.01 kB │ gzip:  2.69 kB
node_modules/.nitro/vite/services/ssr/assets/explainer-vllwOZaU.js                                    7.30 kB │ gzip:  2.46 kB
node_modules/.nitro/vite/services/ssr/assets/abbey-BtYKw7r2.js                                        7.37 kB │ gzip:  2.49 kB
node_modules/.nitro/vite/services/ssr/assets/connection-DT-_mWxU.js                                   7.42 kB │ gzip:  2.45 kB
node_modules/.nitro/vite/services/ssr/assets/sources-CWD0OagY.js                                      7.53 kB │ gzip:  3.04 kB
node_modules/.nitro/vite/services/ssr/assets/capture-COLwQEwr.js                                      7.64 kB │ gzip:  3.14 kB
node_modules/.nitro/vite/services/ssr/assets/developers-CPrxx1Qi.js                                   7.81 kB │ gzip:  2.82 kB
node_modules/.nitro/vite/services/ssr/assets/github-data-Ck499xez.js                                  7.86 kB │ gzip:  2.75 kB
node_modules/.nitro/vite/services/ssr/assets/dashboard-I19cd7T0.js                                    7.87 kB │ gzip:  2.73 kB
node_modules/.nitro/vite/services/ssr/assets/architecture-CoaddoPY.js                                 8.01 kB │ gzip:  2.72 kB
node_modules/.nitro/vite/services/ssr/assets/changelog-DqJ2-fa9.js                                    8.15 kB │ gzip:  3.14 kB
node_modules/.nitro/vite/services/ssr/assets/investors-BejYMsP6.js                                    8.26 kB │ gzip:  2.27 kB
node_modules/.nitro/vite/services/ssr/assets/console-bnDIYQwB.js                                      8.39 kB │ gzip:  1.95 kB
node_modules/.nitro/vite/services/ssr/assets/links-DGwCLbtv.js                                        8.43 kB │ gzip:  2.63 kB
node_modules/.nitro/vite/services/ssr/assets/header-menus-Bxs9_geY.js                                 8.55 kB │ gzip:  2.45 kB
node_modules/.nitro/vite/services/ssr/assets/tf-pose-demo-D6yLWLu_.js                                 8.58 kB │ gzip:  3.07 kB
node_modules/.nitro/vite/services/ssr/assets/products-G-SQQS7H.js                                     8.85 kB │ gzip:  3.52 kB
node_modules/.nitro/vite/services/ssr/assets/research._slug-BAUQAhZP.js                               9.22 kB │ gzip:  2.49 kB
node_modules/.nitro/vite/services/ssr/assets/handlers.server-BJ64WXur.js                              9.82 kB │ gzip:  3.27 kB
node_modules/.nitro/vite/services/ssr/assets/design-DYw8t3Rn.js                                       9.94 kB │ gzip:  3.31 kB
node_modules/.nitro/vite/services/ssr/assets/services-CNAg3h0I.js                                     9.99 kB │ gzip:  2.78 kB
node_modules/.nitro/vite/services/ssr/assets/quesar-DzWBsgG5.js                                      10.00 kB │ gzip:  3.63 kB
node_modules/.nitro/vite/services/ssr/assets/abi-runtime-7A_ELp3l.js                                 10.04 kB │ gzip:  3.64 kB
node_modules/.nitro/vite/services/ssr/assets/quasar.settings-Ca4f8R0a.js                             10.69 kB │ gzip:  3.03 kB
node_modules/.nitro/vite/services/ssr/assets/internal-D3UpcRS3.js                                    11.32 kB │ gzip:  3.80 kB
node_modules/.nitro/vite/services/ssr/assets/trailer-DJjRva84.js                                     12.20 kB │ gzip:  3.75 kB
node_modules/.nitro/vite/services/ssr/assets/architecture-1zozoN9u.js                                12.67 kB │ gzip:  4.03 kB
node_modules/.nitro/vite/services/ssr/assets/repo-list-C6-NxaI4.js                                   12.87 kB │ gzip:  3.94 kB
node_modules/.nitro/vite/services/ssr/assets/platform-Bxw97lho.js                                    14.21 kB │ gzip:  4.28 kB
node_modules/.nitro/vite/services/ssr/assets/quasar.site._id-C-YD5LB3.js                             14.52 kB │ gzip:  4.17 kB
node_modules/.nitro/vite/services/ssr/assets/shared-C-m6udFt.js                                      15.25 kB │ gzip:  5.13 kB
node_modules/.nitro/vite/services/ssr/assets/contact-BaMcopG9.js                                     15.48 kB │ gzip:  4.88 kB
node_modules/.nitro/vite/services/ssr/assets/db-BCMN0AuK.js                                          16.47 kB │ gzip:  5.43 kB
node_modules/.nitro/vite/services/ssr/assets/admin-BLJKtcoa.js                                       16.63 kB │ gzip:  4.39 kB
node_modules/.nitro/vite/services/ssr/assets/trailer-DAmYty9_.js                                     16.85 kB │ gzip:  4.86 kB
node_modules/.nitro/vite/services/ssr/assets/catalog-PasS363D.js                                     17.23 kB │ gzip:  5.31 kB
node_modules/.nitro/vite/services/ssr/assets/commerce.server-BCRytmz8.js                             17.58 kB │ gzip:  5.05 kB
node_modules/.nitro/vite/services/ssr/assets/use-tweaks-CSqUxvg8.js                                  17.60 kB │ gzip:  5.12 kB
node_modules/.nitro/vite/services/ssr/assets/console.server-DNylerlM.js                              17.83 kB │ gzip:  5.50 kB
node_modules/.nitro/vite/services/ssr/assets/research-context-DFM0uNiA.js                            17.98 kB │ gzip:  6.79 kB
node_modules/.nitro/vite/services/ssr/assets/console.workspace-BfXxsOkf.js                           18.50 kB │ gzip:  5.48 kB
node_modules/.nitro/vite/services/ssr/assets/tokens.server-mJrF5hZq.js                               19.99 kB │ gzip:  6.66 kB
node_modules/.nitro/vite/services/ssr/assets/ShowcaseBoard-D5nK5Hz5.js                               20.45 kB │ gzip:  5.87 kB
node_modules/.nitro/vite/services/ssr/assets/HeroBoard-CtBhov4Y.js                                   22.47 kB │ gzip:  6.43 kB
node_modules/.nitro/vite/services/ssr/assets/demo-UTXSWJzG.js                                        22.64 kB │ gzip:  7.75 kB
node_modules/.nitro/vite/services/ssr/assets/abbey-m6c6b7_V.js                                       22.91 kB │ gzip:  6.99 kB
node_modules/.nitro/vite/services/ssr/assets/_tanstack-start-manifest_v-ND2sfAk9.js                  25.24 kB │ gzip:  3.74 kB
node_modules/.nitro/vite/services/ssr/assets/financial-model-BqYxsmad.js                             25.26 kB │ gzip:  5.99 kB
node_modules/.nitro/vite/services/ssr/assets/profile-C9BnMR6a.js                                     26.68 kB │ gzip:  7.25 kB
node_modules/.nitro/vite/services/ssr/assets/pages-CyA1rqKu.js                                       27.93 kB │ gzip:  9.87 kB
node_modules/.nitro/vite/services/ssr/assets/Docs-gyv7Xk__.js                                        28.64 kB │ gzip:  7.46 kB
node_modules/.nitro/vite/services/ssr/assets/LabBoard-DVGaJ82G.js                                    29.69 kB │ gzip:  8.52 kB
node_modules/.nitro/vite/services/ssr/assets/use-current-user-DeKpIuD7.js                            29.82 kB │ gzip:  8.85 kB
node_modules/.nitro/vite/services/ssr/assets/console-DT78o8fC.js                                     30.88 kB │ gzip:  7.87 kB
node_modules/.nitro/vite/services/ssr/assets/routes-CHXdNds9.js                                      31.09 kB │ gzip:  8.22 kB
node_modules/.nitro/vite/services/ssr/assets/BrandBoard-SuAO84PG.js                                  32.51 kB │ gzip:  7.96 kB
node_modules/.nitro/vite/services/ssr/assets/mega-nDjt33oR.js                                        32.92 kB │ gzip:  8.73 kB
node_modules/.nitro/vite/services/ssr/assets/outro-B0O_Lyc0.js                                       33.51 kB │ gzip:  7.77 kB
node_modules/.nitro/vite/services/ssr/assets/docs-hub-DDdp6z9D.js                                    36.91 kB │ gzip: 11.99 kB
node_modules/.nitro/vite/services/ssr/assets/showcase-CNeQx4AP.js                                    37.73 kB │ gzip:  7.43 kB
node_modules/.nitro/vite/services/ssr/assets/Console-BYkgc7II.js                                     42.32 kB │ gzip: 10.29 kB
node_modules/.nitro/vite/services/ssr/assets/Marketing-D_hosynN.js                                   45.74 kB │ gzip: 11.00 kB
node_modules/.nitro/vite/services/ssr/assets/blog-CuTytVBQ.js                                        46.46 kB │ gzip: 17.19 kB
node_modules/.nitro/vite/services/ssr/assets/beats-Dq7D9xFd.js                                       64.89 kB │ gzip: 15.84 kB
node_modules/.nitro/vite/services/ssr/assets/film-collection-BSsOVuMC.js                             66.22 kB │ gzip:  8.34 kB
node_modules/.nitro/vite/services/ssr/assets/DesignBoard-Dh9FqZFx.js                                 66.36 kB │ gzip: 16.58 kB
node_modules/.nitro/vite/services/ssr/assets/narration-hE3lr3sh.js                                   69.91 kB │ gzip: 21.68 kB
node_modules/.nitro/vite/services/ssr/index.js                                                       80.91 kB │ gzip: 21.48 kB
node_modules/.nitro/vite/services/ssr/assets/router-gk4lQyim.js                                      98.11 kB │ gzip: 24.69 kB
node_modules/.nitro/vite/services/ssr/assets/research-DKQReBD5.js                                   102.11 kB │ gzip: 21.61 kB
node_modules/.nitro/vite/services/ssr/assets/server-_bY5VkBN.js                                     366.40 kB │ gzip: 87.37 kB

✓ built in 1.46s

[nitro] ◐ Building [Nitro] (preset: node-server, compatibility: 2026-10-04)
[nitro] ✔ Generated public .output/public
vite v8.3.1 building nitro environment for static...
`output.codeSplitting.groups[0].name` is a function. Set `output.codeSplitting.groups[0].debugName` so the bundler timing report can identify this group.
transforming...
✓ 7384 modules transformed.
ℹ Tracing dependencies:
- tslib (2.8.1, 1.14.1)
✔ Traced 1 dependencies (8 files) in 50ms.
ℹ Ensure your production environment matches the builder OS and architecture (darwin-arm64) to avoid native module issues.
rendering chunks...
computing gzip size...
.output/server/_ssr/kysely-adapter-Cj_QZw5p.mjs                      0.14 kB │ gzip:   0.10 kB
.output/server/_ssr/empty-plugin-adapters-D9UWiqvJ.mjs               0.23 kB │ gzip:   0.16 kB
.output/server/_libs/zod.mjs                                         0.23 kB │ gzip:   0.18 kB
.output/server/_chunks/core.mjs                                      0.25 kB │ gzip:   0.18 kB
.output/server/_libs/radix-ui__number.mjs                            0.32 kB │ gzip:   0.24 kB
.output/server/_ssr/createServerRpc-DPX_ndmm.mjs                     0.37 kB │ gzip:   0.26 kB
.output/server/_ssr/rolldown-runtime-BLEs9rMG.mjs                    0.40 kB │ gzip:   0.28 kB
.output/server/_ssr/github-readmes-BvJTf_O_.mjs                      0.44 kB │ gzip:   0.32 kB
.output/server/_ssr/github-snapshot-DAte9VZ3.mjs                     0.46 kB │ gzip:   0.33 kB
.output/server/_ssr/signup-DSkbpx1l.mjs                              0.49 kB │ gzip:   0.32 kB
.output/server/_ssr/local-store-DO6qwhjW.mjs                         0.49 kB │ gzip:   0.28 kB
.output/server/_ssr/createSsrRpc-BUUEN0qI.mjs                        0.50 kB │ gzip:   0.32 kB
.output/server/_ssr/label-BFPC-S52.mjs                               0.52 kB │ gzip:   0.33 kB
.output/server/_ssr/env.server-1sC44DLZ.mjs                          0.53 kB │ gzip:   0.30 kB
.output/server/_ssr/utils-BEnn8gPD.mjs                               0.56 kB │ gzip:   0.37 kB
.output/server/_ssr/route-frame-CfIMeORX.mjs                         0.59 kB │ gzip:   0.36 kB
.output/server/_ssr/CinematicFallback-DFzTsi4L.mjs                   0.65 kB │ gzip:   0.44 kB
.output/server/_ssr/separator-CfBBGVNK.mjs                           0.67 kB │ gzip:   0.40 kB
.output/server/_ssr/textarea-CU-toX6i.mjs                            0.68 kB │ gzip:   0.41 kB
.output/server/_ssr/input-CPAlXaTb.mjs                               0.69 kB │ gzip:   0.42 kB
.output/server/_ssr/github-B8BMQ_OK.mjs                              0.69 kB │ gzip:   0.41 kB
.output/server/_ssr/methods-BuiIvEc_.mjs                             0.81 kB │ gzip:   0.42 kB
.output/server/_ssr/renderer-B-ur6wyp.mjs                            0.82 kB │ gzip:   0.38 kB
.output/server/_ssr/showcase.design-D9Alv00j.mjs                     0.85 kB │ gzip:   0.41 kB
.output/server/_libs/better-auth__utils.mjs                          0.91 kB │ gzip:   0.48 kB
.output/server/_ssr/radio-group-GnSJmmq6.mjs                         0.94 kB │ gzip:   0.45 kB
.output/server/_chunks/ssr-renderer.mjs                              0.96 kB │ gzip:   0.49 kB
.output/server/_libs/radix-ui__react-label.mjs                       0.98 kB │ gzip:   0.50 kB
.output/server/_ssr/login-DzZEKd_U.mjs                               1.04 kB │ gzip:   0.53 kB
.output/server/_ssr/showcase.film-D1V8AWGR.mjs                       1.05 kB │ gzip:   0.48 kB
.output/server/_ssr/showcase.mega-Cg7WiXtu.mjs                       1.05 kB │ gzip:   0.48 kB
.output/server/_ssr/showcase.abbey-DaQWgUWp.mjs                      1.05 kB │ gzip:   0.48 kB
.output/server/_ssr/showcase.trailer-Dc0TmmIH.mjs                    1.06 kB │ gzip:   0.48 kB
.output/server/_ssr/showcase.explainer-Ct23g4P6.mjs                  1.07 kB │ gzip:   0.48 kB
.output/server/_ssr/ai-BoRm-Otm.mjs                                  1.09 kB │ gzip:   0.68 kB
.output/server/_libs/hookable.mjs                                    1.16 kB │ gzip:   0.51 kB
.output/server/_ssr/toaster-6wGjEaEB.mjs                             1.17 kB │ gzip:   0.59 kB
.output/server/_ssr/tabs-BKgqh0Gz.mjs                                1.17 kB │ gzip:   0.52 kB
.output/server/_ssr/tooltip-B94gklA6.mjs                             1.23 kB │ gzip:   0.56 kB
.output/server/_libs/nanostores.mjs                                  1.25 kB │ gzip:   0.58 kB
.output/server/_ssr/source-iTKXk1c9.mjs                              1.34 kB │ gzip:   0.66 kB
.output/server/_ssr/middleware-D-DxAbKH.mjs                          1.38 kB │ gzip:   0.73 kB
.output/server/_ssr/config-Cr8d1bJA.mjs                              1.38 kB │ gzip:   0.71 kB
.output/server/_libs/defu.mjs                                        1.40 kB │ gzip:   0.58 kB
.output/server/_libs/radix-ui__react-toggle.mjs                      1.41 kB │ gzip:   0.65 kB
.output/server/_libs/radix-ui__react-separator.mjs                   1.43 kB │ gzip:   0.63 kB
.output/server/_ssr/auth-slot-live-BcJs7cy_.mjs                      1.43 kB │ gzip:   0.69 kB
.output/server/_ssr/crumbs-tmZTB1rv.mjs                              1.43 kB │ gzip:   0.62 kB
.output/server/_ssr/projects-Ba4lwNha.mjs                            1.46 kB │ gzip:   0.70 kB
.output/server/_ssr/cell-machine-C5P3jFgC.mjs                        1.47 kB │ gzip:   0.68 kB
.output/server/_ssr/workspace-z8Ez2_6W.mjs                           1.50 kB │ gzip:   0.70 kB
.output/server/_ssr/button-Bib5oMsK.mjs                              1.56 kB │ gzip:   0.78 kB
.output/server/_ssr/csp-report.server-DZm7M7I0.mjs                   1.59 kB │ gzip:   0.90 kB
.output/server/_ssr/dropdown-menu-BztvMuDs.mjs                       1.64 kB │ gzip:   0.63 kB
.output/server/_libs/react-is.mjs                                    1.66 kB │ gzip:   0.65 kB
.output/server/_ssr/ai-DCjdeDSH.mjs                                  1.67 kB │ gzip:   0.93 kB
.output/server/_ssr/status-badge-4dXjxXPi.mjs                        1.77 kB │ gzip:   0.84 kB
.output/server/_libs/radix-ui__primitive.mjs                         1.82 kB │ gzip:   0.71 kB
.output/server/_ssr/tf-pose-demo-CkvQtzQY.mjs                        1.85 kB │ gzip:   0.84 kB
.output/server/_ssr/profile-DYjOnfx_.mjs                             1.89 kB │ gzip:   0.98 kB
.output/server/_runtime.mjs                                          1.89 kB │ gzip:   0.85 kB
.output/server/_ssr/gama-BpnQjSnD.mjs                                1.96 kB │ gzip:   0.93 kB
.output/server/_ssr/gate.server-hSFSpPx_.mjs                         2.02 kB │ gzip:   0.97 kB
.output/server/_ssr/investor-BqCZh9O_.mjs                            2.05 kB │ gzip:   0.83 kB
.output/server/_ssr/mlai-mark-BHhtXIGB.mjs                           2.11 kB │ gzip:   1.14 kB
.output/server/_ssr/isolation.server-YShgMvKF.mjs                    2.11 kB │ gzip:   1.08 kB
.output/server/_ssr/math-CX82An2A.mjs                                2.15 kB │ gzip:   1.03 kB
.output/server/_ssr/research.implementations-Clk0FcUe.mjs            2.16 kB │ gzip:   0.86 kB
.output/server/_ssr/unauthorized-CChlKO99.mjs                        2.17 kB │ gzip:   0.93 kB
.output/server/_libs/ufo.mjs                                         2.19 kB │ gzip:   0.71 kB
.output/server/_ssr/billing-DpFwOIkx.mjs                             2.22 kB │ gzip:   1.18 kB
.output/server/_ssr/plugins-DKrD1OBL.mjs                             2.25 kB │ gzip:   0.96 kB
.output/server/_ssr/use-github-data-BOFSH2rO.mjs                     2.28 kB │ gzip:   1.08 kB
.output/server/_ssr/apps-Cgn-8i-x.mjs                                2.28 kB │ gzip:   0.93 kB
.output/server/_ssr/start-DzqRDR2S.mjs                               2.35 kB │ gzip:   1.04 kB
.output/server/_ssr/admin.server-EEFDcag3.mjs                        2.44 kB │ gzip:   1.10 kB
.output/server/_ssr/inquiries.server-JtyH6R3i.mjs                    2.44 kB │ gzip:   1.09 kB
.output/server/_ssr/telemetry.server-MyvJ_6lN.mjs                    2.45 kB │ gzip:   1.21 kB
.output/server/_ssr/rate-limit.server-YVd9DsfM.mjs                   2.48 kB │ gzip:   1.32 kB
.output/server/_ssr/workspace-CNj2aKuJ.mjs                           2.49 kB │ gzip:   0.97 kB
.output/server/_ssr/turnstile.server-CwktM05R.mjs                    2.61 kB │ gzip:   1.25 kB
.output/server/_ssr/projects._slug-CWxCHeeB.mjs                      2.63 kB │ gzip:   0.92 kB
.output/server/_ssr/companion-CZ4W2W-k.mjs                           2.64 kB │ gzip:   1.02 kB
.output/server/_ssr/inquiry-rules-CZn0jrU0.mjs                       2.65 kB │ gzip:   1.13 kB
.output/server/_ssr/server-only-notice-CZfxZqbV.mjs                  2.65 kB │ gzip:   0.94 kB
.output/server/_ssr/audit-view-CJ9W3NqP.mjs                          2.71 kB │ gzip:   0.87 kB
.output/server/_ssr/journey-rail-Bu5_YJCj.mjs                        2.73 kB │ gzip:   0.99 kB
.output/server/_ssr/inquiries-CsnALPL4.mjs                           2.77 kB │ gzip:   1.21 kB
.output/server/_ssr/math-article-sx5b0xSv.mjs                        2.78 kB │ gzip:   1.06 kB
.output/server/_ssr/section-hBaY8F5j.mjs                             2.79 kB │ gzip:   0.97 kB
.output/server/_ssr/config.server-DgrCmSp-.mjs                       2.82 kB │ gzip:   1.36 kB
.output/server/_ssr/research-nav-CVzHDqGf.mjs                        2.94 kB │ gzip:   0.91 kB
.output/server/_ssr/csp-Bymcj9b2.mjs                                 2.94 kB │ gzip:   1.34 kB
.output/server/_ssr/film-CGITwdCe.mjs                                2.95 kB │ gzip:   0.89 kB
.output/server/_ssr/about-CggXMsvA.mjs                               2.95 kB │ gzip:   1.36 kB
.output/server/_ssr/blog-DN8xPp7E.mjs                                2.97 kB │ gzip:   1.28 kB
.output/server/_ssr/verify.server-Cb-wwgXI.mjs                       3.04 kB │ gzip:   1.37 kB
.output/server/_ssr/account-deletion.server-fjw76Vly.mjs             3.08 kB │ gzip:   1.15 kB
.output/server/_ssr/article-DdePHb4S.mjs                             3.10 kB │ gzip:   1.06 kB
.output/server/_ssr/docs-BiEWonLm.mjs                                3.12 kB │ gzip:   1.18 kB
.output/server/_ssr/primitives-CqbzVwx-.mjs                          3.12 kB │ gzip:   1.33 kB
.output/server/_ssr/telemetry-path-BIB8_hrS.mjs                      3.14 kB │ gzip:   1.55 kB
.output/server/_libs/class-variance-authority+clsx.mjs               3.16 kB │ gzip:   1.24 kB
.output/server/_ssr/blog._slug-RX_iNDK9.mjs                          3.16 kB │ gzip:   1.22 kB
.output/server/_ssr/telemetry-routes.server-BmrK_C0L.mjs             3.18 kB │ gzip:   0.85 kB
.output/server/_ssr/methods.server-CeLMwuA7.mjs                      3.19 kB │ gzip:   1.28 kB
.output/server/_ssr/terms-BnTvizVb.mjs                               3.20 kB │ gzip:   1.26 kB
.output/server/_libs/d3-path.mjs                                     3.24 kB │ gzip:   1.16 kB
.output/server/_ssr/feed-DZTN97RY.mjs                                3.25 kB │ gzip:   1.44 kB
.output/server/_ssr/readiness.server-yD7BMTDP.mjs                    3.31 kB │ gzip:   1.34 kB
.output/server/_ssr/get-started-D0gzQsZj.mjs                         3.36 kB │ gzip:   1.20 kB
.output/server/_ssr/projects-Pzfgx6I4.mjs                            3.42 kB │ gzip:   1.44 kB
.output/server/_ssr/changelog-C3NK8-cr.mjs                           3.47 kB │ gzip:   1.18 kB
.output/server/_ssr/skill-creator-IPwcRJ64.mjs                       3.54 kB │ gzip:   1.30 kB
.output/server/_ssr/about-gio4SZlg.mjs                               3.66 kB │ gzip:   1.23 kB
.output/server/_ssr/benchmarks-D-6iLrAo.mjs                          3.69 kB │ gzip:   1.32 kB
.output/server/_ssr/docs._slug-DJvihtNb.mjs                          3.74 kB │ gzip:   1.36 kB
.output/server/_ssr/systems-NZAg_N65.mjs                             3.77 kB │ gzip:   1.73 kB
.output/server/_ssr/source._name-CA-yjJKB.mjs                        3.78 kB │ gzip:   1.39 kB
.output/server/_ssr/fx-BDB4DYTt.mjs                                  3.89 kB │ gzip:   1.37 kB
.output/server/_ssr/surfaces-D64CmIhS.mjs                            3.91 kB │ gzip:   1.58 kB
.output/server/_ssr/commerce-Bbrrq0K_.mjs                            3.94 kB │ gzip:   1.14 kB
.output/server/_ssr/research-topics-hOZQq2zY.mjs                     3.96 kB │ gzip:   1.58 kB
.output/server/_ssr/cell-machine-Cuwsxcxj.mjs                        3.97 kB │ gzip:   1.48 kB
.output/server/_ssr/llm-7j5OcUWT.mjs                                 4.01 kB │ gzip:   1.46 kB
.output/server/_ssr/research.implementations._slug-DxKAoyx4.mjs      4.05 kB │ gzip:   1.33 kB
.output/server/_ssr/persona-router-Dalxb58-.mjs                      4.31 kB │ gzip:   1.62 kB
.output/server/_ssr/security-ga67k6V6.mjs                            4.31 kB │ gzip:   1.49 kB
.output/server/_ssr/body-limit.server-Bwh4uWwg.mjs                   4.35 kB │ gzip:   2.11 kB
.output/server/_ssr/gates-CytHrYSo.mjs                               4.36 kB │ gzip:   1.39 kB
.output/server/_ssr/wdbx-DUtjnTvJ.mjs                                4.38 kB │ gzip:   1.58 kB
.output/server/_ssr/team-DzDX2QWG.mjs                                4.47 kB │ gzip:   1.29 kB
.output/server/_ssr/frame-gate-B6jJUoan.mjs                          4.53 kB │ gzip:   1.63 kB
.output/server/_ssr/crypto.server-BHUGmsmU.mjs                       4.76 kB │ gzip:   1.94 kB
.output/server/_ssr/product-journeys-_iCSGmPw.mjs                    4.76 kB │ gzip:   1.82 kB
.output/server/_ssr/products-BJIV_P8s.mjs                            4.96 kB │ gzip:   1.43 kB
.output/server/_libs/d3-interpolate.mjs                              5.00 kB │ gzip:   1.60 kB
.output/server/_ssr/console-CQMPSBz3.mjs                             5.08 kB │ gzip:   2.06 kB
.output/server/_ssr/quasar.sites-Dzqk5DHo.mjs                        5.18 kB │ gzip:   1.63 kB
.output/server/_ssr/billing-BK-dXj9_.mjs                             5.22 kB │ gzip:   2.14 kB
.output/server/_ssr/privacy-bb4lg2Fr.mjs                             5.26 kB │ gzip:   1.99 kB
.output/server/_ssr/use-ai-consent-CE1fBU4X.mjs                      5.35 kB │ gzip:   1.86 kB
.output/server/_ssr/abbey-bot-CkoRfgv6.mjs                           5.67 kB │ gzip:   1.99 kB
.output/server/_ssr/quasar.new-Ck1U3qMC.mjs                          5.88 kB │ gzip:   1.97 kB
.output/server/_libs/radix-ui__react-tabs.mjs                        5.95 kB │ gzip:   1.72 kB
.output/server/_ssr/company-Cc43njI7.mjs                             6.10 kB │ gzip:   1.93 kB
.output/server/_libs/react-redux+[...].mjs                           6.45 kB │ gzip:   2.01 kB
.output/server/_ssr/team-rRY778mS.mjs                                6.46 kB │ gzip:   2.72 kB
.output/server/_ssr/client-experience-BH4e-HTk.mjs                   6.62 kB │ gzip:   2.44 kB
.output/server/_ssr/abi-DtT3hrhR.mjs                                 6.71 kB │ gzip:   2.42 kB
.output/server/_libs/radix-ui__react-toggle-group.mjs                6.73 kB │ gzip:   1.57 kB
.output/server/_ssr/products._slug-CDeaARx0.mjs                      6.84 kB │ gzip:   1.99 kB
.output/server/_ssr/mobile-CVW7EE37.mjs                              6.89 kB │ gzip:   2.27 kB
.output/server/_ssr/sharding-latency-demo-CB3TUfIC.mjs               6.97 kB │ gzip:   2.02 kB
.output/server/_ssr/team._slug-f1mcPtMT.mjs                          6.99 kB │ gzip:   1.86 kB
.output/server/_ssr/title-CM-aylLS.mjs                               7.00 kB │ gzip:   2.10 kB
.output/server/_ssr/remote.server-Ee9BUNM_.mjs                       7.01 kB │ gzip:   2.56 kB
.output/server/_ssr/lab-DH2iq9ha.mjs                                 7.14 kB │ gzip:   1.87 kB
.output/server/_ssr/github-data-Ck499xez.mjs                         7.43 kB │ gzip:   2.64 kB
.output/server/_ssr/sources-CWD0OagY.mjs                             7.55 kB │ gzip:   3.06 kB
.output/server/_ssr/capture-COLwQEwr.mjs                             7.67 kB │ gzip:   3.16 kB
.output/server/_ssr/research-D-3803Iu.mjs                            7.80 kB │ gzip:   2.27 kB
.output/server/_ssr/connection-DT-_mWxU.mjs                          7.83 kB │ gzip:   2.52 kB
.output/server/_ssr/workspace-app-DJhqtBb4.mjs                       7.83 kB │ gzip:   2.44 kB
.output/server/_libs/d3-array.mjs                                    8.01 kB │ gzip:   2.22 kB
.output/server/_ssr/architecture-CoaddoPY.mjs                        8.04 kB │ gzip:   2.74 kB
.output/server/_ssr/changelog-DqJ2-fa9.mjs                           8.18 kB │ gzip:   3.16 kB
.output/server/_ssr/abbey-BtYKw7r2.mjs                               8.18 kB │ gzip:   2.56 kB
.output/server/_libs/eventemitter3.mjs                               8.31 kB │ gzip:   2.04 kB
.output/server/_ssr/console-bnDIYQwB.mjs                             8.49 kB │ gzip:   2.01 kB
.output/server/_ssr/explainer-vllwOZaU.mjs                           8.58 kB │ gzip:   2.57 kB
.output/server/_ssr/developers-CPrxx1Qi.mjs                          8.80 kB │ gzip:   2.88 kB
.output/server/_ssr/products-G-SQQS7H.mjs                            8.88 kB │ gzip:   3.54 kB
.output/server/_ssr/dashboard-I19cd7T0.mjs                           9.08 kB │ gzip:   2.86 kB
.output/server/_ssr/links-DGwCLbtv.mjs                               9.17 kB │ gzip:   2.70 kB
.output/server/_ssr/tf-pose-demo-D6yLWLu_.mjs                        9.33 kB │ gzip:   3.20 kB
.output/server/_ssr/investors-BejYMsP6.mjs                           9.51 kB │ gzip:   2.34 kB
.output/server/_ssr/handlers.server-BJ64WXur.mjs                     9.85 kB │ gzip:   3.30 kB
.output/server/_ssr/abi-runtime-7A_ELp3l.mjs                        10.02 kB │ gzip:   3.66 kB
.output/server/_ssr/header-menus-Bxs9_geY.mjs                       10.11 kB │ gzip:   2.60 kB
.output/server/_libs/d3-color.mjs                                   10.37 kB │ gzip:   3.56 kB
.output/server/_libs/d3-format.mjs                                  10.53 kB │ gzip:   3.01 kB
.output/server/_ssr/research._slug-BAUQAhZP.mjs                     10.70 kB │ gzip:   2.57 kB
.output/server/_ssr/design-DYw8t3Rn.mjs                             11.27 kB │ gzip:   3.45 kB
.output/server/_ssr/quesar-DzWBsgG5.mjs                             11.28 kB │ gzip:   3.74 kB
.output/server/_libs/radix-ui__react-radio-group.mjs                11.59 kB │ gzip:   2.94 kB
.output/server/_ssr/services-CNAg3h0I.mjs                           11.75 kB │ gzip:   2.89 kB
.output/server/_ssr/quasar.settings-Ca4f8R0a.mjs                    11.92 kB │ gzip:   3.14 kB
.output/server/_libs/tanstack__history.mjs                          12.48 kB │ gzip:   3.70 kB
.output/server/_ssr/trailer-DJjRva84.mjs                            13.41 kB │ gzip:   3.88 kB
.output/server/_ssr/repo-list-C6-NxaI4.mjs                          14.24 kB │ gzip:   4.03 kB
.output/server/_ssr/architecture-1zozoN9u.mjs                       14.37 kB │ gzip:   4.15 kB
.output/server/_libs/better-auth__memory-adapter.mjs                14.93 kB │ gzip:   4.11 kB
.output/server/_ssr/db-BCMN0AuK.mjs                                 16.23 kB │ gzip:   5.47 kB
.output/server/_ssr/shared-C-m6udFt.mjs                             16.23 kB │ gzip:   5.25 kB
.output/server/_ssr/platform-Bxw97lho.mjs                           16.35 kB │ gzip:   4.41 kB
.output/server/_ssr/quasar.site._id-C-YD5LB3.mjs                    16.40 kB │ gzip:   4.28 kB
.output/server/_libs/@better-auth/telemetry+[...].mjs               17.19 kB │ gzip:   4.80 kB
.output/server/_ssr/contact-BaMcopG9.mjs                            17.29 kB │ gzip:   4.97 kB
.output/server/_ssr/commerce.server-BCRytmz8.mjs                    17.63 kB │ gzip:   5.12 kB
.output/server/_ssr/console.server-DNylerlM.mjs                     17.88 kB │ gzip:   5.54 kB
.output/server/_ssr/research-context-DFM0uNiA.mjs                   18.01 kB │ gzip:   6.82 kB
.output/server/_libs/radix-ui__react-tooltip.mjs                    18.84 kB │ gzip:   4.27 kB
.output/server/_ssr/trailer-DAmYty9_.mjs                            18.95 kB │ gzip:   5.00 kB
.output/server/_ssr/use-tweaks-CSqUxvg8.mjs                         19.00 kB │ gzip:   5.24 kB
.output/server/_ssr/admin-BLJKtcoa.mjs                              19.08 kB │ gzip:   4.52 kB
.output/server/_ssr/catalog-PasS363D.mjs                            19.15 kB │ gzip:   5.38 kB
.output/server/_libs/d3-shape.mjs                                   20.46 kB │ gzip:   4.06 kB
.output/server/_ssr/console.workspace-BfXxsOkf.mjs                  20.71 kB │ gzip:   5.60 kB
.output/server/_ssr/tokens.server-mJrF5hZq.mjs                      21.28 kB │ gzip:   6.86 kB
.output/server/_ssr/ShowcaseBoard-D5nK5Hz5.mjs                      22.85 kB │ gzip:   6.01 kB
.output/server/_libs/decimal.js-light.mjs                           23.31 kB │ gzip:   6.89 kB
.output/server/_ssr/abbey-m6c6b7_V.mjs                              23.65 kB │ gzip:   7.08 kB
.output/server/_ssr/demo-UTXSWJzG.mjs                               24.02 kB │ gzip:   7.87 kB
.output/server/_ssr/HeroBoard-CtBhov4Y.mjs                          24.90 kB │ gzip:   6.57 kB
.output/server/_tanstack-start-manifest_v-ND2sfAk9.mjs              25.30 kB │ gzip:   3.78 kB
.output/server/_libs/@floating-ui/dom+[...].mjs                     25.36 kB │ gzip:   6.54 kB
.output/server/_libs/@floating-ui/core+[...].mjs                    25.49 kB │ gzip:   6.28 kB
.output/server/_libs/h3-v2+rou3+srvx.mjs                            26.07 kB │ gzip:   7.08 kB
.output/server/_ssr/pages-CyA1rqKu.mjs                              27.96 kB │ gzip:   9.90 kB
.output/server/_ssr/use-current-user-DeKpIuD7.mjs                   28.02 kB │ gzip:   8.52 kB
.output/server/_ssr/financial-model-BqYxsmad.mjs                    28.13 kB │ gzip:   6.12 kB
.output/server/_libs/@tanstack/router-core+[...].mjs                29.49 kB │ gzip:   7.92 kB
.output/server/_ssr/profile-C9BnMR6a.mjs                            29.74 kB │ gzip:   7.36 kB
.output/server/_libs/radix-ui__react-scroll-area.mjs                30.22 kB │ gzip:   5.95 kB
.output/server/_ssr/Docs-gyv7Xk__.mjs                               32.52 kB │ gzip:   7.61 kB
.output/server/_libs/@floating-ui/react-dom+[...].mjs               32.59 kB │ gzip:   8.21 kB
.output/server/_ssr/LabBoard-DVGaJ82G.mjs                           33.67 kB │ gzip:   8.70 kB
.output/server/_libs/lucide-react.mjs                               34.21 kB │ gzip:   6.26 kB
.output/server/_ssr/routes-CHXdNds9.mjs                             34.81 kB │ gzip:   8.30 kB
.output/server/_ssr/console-DT78o8fC.mjs                            35.19 kB │ gzip:   8.06 kB
.output/server/_ssr/outro-B0O_Lyc0.mjs                              36.39 kB │ gzip:   7.87 kB
.output/server/_ssr/mega-nDjt33oR.mjs                               37.67 kB │ gzip:   8.91 kB
.output/server/_ssr/BrandBoard-SuAO84PG.mjs                         38.17 kB │ gzip:   8.16 kB
.output/server/_libs/date-fns.mjs                                   38.30 kB │ gzip:   8.32 kB
.output/server/_ssr/docs-hub-DDdp6z9D.mjs                           38.83 kB │ gzip:  12.07 kB
.output/server/_ssr/showcase-CNeQx4AP.mjs                           40.60 kB │ gzip:   7.54 kB
.output/server/_libs/@radix-ui/react-select+[...].mjs               40.66 kB │ gzip:   8.98 kB
.output/server/_ssr/blog-CuTytVBQ.mjs                               46.49 kB │ gzip:  17.21 kB
.output/server/_ssr/Console-BYkgc7II.mjs                            47.17 kB │ gzip:  10.46 kB
.output/server/_libs/@radix-ui/react-dropdown-menu+[...].mjs        47.24 kB │ gzip:  10.13 kB
.output/server/_libs/noble__ciphers.mjs                             47.37 kB │ gzip:  14.65 kB
.output/server/_ssr/Marketing-D_hosynN.mjs                          50.02 kB │ gzip:  11.19 kB
.output/server/_libs/sonner.mjs                                     53.60 kB │ gzip:  12.10 kB
.output/server/_libs/@radix-ui/react-accordion+[...].mjs            56.46 kB │ gzip:  12.00 kB
.output/server/_libs/d3-scale+[...].mjs                             58.01 kB │ gzip:  12.01 kB
.output/server/_libs/@reduxjs/toolkit+[...].mjs                     61.83 kB │ gzip:  15.92 kB
.output/server/_ssr/film-collection-BSsOVuMC.mjs                    66.25 kB │ gzip:   8.37 kB
.output/server/_libs/@radix-ui/react-alert-dialog+[...].mjs         68.26 kB │ gzip:  15.33 kB
.output/server/_libs/es-toolkit.mjs                                 68.73 kB │ gzip:  16.12 kB
.output/server/_libs/h3+srvx.mjs                                    69.49 kB │ gzip:  18.25 kB
.output/server/_ssr/beats-Dq7D9xFd.mjs                              69.83 kB │ gzip:  16.00 kB
.output/server/_ssr/narration-hE3lr3sh.mjs                          71.69 kB │ gzip:  21.72 kB
.output/server/_ssr/DesignBoard-Dh9FqZFx.mjs                        73.83 kB │ gzip:  16.85 kB
.output/server/_ssr/ssr.mjs                                         79.82 kB │ gzip:  21.51 kB
.output/server/_libs/tailwind-merge.mjs                             91.33 kB │ gzip:  16.21 kB
.output/server/_ssr/research-DKQReBD5.mjs                          102.13 kB │ gzip:  21.63 kB
.output/server/_ssr/router-gk4lQyim.mjs                            116.46 kB │ gzip:  30.49 kB
.output/server/index.mjs                                           123.64 kB │ gzip:  25.20 kB
.output/server/_libs/pg.mjs                                        148.60 kB │ gzip:  34.38 kB
.output/server/_ssr/server-_bY5VkBN.mjs                            360.30 kB │ gzip:  86.53 kB
.output/server/_libs/katex.mjs                                     500.06 kB │ gzip: 110.54 kB
.output/server/_libs/@better-auth/kysely-adapter+[...].mjs         504.43 kB │ gzip:  84.94 kB
.output/server/_libs/recharts+[...].mjs                            606.22 kB │ gzip: 128.14 kB
.output/server/_libs/electric-sql__pglite.mjs                      751.94 kB │ gzip: 153.27 kB
.output/server/_libs/@better-auth/passkey+[...].mjs                752.02 kB │ gzip: 161.45 kB
.output/server/_libs/@tanstack/react-router+[...].mjs              791.50 kB │ gzip: 166.03 kB
.output/server/_libs/@better-auth/core+[...].mjs                   859.13 kB │ gzip: 172.90 kB
.output/server/_libs/@tensorflow-models/posenet.mjs              1,631.89 kB │ gzip: 307.32 kB
.output/server/_libs/@tensorflow/tfjs+[...].mjs                  4,010.21 kB │ gzip: 655.47 kB

[33m[MODULE_LEVEL_DIRECTIVE] [0mThe semantics of the module level directive "use client" in "node_modules/@tanstack/react-router/dist/esm/index.js" may not be preserved when bundling.
   [38;5;246m╭[0m[38;5;246m─[0m[38;5;246m[[0m node_modules/@tanstack/react-router/dist/esm/index.js:1:1 [38;5;246m][0m
   [38;5;246m│[0m
 [38;5;246m1 │[0m "use client";
 [38;5;240m  │[0m ──────┬──────  
 [38;5;240m  │[0m       ╰──────── module level directive may not be preserved
 [38;5;240m  │[0m 
 [38;5;240m  │[0m [38;5;115mHelp[0m: For more information, see https://rolldown.rs/in-depth/directives#other-directives
[38;5;246m───╯[0m

[33m[MODULE_LEVEL_DIRECTIVE] [0mThe semantics of the module level directive "use client" in "node_modules/@tanstack/react-router/dist/esm/useRouter.js" may not be preserved when bundling.
   [38;5;246m╭[0m[38;5;246m─[0m[38;5;246m[[0m node_modules/@tanstack/react-router/dist/esm/useRouter.js:1:1 [38;5;246m][0m
   [38;5;246m│[0m
 [38;5;246m1 │[0m "use client";
 [38;5;240m  │[0m ──────┬──────  
 [38;5;240m  │[0m       ╰──────── module level directive may not be preserved
 [38;5;240m  │[0m 
 [38;5;240m  │[0m [38;5;115mHelp[0m: For more information, see https://rolldown.rs/in-depth/directives#other-directives
[38;5;246m───╯[0m

[33m[MODULE_LEVEL_DIRECTIVE] [0mThe semantics of the module level directive "use client" in "node_modules/@tanstack/react-router/dist/esm/useMatch.js" may not be preserved when bundling.
   [38;5;246m╭[0m[38;5;246m─[0m[38;5;246m[[0m node_modules/@tanstack/react-router/dist/esm/useMatch.js:1:1 [38;5;246m][0m
   [38;5;246m│[0m
 [38;5;246m1 │[0m "use client";
 [38;5;240m  │[0m ──────┬──────  
 [38;5;240m  │[0m       ╰──────── module level directive may not be preserved
 [38;5;240m  │[0m 
 [38;5;240m  │[0m [38;5;115mHelp[0m: For more information, see https://rolldown.rs/in-depth/directives#other-directives
[38;5;246m───╯[0m

[33m[MODULE_LEVEL_DIRECTIVE] [0mThe semantics of the module level directive "use client" in "node_modules/@tanstack/react-router/dist/esm/utils.js" may not be preserved when bundling.
   [38;5;246m╭[0m[38;5;246m─[0m[38;5;246m[[0m node_modules/@tanstack/react-router/dist/esm/utils.js:1:1 [38;5;246m][0m
   [38;5;246m│[0m
 [38;5;246m1 │[0m "use client";
 [38;5;240m  │[0m ──────┬──────  
 [38;5;240m  │[0m       ╰──────── module level directive may not be preserved
 [38;5;240m  │[0m 
 [38;5;240m  │[0m [38;5;115mHelp[0m: For more information, see https://rolldown.rs/in-depth/directives#other-directives
[38;5;246m───╯[0m

[33m[MODULE_LEVEL_DIRECTIVE] [0mThe semantics of the module level directive "use client" in "node_modules/@tanstack/react-router/dist/esm/ClientOnly.js" may not be preserved when bundling.
   [38;5;246m╭[0m[38;5;246m─[0m[38;5;246m[[0m node_modules/@tanstack/react-router/dist/esm/ClientOnly.js:1:1 [38;5;246m][0m
   [38;5;246m│[0m
 [38;5;246m1 │[0m "use client";
 [38;5;240m  │[0m ──────┬──────  
 [38;5;240m  │[0m       ╰──────── module level directive may not be preserved
 [38;5;240m  │[0m 
 [38;5;240m  │[0m [38;5;115mHelp[0m: For more information, see https://rolldown.rs/in-depth/directives#other-directives
[38;5;246m───╯[0m

[33m[MODULE_LEVEL_DIRECTIVE] [0mThe semantics of the module level directive "use client" in "node_modules/@tanstack/react-router/dist/esm/CatchBoundary.js" may not be preserved when bundling.
   [38;5;246m╭[0m[38;5;246m─[0m[38;5;246m[[0m node_modules/@tanstack/react-router/dist/esm/CatchBoundary.js:1:1 [38;5;246m][0m
   [38;5;246m│[0m
 [38;5;246m1 │[0m "use client";
 [38;5;240m  │[0m ──────┬──────  
 [38;5;240m  │[0m       ╰──────── module level directive may not be preserved
 [38;5;240m  │[0m 
 [38;5;240m  │[0m [38;5;115mHelp[0m: For more information, see https://rolldown.rs/in-depth/directives#other-directives
[38;5;246m───╯[0m

[33m[MODULE_LEVEL_DIRECTIVE] [0mThe semantics of the module level directive "use client" in "node_modules/@tanstack/react-router/dist/esm/useBlocker.js" may not be preserved when bundling.
   [38;5;246m╭[0m[38;5;246m─[0m[38;5;246m[[0m node_modules/@tanstack/react-router/dist/esm/useBlocker.js:1:1 [38;5;246m][0m
   [38;5;246m│[0m
 [38;5;246m1 │[0m "use client";
 [38;5;240m  │[0m ──────┬──────  
 [38;5;240m  │[0m       ╰──────── module level directive may not be preserved
 [38;5;240m  │[0m 
 [38;5;240m  │[0m [38;5;115mHelp[0m: For more information, see https://rolldown.rs/in-depth/directives#other-directives
[38;5;246m───╯[0m

[33m[MODULE_LEVEL_DIRECTIVE] [0mThe semantics of the module level directive "use client" in "node_modules/@tanstack/react-router/dist/esm/useRouterState.js" may not be preserved when bundling.
   [38;5;246m╭[0m[38;5;246m─[0m[38;5;246m[[0m node_modules/@tanstack/react-router/dist/esm/useRouterState.js:1:1 [38;5;246m][0m
   [38;5;246m│[0m
 [38;5;246m1 │[0m "use client";
 [38;5;240m  │[0m ──────┬──────  
 [38;5;240m  │[0m       ╰──────── module level directive may not be preserved
 [38;5;240m  │[0m 
 [38;5;240m  │[0m [38;5;115mHelp[0m: For more information, see https://rolldown.rs/in-depth/directives#other-directives
[38;5;246m───╯[0m

[33m[MODULE_LEVEL_DIRECTIVE] [0mThe semantics of the module level directive "use client" in "node_modules/@tanstack/react-router/dist/esm/useLocation.js" may not be preserved when bundling.
   [38;5;246m╭[0m[38;5;246m─[0m[38;5;246m[[0m node_modules/@tanstack/react-router/dist/esm/useLocation.js:1:1 [38;5;246m][0m
   [38;5;246m│[0m
 [38;5;246m1 │[0m "use client";
 [38;5;240m  │[0m ──────┬──────  
 [38;5;240m  │[0m       ╰──────── module level directive may not be preserved
 [38;5;240m  │[0m 
 [38;5;240m  │[0m [38;5;115mHelp[0m: For more information, see https://rolldown.rs/in-depth/directives#other-directives
[38;5;246m───╯[0m

[33m[MODULE_LEVEL_DIRECTIVE] [0mThe semantics of the module level directive "use client" in "node_modules/@tanstack/react-router/dist/esm/RouterProvider.js" may not be preserved when bundling.
   [38;5;246m╭[0m[38;5;246m─[0m[38;5;246m[[0m node_modules/@tanstack/react-router/dist/esm/RouterProvider.js:1:1 [38;5;246m][0m
   [38;5;246m│[0m
 [38;5;246m1 │[0m "use client";
 [38;5;240m  │[0m ──────┬──────  
 [38;5;240m  │[0m       ╰──────── module level directive may not be preserved
 [38;5;240m  │[0m 
 [38;5;240m  │[0m [38;5;115mHelp[0m: For more information, see https://rolldown.rs/in-depth/directives#other-directives
[38;5;246m───╯[0m

[33m[MODULE_LEVEL_DIRECTIVE] [0mThe semantics of the module level directive "use client" in "node_modules/@tanstack/react-router/dist/esm/HeadContent.js" may not be preserved when bundling.
   [38;5;246m╭[0m[38;5;246m─[0m[38;5;246m[[0m node_modules/@tanstack/react-router/dist/esm/HeadContent.js:1:1 [38;5;246m][0m
   [38;5;246m│[0m
 [38;5;246m1 │[0m "use client";
 [38;5;240m  │[0m ──────┬──────  
 [38;5;240m  │[0m       ╰──────── module level directive may not be preserved
 [38;5;240m  │[0m 
 [38;5;240m  │[0m [38;5;115mHelp[0m: For more information, see https://rolldown.rs/in-depth/directives#other-directives
[38;5;246m───╯[0m

[33m[MODULE_LEVEL_DIRECTIVE] [0mThe semantics of the module level directive "use client" in "node_modules/@tanstack/react-router/dist/esm/Asset.js" may not be preserved when bundling.
   [38;5;246m╭[0m[38;5;246m─[0m[38;5;246m[[0m node_modules/@tanstack/react-router/dist/esm/Asset.js:1:1 [38;5;246m][0m
   [38;5;246m│[0m
 [38;5;246m1 │[0m "use client";
 [38;5;240m  │[0m ──────┬──────  
 [38;5;240m  │[0m       ╰──────── module level directive may not be preserved
 [38;5;240m  │[0m 
 [38;5;240m  │[0m [38;5;115mHelp[0m: For more information, see https://rolldown.rs/in-depth/directives#other-directives
[38;5;246m───╯[0m

[33m[MODULE_LEVEL_DIRECTIVE] [0mThe semantics of the module level directive "use client" in "node_modules/@tanstack/react-router/dist/esm/Match.js" may not be preserved when bundling.
   [38;5;246m╭[0m[38;5;246m─[0m[38;5;246m[[0m node_modules/@tanstack/react-router/dist/esm/Match.js:1:1 [38;5;246m][0m
   [38;5;246m│[0m
 [38;5;246m1 │[0m "use client";
 [38;5;240m  │[0m ──────┬──────  
 [38;5;240m  │[0m       ╰──────── module level directive may not be preserved
 [38;5;240m  │[0m 
 [38;5;240m  │[0m [38;5;115mHelp[0m: For more information, see https://rolldown.rs/in-depth/directives#other-directives
[38;5;246m───╯[0m

[33m[MODULE_LEVEL_DIRECTIVE] [0mThe semantics of the module level directive "use client" in "node_modules/@tanstack/react-router/dist/esm/Matches.js" may not be preserved when bundling.
   [38;5;246m╭[0m[38;5;246m─[0m[38;5;246m[[0m node_modules/@tanstack/react-router/dist/esm/Matches.js:1:1 [38;5;246m][0m
   [38;5;246m│[0m
 [38;5;246m1 │[0m "use client";
 [38;5;240m  │[0m ──────┬──────  
 [38;5;240m  │[0m       ╰──────── module level directive may not be preserved
 [38;5;240m  │[0m 
 [38;5;240m  │[0m [38;5;115mHelp[0m: For more information, see https://rolldown.rs/in-depth/directives#other-directives
[38;5;246m───╯[0m

[33m[MODULE_LEVEL_DIRECTIVE] [0mThe semantics of the module level directive "use client" in "node_modules/@tanstack/react-router/dist/esm/useNavigate.js" may not be preserved when bundling.
   [38;5;246m╭[0m[38;5;246m─[0m[38;5;246m[[0m node_modules/@tanstack/react-router/dist/esm/useNavigate.js:1:1 [38;5;246m][0m
   [38;5;246m│[0m
 [38;5;246m1 │[0m "use client";
 [38;5;240m  │[0m ──────┬──────  
 [38;5;240m  │[0m       ╰──────── module level directive may not be preserved
 [38;5;240m  │[0m 
 [38;5;240m  │[0m [38;5;115mHelp[0m: For more information, see https://rolldown.rs/in-depth/directives#other-directives
[38;5;246m───╯[0m

[33m[MODULE_LEVEL_DIRECTIVE] [0mThe semantics of the module level directive "use client" in "node_modules/@tanstack/react-router/dist/esm/link.js" may not be preserved when bundling.
   [38;5;246m╭[0m[38;5;246m─[0m[38;5;246m[[0m node_modules/@tanstack/react-router/dist/esm/link.js:1:1 [38;5;246m][0m
   [38;5;246m│[0m
 [38;5;246m1 │[0m "use client";
 [38;5;240m  │[0m ──────┬──────  
 [38;5;240m  │[0m       ╰──────── module level directive may not be preserved
 [38;5;240m  │[0m 
 [38;5;240m  │[0m [38;5;115mHelp[0m: For more information, see https://rolldown.rs/in-depth/directives#other-directives
[38;5;246m───╯[0m

[33m[MODULE_LEVEL_DIRECTIVE] [0mThe semantics of the module level directive "use client" in "node_modules/@radix-ui/react-toggle/dist/index.mjs" may not be preserved when bundling.
   [38;5;246m╭[0m[38;5;246m─[0m[38;5;246m[[0m node_modules/@radix-ui/react-toggle/dist/index.mjs:1:1 [38;5;246m][0m
   [38;5;246m│[0m
 [38;5;246m1 │[0m "use client";
 [38;5;240m  │[0m ──────┬──────  
 [38;5;240m  │[0m       ╰──────── module level directive may not be preserved
 [38;5;240m  │[0m 
 [38;5;240m  │[0m [38;5;115mHelp[0m: For more information, see https://rolldown.rs/in-depth/directives#other-directives
[38;5;246m───╯[0m

[33m[MODULE_LEVEL_DIRECTIVE] [0mThe semantics of the module level directive "use client" in "node_modules/@tanstack/react-router/dist/esm/nonRouteComponentContext.js" may not be preserved when bundling.
   [38;5;246m╭[0m[38;5;246m─[0m[38;5;246m[[0m node_modules/@tanstack/react-router/dist/esm/nonRouteComponentContext.js:1:1 [38;5;246m][0m
   [38;5;246m│[0m
 [38;5;246m1 │[0m "use client";
 [38;5;240m  │[0m ──────┬──────  
 [38;5;240m  │[0m       ╰──────── module level directive may not be preserved
 [38;5;240m  │[0m 
 [38;5;240m  │[0m [38;5;115mHelp[0m: For more information, see https://rolldown.rs/in-depth/directives#other-directives
[38;5;246m───╯[0m

[33m[MODULE_LEVEL_DIRECTIVE] [0mThe semantics of the module level directive "use client" in "node_modules/@tanstack/react-router/dist/esm/routerContext.js" may not be preserved when bundling.
   [38;5;246m╭[0m[38;5;246m─[0m[38;5;246m[[0m node_modules/@tanstack/react-router/dist/esm/routerContext.js:1:1 [38;5;246m][0m
   [38;5;246m│[0m
 [38;5;246m1 │[0m "use client";
 [38;5;240m  │[0m ──────┬──────  
 [38;5;240m  │[0m       ╰──────── module level directive may not be preserved
 [38;5;240m  │[0m 
 [38;5;240m  │[0m [38;5;115mHelp[0m: For more information, see https://rolldown.rs/in-depth/directives#other-directives
[38;5;246m───╯[0m

[33m[MODULE_LEVEL_DIRECTIVE] [0mThe semantics of the module level directive "use client" in "node_modules/@tanstack/react-router/dist/esm/Transitioner.js" may not be preserved when bundling.
   [38;5;246m╭[0m[38;5;246m─[0m[38;5;246m[[0m node_modules/@tanstack/react-router/dist/esm/Transitioner.js:1:1 [38;5;246m][0m
   [38;5;246m│[0m
 [38;5;246m1 │[0m "use client";
 [38;5;240m  │[0m ──────┬──────  
 [38;5;240m  │[0m       ╰──────── module level directive may not be preserved
 [38;5;240m  │[0m 
 [38;5;240m  │[0m [38;5;115mHelp[0m: For more information, see https://rolldown.rs/in-depth/directives#other-directives
[38;5;246m───╯[0m

[33m[MODULE_LEVEL_DIRECTIVE] [0mThe semantics of the module level directive "use client" in "node_modules/@tanstack/react-router/dist/esm/matchContext.js" may not be preserved when bundling.
   [38;5;246m╭[0m[38;5;246m─[0m[38;5;246m[[0m node_modules/@tanstack/react-router/dist/esm/matchContext.js:1:1 [38;5;246m][0m
   [38;5;246m│[0m
 [38;5;246m1 │[0m "use client";
 [38;5;240m  │[0m ──────┬──────  
 [38;5;240m  │[0m       ╰──────── module level directive may not be preserved
 [38;5;240m  │[0m 
 [38;5;240m  │[0m [38;5;115mHelp[0m: For more information, see https://rolldown.rs/in-depth/directives#other-directives
[38;5;246m───╯[0m

[33m[MODULE_LEVEL_DIRECTIVE] [0mThe semantics of the module level directive "use client" in "node_modules/sonner/dist/index.mjs" may not be preserved when bundling.
   [38;5;246m╭[0m[38;5;246m─[0m[38;5;246m[[0m node_modules/sonner/dist/index.mjs:1:1 [38;5;246m][0m
   [38;5;246m│[0m
 [38;5;246m1 │[0m 'use client';
 [38;5;240m  │[0m ──────┬──────  
 [38;5;240m  │[0m       ╰──────── module level directive may not be preserved
 [38;5;240m  │[0m 
 [38;5;240m  │[0m [38;5;115mHelp[0m: For more information, see https://rolldown.rs/in-depth/directives#other-directives
[38;5;246m───╯[0m

[33m[MODULE_LEVEL_DIRECTIVE] [0mThe semantics of the module level directive "use client" in "node_modules/@radix-ui/react-select/dist/index.mjs" may not be preserved when bundling.
   [38;5;246m╭[0m[38;5;246m─[0m[38;5;246m[[0m node_modules/@radix-ui/react-select/dist/index.mjs:1:1 [38;5;246m][0m
   [38;5;246m│[0m
 [38;5;246m1 │[0m "use client";
 [38;5;240m  │[0m ──────┬──────  
 [38;5;240m  │[0m       ╰──────── module level directive may not be preserved
 [38;5;240m  │[0m 
 [38;5;240m  │[0m [38;5;115mHelp[0m: For more information, see https://rolldown.rs/in-depth/directives#other-directives
[38;5;246m───╯[0m

[33m[MODULE_LEVEL_DIRECTIVE] [0mThe semantics of the module level directive "use client" in "node_modules/@radix-ui/react-alert-dialog/dist/index.mjs" may not be preserved when bundling.
   [38;5;246m╭[0m[38;5;246m─[0m[38;5;246m[[0m node_modules/@radix-ui/react-alert-dialog/dist/index.mjs:1:1 [38;5;246m][0m
   [38;5;246m│[0m
 [38;5;246m1 │[0m "use client";
 [38;5;240m  │[0m ──────┬──────  
 [38;5;240m  │[0m       ╰──────── module level directive may not be preserved
 [38;5;240m  │[0m 
 [38;5;240m  │[0m [38;5;115mHelp[0m: For more information, see https://rolldown.rs/in-depth/directives#other-directives
[38;5;246m───╯[0m

[33m[MODULE_LEVEL_DIRECTIVE] [0mThe semantics of the module level directive "use client" in "node_modules/@radix-ui/react-dialog/dist/index.mjs" may not be preserved when bundling.
   [38;5;246m╭[0m[38;5;246m─[0m[38;5;246m[[0m node_modules/@radix-ui/react-dialog/dist/index.mjs:1:1 [38;5;246m][0m
   [38;5;246m│[0m
 [38;5;246m1 │[0m "use client";
 [38;5;240m  │[0m ──────┬──────  
 [38;5;240m  │[0m       ╰──────── module level directive may not be preserved
 [38;5;240m  │[0m 
 [38;5;240m  │[0m [38;5;115mHelp[0m: For more information, see https://rolldown.rs/in-depth/directives#other-directives
[38;5;246m───╯[0m

[33m[MODULE_LEVEL_DIRECTIVE] [0mThe semantics of the module level directive "use client" in "node_modules/lucide-react/dist/esm/Icon.mjs" may not be preserved when bundling.
   [38;5;246m╭[0m[38;5;246m─[0m[38;5;246m[[0m node_modules/lucide-react/dist/esm/Icon.mjs:2:1 [38;5;246m][0m
   [38;5;246m│[0m
 [38;5;246m2 │[0m "use client";
 [38;5;240m  │[0m ──────┬──────  
 [38;5;240m  │[0m       ╰──────── module level directive may not be preserved
 [38;5;240m  │[0m 
 [38;5;240m  │[0m [38;5;115mHelp[0m: For more information, see https://rolldown.rs/in-depth/directives#other-directives
[38;5;246m───╯[0m

[33m[MODULE_LEVEL_DIRECTIVE] [0mThe semantics of the module level directive "use client" in "node_modules/lucide-react/dist/esm/context.mjs" may not be preserved when bundling.
   [38;5;246m╭[0m[38;5;246m─[0m[38;5;246m[[0m node_modules/lucide-react/dist/esm/context.mjs:2:1 [38;5;246m][0m
   [38;5;246m│[0m
 [38;5;246m2 │[0m "use client";
 [38;5;240m  │[0m ──────┬──────  
 [38;5;240m  │[0m       ╰──────── module level directive may not be preserved
 [38;5;240m  │[0m 
 [38;5;240m  │[0m [38;5;115mHelp[0m: For more information, see https://rolldown.rs/in-depth/directives#other-directives
[38;5;246m───╯[0m

[33m[MODULE_LEVEL_DIRECTIVE] [0mThe semantics of the module level directive "use client" in "node_modules/@radix-ui/react-direction/dist/index.mjs" may not be preserved when bundling.
   [38;5;246m╭[0m[38;5;246m─[0m[38;5;246m[[0m node_modules/@radix-ui/react-direction/dist/index.mjs:1:1 [38;5;246m][0m
   [38;5;246m│[0m
 [38;5;246m1 │[0m "use client";
 [38;5;240m  │[0m ──────┬──────  
 [38;5;240m  │[0m       ╰──────── module level directive may not be preserved
 [38;5;240m  │[0m 
 [38;5;240m  │[0m [38;5;115mHelp[0m: For more information, see https://rolldown.rs/in-depth/directives#other-directives
[38;5;246m───╯[0m

[33m[MODULE_LEVEL_DIRECTIVE] [0mThe semantics of the module level directive "use client" in "node_modules/@radix-ui/react-toggle-group/dist/index.mjs" may not be preserved when bundling.
   [38;5;246m╭[0m[38;5;246m─[0m[38;5;246m[[0m node_modules/@radix-ui/react-toggle-group/dist/index.mjs:1:1 [38;5;246m][0m
   [38;5;246m│[0m
 [38;5;246m1 │[0m "use client";
 [38;5;240m  │[0m ──────┬──────  
 [38;5;240m  │[0m       ╰──────── module level directive may not be preserved
 [38;5;240m  │[0m 
 [38;5;240m  │[0m [38;5;115mHelp[0m: For more information, see https://rolldown.rs/in-depth/directives#other-directives
[38;5;246m───╯[0m

[33m[MODULE_LEVEL_DIRECTIVE] [0mThe semantics of the module level directive "use client" in "node_modules/@radix-ui/react-focus-guards/dist/index.mjs" may not be preserved when bundling.
   [38;5;246m╭[0m[38;5;246m─[0m[38;5;246m[[0m node_modules/@radix-ui/react-focus-guards/dist/index.mjs:1:1 [38;5;246m][0m
   [38;5;246m│[0m
 [38;5;246m1 │[0m "use client";
 [38;5;240m  │[0m ──────┬──────  
 [38;5;240m  │[0m       ╰──────── module level directive may not be preserved
 [38;5;240m  │[0m 
 [38;5;240m  │[0m [38;5;115mHelp[0m: For more information, see https://rolldown.rs/in-depth/directives#other-directives
[38;5;246m───╯[0m

[33m[MODULE_LEVEL_DIRECTIVE] [0mThe semantics of the module level directive "use client" in "node_modules/@radix-ui/react-tabs/dist/index.mjs" may not be preserved when bundling.
   [38;5;246m╭[0m[38;5;246m─[0m[38;5;246m[[0m node_modules/@radix-ui/react-tabs/dist/index.mjs:1:1 [38;5;246m][0m
   [38;5;246m│[0m
 [38;5;246m1 │[0m "use client";
 [38;5;240m  │[0m ──────┬──────  
 [38;5;240m  │[0m       ╰──────── module level directive may not be preserved
 [38;5;240m  │[0m 
 [38;5;240m  │[0m [38;5;115mHelp[0m: For more information, see https://rolldown.rs/in-depth/directives#other-directives
[38;5;246m───╯[0m

[33m[MODULE_LEVEL_DIRECTIVE] [0mThe semantics of the module level directive "use client" in "node_modules/@radix-ui/react-collection/dist/index.mjs" may not be preserved when bundling.
   [38;5;246m╭[0m[38;5;246m─[0m[38;5;246m[[0m node_modules/@radix-ui/react-collection/dist/index.mjs:1:1 [38;5;246m][0m
   [38;5;246m│[0m
 [38;5;246m1 │[0m "use client";
 [38;5;240m  │[0m ──────┬──────  
 [38;5;240m  │[0m       ╰──────── module level directive may not be preserved
 [38;5;240m  │[0m 
 [38;5;240m  │[0m [38;5;115mHelp[0m: For more information, see https://rolldown.rs/in-depth/directives#other-directives
[38;5;246m───╯[0m

[33m[MODULE_LEVEL_DIRECTIVE] [0mThe semantics of the module level directive "use client" in "node_modules/@radix-ui/react-dismissable-layer/dist/index.mjs" may not be preserved when bundling.
   [38;5;246m╭[0m[38;5;246m─[0m[38;5;246m[[0m node_modules/@radix-ui/react-dismissable-layer/dist/index.mjs:1:1 [38;5;246m][0m
   [38;5;246m│[0m
 [38;5;246m1 │[0m "use client";
 [38;5;240m  │[0m ──────┬──────  
 [38;5;240m  │[0m       ╰──────── module level directive may not be preserved
 [38;5;240m  │[0m 
 [38;5;240m  │[0m [38;5;115mHelp[0m: For more information, see https://rolldown.rs/in-depth/directives#other-directives
[38;5;246m───╯[0m

[33m[MODULE_LEVEL_DIRECTIVE] [0mThe semantics of the module level directive "use client" in "node_modules/@radix-ui/react-accordion/dist/index.mjs" may not be preserved when bundling.
   [38;5;246m╭[0m[38;5;246m─[0m[38;5;246m[[0m node_modules/@radix-ui/react-accordion/dist/index.mjs:1:1 [38;5;246m][0m
   [38;5;246m│[0m
 [38;5;246m1 │[0m "use client";
 [38;5;240m  │[0m ──────┬──────  
 [38;5;240m  │[0m       ╰──────── module level directive may not be preserved
 [38;5;240m  │[0m 
 [38;5;240m  │[0m [38;5;115mHelp[0m: For more information, see https://rolldown.rs/in-depth/directives#other-directives
[38;5;246m───╯[0m

[33m[MODULE_LEVEL_DIRECTIVE] [0mThe semantics of the module level directive "use client" in "node_modules/@radix-ui/react-scroll-area/dist/index.mjs" may not be preserved when bundling.
   [38;5;246m╭[0m[38;5;246m─[0m[38;5;246m[[0m node_modules/@radix-ui/react-scroll-area/dist/index.mjs:1:1 [38;5;246m][0m
   [38;5;246m│[0m
 [38;5;246m1 │[0m "use client";
 [38;5;240m  │[0m ──────┬──────  
 [38;5;240m  │[0m       ╰──────── module level directive may not be preserved
 [38;5;240m  │[0m 
 [38;5;240m  │[0m [38;5;115mHelp[0m: For more information, see https://rolldown.rs/in-depth/directives#other-directives
[38;5;246m───╯[0m

[33m[MODULE_LEVEL_DIRECTIVE] [0mThe semantics of the module level directive "use client" in "node_modules/@radix-ui/react-focus-scope/dist/index.mjs" may not be preserved when bundling.
   [38;5;246m╭[0m[38;5;246m─[0m[38;5;246m[[0m node_modules/@radix-ui/react-focus-scope/dist/index.mjs:1:1 [38;5;246m][0m
   [38;5;246m│[0m
 [38;5;246m1 │[0m "use client";
 [38;5;240m  │[0m ──────┬──────  
 [38;5;240m  │[0m       ╰──────── module level directive may not be preserved
 [38;5;240m  │[0m 
 [38;5;240m  │[0m [38;5;115mHelp[0m: For more information, see https://rolldown.rs/in-depth/directives#other-directives
[38;5;246m───╯[0m

[33m[MODULE_LEVEL_DIRECTIVE] [0mThe semantics of the module level directive "use client" in "node_modules/@radix-ui/react-presence/dist/index.mjs" may not be preserved when bundling.
   [38;5;246m╭[0m[38;5;246m─[0m[38;5;246m[[0m node_modules/@radix-ui/react-presence/dist/index.mjs:1:1 [38;5;246m][0m
   [38;5;246m│[0m
 [38;5;246m1 │[0m "use client";
 [38;5;240m  │[0m ──────┬──────  
 [38;5;240m  │[0m       ╰──────── module level directive may not be preserved
 [38;5;240m  │[0m 
 [38;5;240m  │[0m [38;5;115mHelp[0m: For more information, see https://rolldown.rs/in-depth/directives#other-directives
[38;5;246m───╯[0m

[33m[MODULE_LEVEL_DIRECTIVE] [0mThe semantics of the module level directive "use client" in "node_modules/@radix-ui/react-popper/dist/index.mjs" may not be preserved when bundling.
   [38;5;246m╭[0m[38;5;246m─[0m[38;5;246m[[0m node_modules/@radix-ui/react-popper/dist/index.mjs:1:1 [38;5;246m][0m
   [38;5;246m│[0m
 [38;5;246m1 │[0m "use client";
 [38;5;240m  │[0m ──────┬──────  
 [38;5;240m  │[0m       ╰──────── module level directive may not be preserved
 [38;5;240m  │[0m 
 [38;5;240m  │[0m [38;5;115mHelp[0m: For more information, see https://rolldown.rs/in-depth/directives#other-directives
[38;5;246m───╯[0m

[33m[MODULE_LEVEL_DIRECTIVE] [0mThe semantics of the module level directive "use client" in "node_modules/@radix-ui/react-portal/dist/index.mjs" may not be preserved when bundling.
   [38;5;246m╭[0m[38;5;246m─[0m[38;5;246m[[0m node_modules/@radix-ui/react-portal/dist/index.mjs:1:1 [38;5;246m][0m
   [38;5;246m│[0m
 [38;5;246m1 │[0m "use client";
 [38;5;240m  │[0m ──────┬──────  
 [38;5;240m  │[0m       ╰──────── module level directive may not be preserved
 [38;5;240m  │[0m 
 [38;5;240m  │[0m [38;5;115mHelp[0m: For more information, see https://rolldown.rs/in-depth/directives#other-directives
[38;5;246m───╯[0m

[33m[MODULE_LEVEL_DIRECTIVE] [0mThe semantics of the module level directive "use client" in "node_modules/@radix-ui/react-label/dist/index.mjs" may not be preserved when bundling.
   [38;5;246m╭[0m[38;5;246m─[0m[38;5;246m[[0m node_modules/@radix-ui/react-label/dist/index.mjs:1:1 [38;5;246m][0m
   [38;5;246m│[0m
 [38;5;246m1 │[0m "use client";
 [38;5;240m  │[0m ──────┬──────  
 [38;5;240m  │[0m       ╰──────── module level directive may not be preserved
 [38;5;240m  │[0m 
 [38;5;240m  │[0m [38;5;115mHelp[0m: For more information, see https://rolldown.rs/in-depth/directives#other-directives
[38;5;246m───╯[0m

[33m[MODULE_LEVEL_DIRECTIVE] [0mThe semantics of the module level directive "use client" in "node_modules/@radix-ui/react-radio-group/dist/index.mjs" may not be preserved when bundling.
   [38;5;246m╭[0m[38;5;246m─[0m[38;5;246m[[0m node_modules/@radix-ui/react-radio-group/dist/index.mjs:1:1 [38;5;246m][0m
   [38;5;246m│[0m
 [38;5;246m1 │[0m "use client";
 [38;5;240m  │[0m ──────┬──────  
 [38;5;240m  │[0m       ╰──────── module level directive may not be preserved
 [38;5;240m  │[0m 
 [38;5;240m  │[0m [38;5;115mHelp[0m: For more information, see https://rolldown.rs/in-depth/directives#other-directives
[38;5;246m───╯[0m

[33m[MODULE_LEVEL_DIRECTIVE] [0mThe semantics of the module level directive "use client" in "node_modules/@radix-ui/react-dropdown-menu/dist/index.mjs" may not be preserved when bundling.
   [38;5;246m╭[0m[38;5;246m─[0m[38;5;246m[[0m node_modules/@radix-ui/react-dropdown-menu/dist/index.mjs:1:1 [38;5;246m][0m
   [38;5;246m│[0m
 [38;5;246m1 │[0m "use client";
 [38;5;240m  │[0m ──────┬──────  
 [38;5;240m  │[0m       ╰──────── module level directive may not be preserved
 [38;5;240m  │[0m 
 [38;5;240m  │[0m [38;5;115mHelp[0m: For more information, see https://rolldown.rs/in-depth/directives#other-directives
[38;5;246m───╯[0m

[33m[MODULE_LEVEL_DIRECTIVE] [0mThe semantics of the module level directive "use client" in "node_modules/@radix-ui/react-tooltip/dist/index.mjs" may not be preserved when bundling.
   [38;5;246m╭[0m[38;5;246m─[0m[38;5;246m[[0m node_modules/@radix-ui/react-tooltip/dist/index.mjs:1:1 [38;5;246m][0m
   [38;5;246m│[0m
 [38;5;246m1 │[0m "use client";
 [38;5;240m  │[0m ──────┬──────  
 [38;5;240m  │[0m       ╰──────── module level directive may not be preserved
 [38;5;240m  │[0m 
 [38;5;240m  │[0m [38;5;115mHelp[0m: For more information, see https://rolldown.rs/in-depth/directives#other-directives
[38;5;246m───╯[0m

[33m[MODULE_LEVEL_DIRECTIVE] [0mThe semantics of the module level directive "use client" in "node_modules/@radix-ui/react-collapsible/dist/index.mjs" may not be preserved when bundling.
   [38;5;246m╭[0m[38;5;246m─[0m[38;5;246m[[0m node_modules/@radix-ui/react-collapsible/dist/index.mjs:1:1 [38;5;246m][0m
   [38;5;246m│[0m
 [38;5;246m1 │[0m "use client";
 [38;5;240m  │[0m ──────┬──────  
 [38;5;240m  │[0m       ╰──────── module level directive may not be preserved
 [38;5;240m  │[0m 
 [38;5;240m  │[0m [38;5;115mHelp[0m: For more information, see https://rolldown.rs/in-depth/directives#other-directives
[38;5;246m───╯[0m

[33m[MODULE_LEVEL_DIRECTIVE] [0mThe semantics of the module level directive "use client" in "node_modules/@radix-ui/react-roving-focus/dist/index.mjs" may not be preserved when bundling.
   [38;5;246m╭[0m[38;5;246m─[0m[38;5;246m[[0m node_modules/@radix-ui/react-roving-focus/dist/index.mjs:1:1 [38;5;246m][0m
   [38;5;246m│[0m
 [38;5;246m1 │[0m "use client";
 [38;5;240m  │[0m ──────┬──────  
 [38;5;240m  │[0m       ╰──────── module level directive may not be preserved
 [38;5;240m  │[0m 
 [38;5;240m  │[0m [38;5;115mHelp[0m: For more information, see https://rolldown.rs/in-depth/directives#other-directives
[38;5;246m───╯[0m

[33m[MODULE_LEVEL_DIRECTIVE] [0mThe semantics of the module level directive "use client" in "node_modules/@radix-ui/react-menu/dist/index.mjs" may not be preserved when bundling.
   [38;5;246m╭[0m[38;5;246m─[0m[38;5;246m[[0m node_modules/@radix-ui/react-menu/dist/index.mjs:1:1 [38;5;246m][0m
   [38;5;246m│[0m
 [38;5;246m1 │[0m "use client";
 [38;5;240m  │[0m ──────┬──────  
 [38;5;240m  │[0m       ╰──────── module level directive may not be preserved
 [38;5;240m  │[0m 
 [38;5;240m  │[0m [38;5;115mHelp[0m: For more information, see https://rolldown.rs/in-depth/directives#other-directives
[38;5;246m───╯[0m

✓ built in 2.44s
ℹ Generated .output/nitro.json

[nitro] ✔ You can preview this build using npx vite preview
(!) Your Vite config uses features that are unsupported by `configLoader: 'native'`, which is planned to become the default in a future major version of Vite:
  - import "./github-readmes" without a file extension (src/lib/github-data.ts:1:30). Add the file extension
Set `VITE_CONFIG_NATIVE_IGNORE_WARNING=true` to suppress this warning.
Warning: Route file "/Users/donaldfilimon/dev/active/quesar.cloud/src/routes/auth-entry.test.tsx" does not export a Route. This file will not be included in the route tree.

If this file is not intended to be a route, you can exclude it using one of these options:
  1. Rename the file to "/Users/donaldfilimon/dev/active/quesar.cloud/src/routes/-auth-entry.test.tsx" (prefix with "-")
  2. Use 'routeFileIgnorePattern' in your config to match this file

Current configuration:
  routeFileIgnorePrefix: "-"
  routeFileIgnorePattern: undefined
Warning: Route file "/Users/donaldfilimon/dev/active/quesar.cloud/src/routes/contact.test.tsx" does not export a Route. This file will not be included in the route tree.

If this file is not intended to be a route, you can exclude it using one of these options:
  1. Rename the file to "/Users/donaldfilimon/dev/active/quesar.cloud/src/routes/-contact.test.tsx" (prefix with "-")
  2. Use 'routeFileIgnorePattern' in your config to match this file

Current configuration:
  routeFileIgnorePrefix: "-"
  routeFileIgnorePattern: undefined

 ╭────────── [Build Info] ────────────╮
 │                                    │
 │  - Build Directory: .output        │
 │  - Date: 10/9/2026, 4:48:34 PM     │
 │  - Nitro Version: 3.0.260903-beta  │
 │  - Nitro Preset: node-server       │
 │                                    │
 ╰────────────────────────────────────╯

[prerender] Prerendering pages...
[prerender] Concurrency: 10
[prerender] Crawling: /feed.xml
[prerender] Crawling: /unauthorized
[prerender] Crawling: /signup
[prerender] Crawling: /404
[prerender] Crawling: /
[prerender] Crawling: /abbey
[prerender] Crawling: /abbey-bot
[prerender] Crawling: /abi
[prerender] Crawling: /about
[prerender] Crawling: /admin
[prerender] Crawling: /apps
[prerender] Crawling: /architecture
[prerender] Crawling: /benchmarks
[unhandledRejection] Error: Failed to fetch /404: 
    at file:///Users/donaldfilimon/dev/active/quesar.cloud/node_modules/@tanstack/start-plugin-core/dist/esm/prerender.js:79:13
    at process.processTicksAndRejections (node:internal/process/task_queues:104:5)
    at async file:///Users/donaldfilimon/dev/active/quesar.cloud/node_modules/@tanstack/start-plugin-core/dist/esm/queue.js:35:12 {
  [cause]: Response {
    status: 404,
    statusText: '',
    headers: Headers {
      vary: 'Origin',
      'content-type': 'text/html; charset=utf-8',
      date: 'Fri, 09 Oct 2026 20:48:34 GMT',
      connection: 'keep-alive',
      'keep-alive': 'timeout=5',
      'transfer-encoding': 'chunked'
    },
    body: ReadableStream { locked: false, state: 'readable', supportsBYOB: true },
    bodyUsed: false,
    ok: false,
    redirected: false,
    type: 'basic',
    url: 'http://127.0.0.1:3000/404'
  }
}
[prerender] Crawling: /blog
[prerender] Crawling: /cell-machine
[prerender] Crawling: /changelog
[prerender] Crawling: /companion
[prerender] Crawling: /company
[prerender] Crawling: /console
[prerender] Crawling: /contact
[prerender] Crawling: /dashboard
[prerender] Crawling: /demo
[prerender] Crawling: /developers
[prerender] Crawling: /docs
[prerender] Crawling: /financial-model
[prerender] Crawling: /gama
[prerender] Crawling: /get-started
[prerender] Crawling: /investors
[prerender] Crawling: /links
[prerender] Crawling: /login
[prerender] Crawling: /mobile
[prerender] Crawling: /platform
[prerender] Crawling: /plugins
[prerender] Crawling: /privacy
[prerender] Crawling: /products
[prerender] Crawling: /profile
[prerender] Crawling: /projects
[prerender] Crawling: /quesar
[prerender] Crawling: /research
[prerender] Crawling: /security
[prerender] Crawling: /services
[prerender] Crawling: /showcase
[prerender] Crawling: /skill-creator
[prerender] Crawling: /source
[prerender] Crawling: /team
[prerender] Crawling: /terms
[prerender] Crawling: /tf-pose-demo
[prerender] Crawling: /wdbx
[prerender] Crawling: /workspace
[prerender] Crawling: /console/workspace
[prerender] Crawling: /quasar/new
[prerender] Crawling: /quasar/settings
[prerender] Crawling: /quasar/sites
[prerender] Crawling: /research/implementations
[prerender] Crawling: /showcase/abbey
[prerender] Crawling: /showcase/design
[prerender] Crawling: /showcase/explainer
[prerender] Crawling: /showcase/film
[prerender] Crawling: /showcase/mega
[prerender] Crawling: /showcase/trailer
[prerender] Crawling: /docs/wdbx
[prerender] Crawling: /docs/getting-started
[prerender] Crawling: /source/nyon
[prerender] Crawling: /login?next=%2Fconsole
[prerender] Crawling: /docs/runtime
[prerender] Crawling: /products/abi
[prerender] Crawling: /console?node=quesar
[prerender] Crawling: /blog/abi-is-rust-now
[prerender] Crawling: /blog/wdbx-v2-release
[prerender] Crawling: /blog/on-saying-im-not-sure
[prerender] Crawling: /blog/inside-wdbx-hybrid-ranker
[prerender] Crawling: /blog/what-the-model-sees-sea
[prerender] Crawling: /blog/weights-behind-the-personas
[prerender] Crawling: /blog/explainable-last-move
[prerender] Crawling: /blog/production-ready-agent-metrics
[prerender] Crawling: /blog/vector-search-to-backtrace-graphs
[prerender] Crawling: /blog/separate-planning-review-execution
[prerender] Crawling: /blog/calm-control-surfaces
[prerender] Crawling: /blog/incident-reviews-from-ai-logs
[prerender] Crawling: /blog/private-ai-is-not-invisible-ai
[prerender] Crawling: /blog/neural-backtracking
[prerender] Crawling: /blog/zig-016-migration
[prerender] Crawling: /blog/why-zig
[prerender] Crawling: /source/cell-machine
[prerender] Crawling: /research/wdbx-weighted-backtrace-memory-store
[prerender] Crawling: /source/cell-lang
[prerender] Crawling: /docs/deployment
[prerender] Crawling: /docs/architecture
[prerender] Crawling: /docs/trust
[prerender] Crawling: /docs/evidence
[prerender] Crawling: /docs/identity
[prerender] Crawling: /docs/gama
[prerender] Crawling: /docs/personas
[prerender] Crawling: /docs/wdbx-v2
[prerender] Crawling: /docs/mcp
[prerender] Crawling: /docs/api
[prerender] Crawling: /research/policy-locked-tool-use-multi-agent
[prerender] Crawling: /docs/wdbx/getting-started.md
[prerender] Crawling: /docs/wdbx/architecture.md
[prerender] Crawling: /docs/wdbx/persistence.md
[prerender] Crawling: /docs/wdbx/acceleration.md
[prerender] Crawling: /docs/wdbx/api.md
[prerender] Crawling: /docs/wdbx/cli.md
[prerender] Crawling: /docs/wdbx/protocols.md
[prerender] Crawling: /docs/wdbx/limitations.md
[prerender] Crawling: /docs/wdbx/index.md
[prerender] Crawling: /research/wdbx-weighted-backtrace-memory-store-2026-09-06.pdf
[prerender] Crawling: /research/wdbx-weighted-backtrace-memory-store.pdf
[prerender] Crawling: /research/multi-persona-routing-policy-weights-2026-09-06.pdf
[prerender] Crawling: /research/multi-persona-routing-policy-weights.pdf
[prerender] Crawling: /projects/gama
[prerender] Crawling: /products/abbey
[prerender] Crawling: /team/donald-filimon
[prerender] Crawling: /products/wdbx
[prerender] Crawling: /products/quasar
[prerender] Crawling: /projects/abi
[prerender] Crawling: /projects/wdbx
[prerender] Crawling: /projects/abbey
[prerender] Crawling: /research/ai-overview
[prerender] Crawling: /research/wdbx-overview
[prerender] Crawling: /research/sea-overview
[prerender] Crawling: /research/gpu-overview
[prerender] Crawling: /research/mcp-overview
[prerender] Crawling: /research/tui-overview
[prerender] Crawling: /research/sparse-evidence-attention-context-assembly
[prerender] Crawling: /research/wdbx-graph-weights-traceable-retrieval
[prerender] Crawling: /research/latency-budgets-real-time-orchestration
[prerender] Crawling: /research/backtrace-confidence-signals-hallucination
[prerender] Crawling: /research/vector-index-maintenance-continuous-ingestion
[prerender] Crawling: /research/human-approval-gates-operators-use
[prerender] Crawling: /research/chunk-provenance-long-context-retrieval
[prerender] Crawling: /research/offline-first-ai-sensitive-data
[prerender] Crawling: /research/prompt-injection-drills-agentic-systems
[prerender] Crawling: /research/multi-persona-routing-policy-weights
[prerender] Crawling: /research/gpu-implementation-guide
[prerender] Crawling: /research/mcp-implementation-guide
[prerender] Crawling: /research/tui-implementation-guide
[prerender] Crawling: /research/implementations/six-layer-evidence-aware-platform
[prerender] Crawling: /research/implementations/private-document-intelligence-pipeline
[prerender] Crawling: /research/implementations/mobile-vault-cloudkit-local-fallback
[prerender] Crawling: /research/implementations/quasar-bounded-repository-generation
[prerender] Crawling: /research/implementations/abbey-executable-capability-ledger
[prerender] Crawling: /research/implementations/wdbx-specimen-architecture-and-conformance
[prerender] Crawling: /research/implementations/deterministic-research-provenance-exports
[prerender] Crawling: /contact?service=Pilot+engineering+engagement
[prerender] Crawling: /contact?service=Platform+engineering+engagement
[prerender] Crawling: /contact?service=Autonomy+Readiness+Audit
[prerender] Crawling: /contact?service=WDBX+Retrieval+Architecture
[prerender] Crawling: /contact?service=Multi-Agent+Orchestration
[prerender] Crawling: /contact?service=Model+%26+Runtime+Optimization
[prerender] Crawling: /contact?service=Safety+%26+Compliance+Layering
[prerender] Crawling: /contact?service=Private+AI+Deployment
[prerender] Crawling: /contact?service=Research+Translation
[prerender] Crawling: /contact?service=Executive+%26+Engineering+Workshops
[prerender] Crawling: /contact?service=Continuous+Evaluation+Systems
[prerender] Crawling: /source/wdbx-py
[prerender] Prerendered 155 pages:
[prerender] - /feed.xml
[prerender] - /
[prerender] - /unauthorized
[prerender] - /abbey
[prerender] - /apps
[prerender] - /abi
[prerender] - /abbey-bot
[prerender] - /signup
[prerender] - /about
[prerender] - /admin
[prerender] - /architecture
[prerender] - /blog
[prerender] - /benchmarks
[prerender] - /cell-machine
[prerender] - /changelog
[prerender] - /companion
[prerender] - /console
[prerender] - /company
[prerender] - /dashboard
[prerender] - /contact
[prerender] - /demo
[prerender] - /developers
[prerender] - /docs
[prerender] - /financial-model
[prerender] - /gama
[prerender] - /get-started
[prerender] - /investors
[prerender] - /links
[prerender] - /login
[prerender] - /mobile
[prerender] - /platform
[prerender] - /plugins
[prerender] - /privacy
[prerender] - /products
[prerender] - /profile
[prerender] - /projects
[prerender] - /quesar
[prerender] - /research
[prerender] - /security
[prerender] - /services
[prerender] - /skill-creator
[prerender] - /showcase
[prerender] - /source
[prerender] - /team
[prerender] - /terms
[prerender] - /tf-pose-demo
[prerender] - /workspace
[prerender] - /wdbx
[prerender] - /console/workspace
[prerender] - /quasar/settings
[prerender] - /quasar/new
[prerender] - /quasar/sites
[prerender] - /research/implementations
[prerender] - /showcase/abbey
[prerender] - /showcase/design
[prerender] - /showcase/film
[prerender] - /showcase/explainer
[prerender] - /showcase/mega
[prerender] - /showcase/trailer
[prerender] - /docs/getting-started
[prerender] - /source/nyon
[prerender] - /docs/wdbx
[prerender] - /docs/runtime
[prerender] - /products/abi
[prerender] - /blog/abi-is-rust-now
[prerender] - /blog/wdbx-v2-release
[prerender] - /blog/on-saying-im-not-sure
[prerender] - /login?next=%2Fconsole
[prerender] - /blog/inside-wdbx-hybrid-ranker
[prerender] - /blog/what-the-model-sees-sea
[prerender] - /blog/weights-behind-the-personas
[prerender] - /console?node=quesar
[prerender] - /blog/explainable-last-move
[prerender] - /blog/production-ready-agent-metrics
[prerender] - /blog/vector-search-to-backtrace-graphs
[prerender] - /blog/separate-planning-review-execution
[prerender] - /blog/calm-control-surfaces
[prerender] - /blog/incident-reviews-from-ai-logs
[prerender] - /blog/private-ai-is-not-invisible-ai
[prerender] - /blog/neural-backtracking
[prerender] - /blog/zig-016-migration
[prerender] - /blog/why-zig
[prerender] - /source/cell-lang
[prerender] - /docs/deployment
[prerender] - /research/wdbx-weighted-backtrace-memory-store
[prerender] - /source/cell-machine
[prerender] - /docs/architecture
[prerender] - /docs/trust
[prerender] - /docs/identity
[prerender] - /docs/evidence
[prerender] - /docs/gama
[prerender] - /docs/personas
[prerender] - /docs/wdbx-v2
[prerender] - /docs/api
[prerender] - /docs/mcp
[prerender] - /research/policy-locked-tool-use-multi-agent
[prerender] - /docs/wdbx/getting-started.md
[prerender] - /docs/wdbx/architecture.md
[prerender] - /docs/wdbx/persistence.md
[prerender] - /docs/wdbx/acceleration.md
[prerender] - /docs/wdbx/api.md
[prerender] - /docs/wdbx/cli.md
[prerender] - /docs/wdbx/protocols.md
[prerender] - /docs/wdbx/limitations.md
[prerender] - /docs/wdbx/index.md
[prerender] - /research/wdbx-weighted-backtrace-memory-store-2026-09-06.pdf
[prerender] - /research/multi-persona-routing-policy-weights-2026-09-06.pdf
[prerender] - /research/wdbx-weighted-backtrace-memory-store.pdf
[prerender] - /research/multi-persona-routing-policy-weights.pdf
[prerender] - /projects/gama
[prerender] - /products/abbey
[prerender] - /team/donald-filimon
[prerender] - /products/wdbx
[prerender] - /products/quasar
[prerender] - /projects/abi
[prerender] - /projects/wdbx
[prerender] - /projects/abbey
[prerender] - /research/ai-overview
[prerender] - /research/wdbx-overview
[prerender] - /research/gpu-overview
[prerender] - /research/sea-overview
[prerender] - /research/tui-overview
[prerender] - /research/mcp-overview
[prerender] - /research/sparse-evidence-attention-context-assembly
[prerender] - /research/wdbx-graph-weights-traceable-retrieval
[prerender] - /research/human-approval-gates-operators-use
[prerender] - /research/backtrace-confidence-signals-hallucination
[prerender] - /research/latency-budgets-real-time-orchestration
[prerender] - /research/vector-index-maintenance-continuous-ingestion
[prerender] - /research/chunk-provenance-long-context-retrieval
[prerender] - /research/offline-first-ai-sensitive-data
[prerender] - /research/prompt-injection-drills-agentic-systems
[prerender] - /research/multi-persona-routing-policy-weights
[prerender] - /research/gpu-implementation-guide
[prerender] - /research/mcp-implementation-guide
[prerender] - /research/tui-implementation-guide
[prerender] - /research/implementations/six-layer-evidence-aware-platform
[prerender] - /research/implementations/private-document-intelligence-pipeline
[prerender] - /research/implementations/mobile-vault-cloudkit-local-fallback
[prerender] - /research/implementations/abbey-executable-capability-ledger
[prerender] - /research/implementations/quasar-bounded-repository-generation
[prerender] - /research/implementations/wdbx-specimen-architecture-and-conformance
[prerender] - /research/implementations/deterministic-research-provenance-exports
[prerender] - /contact?service=Pilot+engineering+engagement
[prerender] - /contact?service=Platform+engineering+engagement
[prerender] - /contact?service=Autonomy+Readiness+Audit
[prerender] - /contact?service=Multi-Agent+Orchestration
[prerender] - /contact?service=WDBX+Retrieval+Architecture
[prerender] - /contact?service=Model+%26+Runtime+Optimization
[prerender] - /contact?service=Safety+%26+Compliance+Layering
[prerender] - /contact?service=Private+AI+Deployment
[prerender] - /source/wdbx-py
[prerender] - /contact?service=Executive+%26+Engineering+Workshops
[prerender] - /contact?service=Research+Translation
[prerender] - /contact?service=Continuous+Evaluation+Systems
[publish-static] sitemap.xml lists 118 pages
[publish-static] docs/ ready for quesar.cloud
