$ vite build --mode persistent && node scripts/copy-pglite-assets.ts --persistent
(!) Your Vite config uses features that are unsupported by `configLoader: 'native'`, which is planned to become the default in a future major version of Vite:
  - import "./github-readmes" without a file extension (src/lib/github-data.ts:1:30). Add the file extension
Set `VITE_CONFIG_NATIVE_IGNORE_WARNING=true` to suppress this warning.
vite v8.3.1 building client environment for persistent...
transforming...
[plugin tanstack-start-core::server-fn:client] /Users/donaldfilimon/dev/active/quesar.cloud/src/lib/commerce.ts:6:33 createServerFn().inputValidator() is deprecated. Use createServerFn().validator() instead.
[plugin tanstack-start-core::server-fn:client] /Users/donaldfilimon/dev/active/quesar.cloud/src/lib/commerce.ts:23:36 createServerFn().inputValidator() is deprecated. Use createServerFn().validator() instead.
[plugin tanstack-start-core::server-fn:client] /Users/donaldfilimon/dev/active/quesar.cloud/src/lib/commerce.ts:30:41 createServerFn().inputValidator() is deprecated. Use createServerFn().validator() instead.
✓ 6721 modules transformed.
rendering chunks...
computing gzip size...
.output/public/assets/KaTeX_Size3-Regular-CTq5MqoE.woff                          4.42 kB
.output/public/assets/KaTeX_Size4-Regular-Dl5lxZxV.woff2                         4.92 kB
.output/public/assets/KaTeX_Size2-Regular-Dy4dx90m.woff2                         5.20 kB
.output/public/assets/KaTeX_Size1-Regular-mCD8mA8B.woff2                         5.46 kB
.output/public/assets/ibm-plex-mono-vietnamese-500-normal-C8zxqsMH.woff          5.61 kB
.output/public/assets/ibm-plex-mono-vietnamese-400-normal-DDuiU_S-.woff          5.62 kB
.output/public/assets/ibm-plex-mono-cyrillic-ext-500-normal-BIfNGwUT.woff        5.77 kB
.output/public/assets/ibm-plex-mono-cyrillic-ext-400-normal-DMdlQ8Kv.woff        5.82 kB
.output/public/assets/ibm-plex-mono-vietnamese-400-normal-BulugwFq.woff2         5.86 kB
.output/public/assets/KaTeX_Size4-Regular-BF-4gkZK.woff                          5.98 kB
.output/public/assets/ibm-plex-mono-vietnamese-500-normal-DZ4AoWbu.woff2         6.04 kB
.output/public/assets/KaTeX_Size2-Regular-oD1tc_U0.woff                          6.18 kB
.output/public/assets/KaTeX_Size1-Regular-C195tn64.woff                          6.49 kB
.output/public/assets/space-grotesk-vietnamese-wght-normal-D0rl6rjA.woff2        6.71 kB
.output/public/assets/KaTeX_Caligraphic-Regular-Di6jR-x-.woff2                   6.90 kB
.output/public/assets/KaTeX_Caligraphic-Bold-Dq_IR9rO.woff2                      6.91 kB
.output/public/assets/ibm-plex-mono-cyrillic-ext-400-normal-xuaO2J-f.woff2       6.91 kB
.output/public/assets/ibm-plex-mono-cyrillic-ext-500-normal-BqneJy0T.woff2       6.97 kB
.output/public/assets/ibm-plex-mono-cyrillic-400-normal-CEL4l2ZJ.woff            7.20 kB
.output/public/assets/ibm-plex-mono-cyrillic-500-normal-Ael50iVv.woff            7.20 kB
.output/public/assets/KaTeX_Size3-Regular-DgpXs0kz.ttf                           7.58 kB
.output/public/assets/KaTeX_Caligraphic-Regular-CTRA-rTL.woff                    7.65 kB
.output/public/assets/KaTeX_Caligraphic-Bold-BEiXGLvX.woff                       7.71 kB
.output/public/assets/ibm-plex-mono-cyrillic-400-normal-BSMlKf0J.woff2           8.35 kB
.output/public/assets/ibm-plex-mono-cyrillic-500-normal-Bq9vWWag.woff2           8.46 kB
.output/public/assets/KaTeX_Script-Regular-D3wIWfF6.woff2                        9.64 kB
.output/public/assets/KaTeX_SansSerif-Regular-DDBCnlJ7.woff2                    10.34 kB
.output/public/assets/KaTeX_Size4-Regular-DWFBv043.ttf                          10.36 kB
.output/public/assets/KaTeX_Script-Regular-D5yQViql.woff                        10.58 kB
.output/public/assets/KaTeX_Fraktur-Regular-CTYiF6lA.woff2                      11.31 kB
.output/public/assets/KaTeX_Fraktur-Bold-CL6g_b3V.woff2                         11.34 kB
.output/public/assets/KaTeX_Size2-Regular-B7gKUWhC.ttf                          11.50 kB
.output/public/assets/ibm-plex-mono-latin-ext-400-normal-D3D2R8hC.woff          11.76 kB
.output/public/assets/ibm-plex-mono-latin-ext-500-normal-CZ70TYgx.woff          11.76 kB
.output/public/assets/KaTeX_SansSerif-Italic-C3H0VqGB.woff2                     12.02 kB
.output/public/assets/KaTeX_SansSerif-Bold-D1sUS0GD.woff2                       12.21 kB
.output/public/assets/KaTeX_Size1-Regular-Dbsnue_I.ttf                          12.22 kB
.output/public/assets/KaTeX_SansSerif-Regular-CS6fqUqJ.woff                     12.31 kB
.output/public/assets/KaTeX_Caligraphic-Regular-wX97UBjC.ttf                    12.34 kB
.output/public/assets/KaTeX_Caligraphic-Bold-ATXxdsX0.ttf                       12.36 kB
.output/public/assets/ibm-plex-mono-latin-400-normal-CvHOgSBP.woff              13.14 kB
.output/public/assets/ibm-plex-mono-latin-500-normal-CB9ihrfo.woff              13.15 kB
.output/public/assets/ibm-plex-sans-vietnamese-wght-normal-Dg1JeJN0.woff2       13.16 kB
.output/public/assets/KaTeX_Fraktur-Regular-Dxdc4cR9.woff                       13.20 kB
.output/public/assets/KaTeX_Fraktur-Bold-BsDP51OF.woff                          13.29 kB
.output/public/assets/ibm-plex-mono-latin-ext-400-normal-BmRBH3aV.woff2         13.34 kB
.output/public/assets/ibm-plex-mono-latin-ext-500-normal-CAhNIIs5.woff2         13.43 kB
.output/public/assets/KaTeX_Typewriter-Regular-CO6r4hn1.woff2                   13.56 kB
.output/public/assets/KaTeX_SansSerif-Italic-DN2j7dab.woff                      14.11 kB
.output/public/assets/KaTeX_SansSerif-Bold-DbIhKOiC.woff                        14.40 kB
.output/public/assets/ibm-plex-mono-latin-400-normal-DMJ8VG8y.woff2             14.70 kB
.output/public/assets/ibm-plex-mono-latin-500-normal-DSY6xOcd.woff2             14.88 kB
.output/public/assets/KaTeX_Typewriter-Regular-C0xS9mPB.woff                    16.02 kB
.output/public/assets/KaTeX_Math-BoldItalic-CZnvNsCZ.woff2                      16.40 kB
.output/public/assets/KaTeX_Math-Italic-t53AETM-.woff2                          16.44 kB
.output/public/assets/KaTeX_Script-Regular-C5JkGWo-.ttf                         16.64 kB
.output/public/assets/KaTeX_Main-BoldItalic-DxDJ3AOS.woff2                      16.78 kB
.output/public/assets/KaTeX_Main-Italic-NWA7e6Wa.woff2                          16.98 kB
.output/public/assets/KaTeX_Math-BoldItalic-iY-2wyZ7.woff                       18.66 kB
.output/public/assets/KaTeX_Math-Italic-DA0__PXp.woff                           18.74 kB
.output/public/assets/space-grotesk-latin-ext-wght-normal-D9tNdqV9.woff2        18.94 kB
.output/public/assets/KaTeX_Main-BoldItalic-SpSLRI95.woff                       19.41 kB
.output/public/assets/KaTeX_SansSerif-Regular-BNo7hRIc.ttf                      19.43 kB
.output/public/assets/ibm-plex-sans-greek-wght-normal-CmyJS8uq.woff2            19.50 kB
.output/public/assets/KaTeX_Fraktur-Regular-CB_wures.ttf                        19.57 kB
.output/public/assets/KaTeX_Fraktur-Bold-BdnERNNW.ttf                           19.58 kB
.output/public/assets/KaTeX_Main-Italic-BMLOBm91.woff                           19.67 kB
.output/public/assets/space-grotesk-latin-wght-normal-BhU9QXUp.woff2            22.28 kB
.output/public/assets/KaTeX_SansSerif-Italic-YYjJ1zSn.ttf                       22.36 kB
.output/public/assets/ibm-plex-sans-cyrillic-ext-wght-normal-d45eAU9y.woff2     23.56 kB
.output/public/assets/KaTeX_SansSerif-Bold-CFMepnvq.ttf                         24.50 kB
.output/public/assets/KaTeX_Main-Bold-Cx986IdX.woff2                            25.32 kB
.output/public/assets/KaTeX_Main-Regular-B22Nviop.woff2                         26.27 kB
.output/public/assets/KaTeX_Typewriter-Regular-D3Ib7_Hf.ttf                     27.55 kB
.output/public/assets/KaTeX_AMS-Regular-BQhdFMY1.woff2                          28.07 kB
.output/public/assets/search-catalog-ZiJLYfq6.json                              28.66 kB │ gzip:   7.71 kB
.output/public/assets/ibm-plex-sans-cyrillic-wght-normal-BAAhND-U.woff2         29.51 kB
.output/public/assets/KaTeX_Main-Bold-Jm3AIy58.woff                             29.91 kB
.output/public/assets/KaTeX_Main-Regular-Dr94JaBh.woff                          30.77 kB
.output/public/assets/ibm-plex-sans-latin-ext-wght-normal-CIII54If.woff2        30.96 kB
.output/public/assets/KaTeX_Math-BoldItalic-B3XSjfu4.ttf                        31.19 kB
.output/public/assets/KaTeX_Math-Italic-flOr_0UB.ttf                            31.30 kB
.output/public/assets/KaTeX_Main-BoldItalic-DzxPMmG6.ttf                        32.96 kB
.output/public/assets/KaTeX_AMS-Regular-DMm9YOAa.woff                           33.51 kB
.output/public/assets/KaTeX_Main-Italic-3WenGoN9.ttf                            33.58 kB
.output/public/assets/ibm-plex-sans-latin-wght-normal-IvpUvPa2.woff2            45.71 kB
.output/public/assets/KaTeX_Main-Bold-waoOVXN0.ttf                              51.33 kB
.output/public/assets/KaTeX_Main-Regular-ypZvNtVU.ttf                           53.58 kB
.output/public/assets/KaTeX_AMS-Regular-DRggAlZN.ttf                            63.63 kB
.output/public/assets/index-DteWe6pi.css                                         1.52 kB │ gzip:   0.64 kB
.output/public/assets/routes-DeO_NU79.css                                        1.87 kB │ gzip:   0.64 kB
.output/public/assets/showcase-llw1aQNk.css                                      3.75 kB │ gzip:   1.23 kB
.output/public/assets/narration-1Utg-L48.css                                     4.30 kB │ gzip:   1.39 kB
.output/public/assets/math-DzFXvcrH.css                                         29.79 kB │ gzip:   7.97 kB
.output/public/assets/styles-BhWyvcr0.css                                      109.87 kB │ gzip:  18.58 kB
.output/public/assets/middleware-D8FUqNcM.js                                     0.07 kB │ gzip:   0.09 kB
.output/public/assets/github-readmes-CjKYd-Ir.js                                 0.09 kB │ gzip:   0.10 kB
.output/public/assets/github-snapshot-CJXwkDGq.js                                0.10 kB │ gzip:   0.12 kB
.output/public/assets/utils-DNHCqpmw.js                                          0.16 kB │ gzip:   0.14 kB
.output/public/assets/route-frame-DOSXCp2Y.js                                    0.18 kB │ gzip:   0.16 kB
.output/public/assets/signup-CEGMGudR.js                                         0.23 kB │ gzip:   0.20 kB
.output/public/assets/local-store-Bf16uB-S.js                                    0.23 kB │ gzip:   0.17 kB
.output/public/assets/ai-r0WvCGQI.js                                             0.25 kB │ gzip:   0.21 kB
.output/public/assets/CinematicFallback-W5LjPUTi.js                              0.28 kB │ gzip:   0.24 kB
.output/public/assets/dist-DNByaAgS.js                                           0.33 kB │ gzip:   0.26 kB
.output/public/assets/useNavigate-Co69Y0sh.js                                    0.42 kB │ gzip:   0.28 kB
.output/public/assets/textarea-DDfPPbxX.js                                       0.43 kB │ gzip:   0.27 kB
.output/public/assets/input-DEtM3GAS.js                                          0.45 kB │ gzip:   0.28 kB
.output/public/assets/renderer-DLIn1951.js                                       0.47 kB │ gzip:   0.25 kB
.output/public/assets/dist-5jIbtv-b.js                                           0.53 kB │ gzip:   0.38 kB
.output/public/assets/wdbx-facts-r1m4TI-S.js                                     0.53 kB │ gzip:   0.30 kB
.output/public/assets/invariant-BeDuhpwN.js                                      0.56 kB │ gzip:   0.32 kB
.output/public/assets/label-Dc0XRjeD.js                                          0.58 kB │ gzip:   0.39 kB
.output/public/assets/auth-slot-live-Dgw9CDgR.js                                 0.59 kB │ gzip:   0.38 kB
.output/public/assets/toaster-Ca8kmCZn.js                                        0.64 kB │ gzip:   0.42 kB
.output/public/assets/useMatch-C2XrH1_1.js                                       0.64 kB │ gzip:   0.40 kB
.output/public/assets/dist-2X4zb-CX.js                                           0.68 kB │ gzip:   0.43 kB
.output/public/assets/commerce-DuFYKfkr.js                                       0.71 kB │ gzip:   0.42 kB
.output/public/assets/rolldown-runtime-hePW80VL.js                               0.71 kB │ gzip:   0.42 kB
.output/public/assets/crumbs-CaWtdHUE.js                                         0.77 kB │ gzip:   0.43 kB
.output/public/assets/source-BQtIjpC5.js                                         0.77 kB │ gzip:   0.48 kB
.output/public/assets/separator-DB3JNoX0.js                                      0.82 kB │ gzip:   0.49 kB
.output/public/assets/projects-CNqgFQfe.js                                       0.83 kB │ gzip:   0.51 kB
.output/public/assets/use-github-data-C6ak1jNw.js                                0.83 kB │ gzip:   0.54 kB
.output/public/assets/workspace-DqwvVxO1.js                                      0.84 kB │ gzip:   0.51 kB
.output/public/assets/cell-machine-DnjrbPXT.js                                   0.84 kB │ gzip:   0.51 kB
.output/public/assets/math-CuwyXVJQ.js                                           0.87 kB │ gzip:   0.52 kB
.output/public/assets/showcase.design-w_ABzyCC.js                                1.03 kB │ gzip:   0.56 kB
.output/public/assets/unauthorized-Jv1x5KD0.js                                   1.12 kB │ gzip:   0.60 kB
.output/public/assets/status-badge-DHigJcqk.js                                   1.13 kB │ gzip:   0.59 kB
.output/public/assets/research.implementations-DRwdwQC5.js                       1.16 kB │ gzip:   0.63 kB
.output/public/assets/film-DXlB5DNG.js                                           1.20 kB │ gzip:   0.52 kB
.output/public/assets/showcase.abbey-fTBZgyPX.js                                 1.20 kB │ gzip:   0.66 kB
.output/public/assets/showcase.trailer-DBJNqdLb.js                               1.20 kB │ gzip:   0.66 kB
.output/public/assets/showcase.film-B-LdKRB0.js                                  1.26 kB │ gzip:   0.68 kB
.output/public/assets/gama-TqIrxWX_.js                                           1.27 kB │ gzip:   0.74 kB
.output/public/assets/showcase.mega-9Xfb9w78.js                                  1.29 kB │ gzip:   0.70 kB
.output/public/assets/apps-CjReImSm.js                                           1.33 kB │ gzip:   0.70 kB
.output/public/assets/showcase.explainer-DL9FSGMM.js                             1.33 kB │ gzip:   0.72 kB
.output/public/assets/projects._slug-C909hCs5.js                                 1.36 kB │ gzip:   0.65 kB
.output/public/assets/plugins-COuVezKL.js                                        1.38 kB │ gzip:   0.73 kB
.output/public/assets/investor-BW6JEkc-.js                                       1.44 kB │ gzip:   0.67 kB
.output/public/assets/math-article-CUpt81iK.js                                   1.44 kB │ gzip:   0.66 kB
.output/public/assets/audit-view-DchtYrRN.js                                     1.46 kB │ gzip:   0.60 kB
.output/public/assets/server-only-notice-CGe_fLH4.js                             1.47 kB │ gzip:   0.63 kB
.output/public/assets/tf-pose-demo-CVJo_xIX.js                                   1.65 kB │ gzip:   0.91 kB
.output/public/assets/companion-DJdtzpex.js                                      1.68 kB │ gzip:   0.80 kB
.output/public/assets/section-Bmqex13f.js                                        1.69 kB │ gzip:   0.72 kB
.output/public/assets/research-nav-DpfwDl8-.js                                   1.72 kB │ gzip:   0.66 kB
.output/public/assets/blog-BT7uaIW_.js                                           1.74 kB │ gzip:   0.96 kB
.output/public/assets/button-BgD41-3D.js                                         1.74 kB │ gzip:   0.89 kB
.output/public/assets/docs-CVcW6RjD.js                                           1.78 kB │ gzip:   0.91 kB
.output/public/assets/article-CkJO2Dlu.js                                        1.80 kB │ gzip:   0.78 kB
.output/public/assets/blog._slug-BLEZx6AT.js                                     1.81 kB │ gzip:   0.92 kB
.output/public/assets/get-started-hfA__87D.js                                    1.92 kB │ gzip:   0.93 kB
.output/public/assets/docs._slug-Dsq7fcGL.js                                     1.96 kB │ gzip:   0.96 kB
.output/public/assets/mlai-mark-CSA_rngJ.js                                      1.98 kB │ gzip:   1.05 kB
.output/public/assets/skill-creator-roHabawU.js                                  2.00 kB │ gzip:   1.00 kB
.output/public/assets/frame-gate-BTudWLp-.js                                     2.01 kB │ gzip:   0.89 kB
.output/public/assets/about-CrOrpXzy.js                                          2.02 kB │ gzip:   0.93 kB
.output/public/assets/cell-machine-DPcVnOrY.js                                   2.05 kB │ gzip:   1.06 kB
.output/public/assets/terms-5tX_j1xe.js                                          2.07 kB │ gzip:   1.03 kB
.output/public/assets/primitives-Btk_afCm.js                                     2.07 kB │ gzip:   1.01 kB
.output/public/assets/source._name-D0aMG71x.js                                   2.07 kB │ gzip:   1.02 kB
.output/public/assets/research.implementations._slug-Dw0uqoMi.js                 2.12 kB │ gzip:   0.96 kB
.output/public/assets/benchmarks-DmJkje5B.js                                     2.18 kB │ gzip:   1.04 kB
.output/public/assets/console-CNTTYs9q.js                                        2.27 kB │ gzip:   1.12 kB
.output/public/assets/about-JYCUigU-.js                                          2.36 kB │ gzip:   1.16 kB
.output/public/assets/fx-DVlY_nY5.js                                             2.36 kB │ gzip:   1.11 kB
.output/public/assets/persona-router-BCTJiNn-.js                                 2.51 kB │ gzip:   1.27 kB
.output/public/assets/security-_CX8e4IP.js                                       2.70 kB │ gzip:   1.22 kB
.output/public/assets/wdbx-CWAAmit4.js                                           2.70 kB │ gzip:   1.28 kB
.output/public/assets/quasar.sites-EB61_TlG.js                                   2.73 kB │ gzip:   1.22 kB
.output/public/assets/gates-CkmyM-5V.js                                          2.74 kB │ gzip:   1.18 kB
.output/public/assets/team-CiZ0qN9L.js                                           2.77 kB │ gzip:   1.14 kB
.output/public/assets/products-C0_R6ERq.js                                       2.85 kB │ gzip:   1.11 kB
.output/public/assets/dist-CQYBeyIK.js                                           2.93 kB │ gzip:   1.30 kB
.output/public/assets/projects-CoW18ATB.js                                       3.03 kB │ gzip:   1.33 kB
.output/public/assets/surfaces-DOc66x25.js                                       3.08 kB │ gzip:   1.30 kB
.output/public/assets/abbey-bot-Z9TITjZF.js                                      3.11 kB │ gzip:   1.54 kB
.output/public/assets/tabs-Dy2Kzrx-.js                                           3.11 kB │ gzip:   1.37 kB
.output/public/assets/quasar.new-CBlT4v0k.js                                     3.13 kB │ gzip:   1.53 kB
.output/public/assets/research-topics-BrS0dSPz.js                                3.16 kB │ gzip:   1.34 kB
.output/public/assets/privacy-BQQHP4vt.js                                        3.67 kB │ gzip:   1.68 kB
.output/public/assets/products._slug-bQTbUT0d.js                                 3.74 kB │ gzip:   1.47 kB
.output/public/assets/product-journeys-C3xjRD2V.js                               3.79 kB │ gzip:   1.52 kB
.output/public/assets/capture-CuU90xA6.js                                        3.81 kB │ gzip:   1.80 kB
.output/public/assets/company-DPZsVghA.js                                        3.82 kB │ gzip:   1.60 kB
.output/public/assets/route-xnTA09fH.js                                          3.89 kB │ gzip:   1.20 kB
.output/public/assets/react-dom-hf6EcyAr.js                                      3.90 kB │ gzip:   1.42 kB
.output/public/assets/mobile-DXi6Uz8K.js                                         3.96 kB │ gzip:   1.74 kB
.output/public/assets/sharding-latency-demo-CBUHug3t.js                          3.97 kB │ gzip:   1.56 kB
.output/public/assets/title-BdJpGQuO.js                                          3.97 kB │ gzip:   1.55 kB
.output/public/assets/explainer-DP4lpTKn.js                                      4.13 kB │ gzip:   1.78 kB
.output/public/assets/use-ai-consent-BbuUNmKP.js                                 4.18 kB │ gzip:   1.86 kB
.output/public/assets/dist-BVmmQWqP.js                                           4.29 kB │ gzip:   1.86 kB
.output/public/assets/team._slug-DONq2RsB.js                                     4.35 kB │ gzip:   1.66 kB
.output/public/assets/research-CuVerGgp.js                                       4.49 kB │ gzip:   1.77 kB
.output/public/assets/github-data-s_yv0E6f.js                                    4.52 kB │ gzip:   1.90 kB
.output/public/assets/abi-BDwWGbtL.js                                            4.63 kB │ gzip:   2.05 kB
.output/public/assets/dist-Dl9o4ot9.js                                           4.70 kB │ gzip:   1.87 kB
.output/public/assets/abbey-CgD_jVNT.js                                          4.85 kB │ gzip:   2.06 kB
.output/public/assets/dist-DT8PpCuM.js                                           4.92 kB │ gzip:   1.77 kB
.output/public/assets/dashboard-BV6Hne-5.js                                      4.94 kB │ gzip:   2.09 kB
.output/public/assets/header-menus-cIcsJ2g7.js                                   5.21 kB │ gzip:   1.90 kB
.output/public/assets/developers-D7VgiUtc.js                                     5.33 kB │ gzip:   2.26 kB
.output/public/assets/team-BZzQ5OBN.js                                           5.37 kB │ gzip:   2.41 kB
.output/public/assets/client-experience-Dy8n3odB.js                              5.51 kB │ gzip:   2.21 kB
.output/public/assets/radio-group-ZmYE2I8x.js                                    5.54 kB │ gzip:   2.25 kB
.output/public/assets/workspace-app-sTzqZwP2.js                                  5.81 kB │ gzip:   2.46 kB
.output/public/assets/dist-DshVyThz.js                                           5.81 kB │ gzip:   2.07 kB
.output/public/assets/research._slug-DiHUFVNN.js                                 5.87 kB │ gzip:   1.88 kB
.output/public/assets/quasar.settings-LM1XvVtT.js                                5.97 kB │ gzip:   2.36 kB
.output/public/assets/links-mDcYbFP8.js                                          6.11 kB │ gzip:   2.22 kB
.output/public/assets/tf-pose-demo-DuyiBi4N.js                                   6.11 kB │ gzip:   2.69 kB
.output/public/assets/abi-runtime-rPGn2hVs.js                                    6.16 kB │ gzip:   2.48 kB
.output/public/assets/architecture-DxQIWNpO.js                                   6.99 kB │ gzip:   2.58 kB
.output/public/assets/design-NcryBamm.js                                         7.03 kB │ gzip:   2.79 kB
.output/public/assets/dist-C-uMFrDb.js                                           7.36 kB │ gzip:   2.68 kB
.output/public/assets/products-Des8JDCO.js                                       7.54 kB │ gzip:   3.34 kB
.output/public/assets/quesar-CbcRUQjR.js                                         7.77 kB │ gzip:   3.28 kB
.output/public/assets/jsx-runtime-BNakU3Ej.js                                    8.24 kB │ gzip:   3.11 kB
.output/public/assets/changelog-B5DEcy9w.js                                      8.27 kB │ gzip:   3.54 kB
.output/public/assets/architecture-B111IiI8.js                                   8.37 kB │ gzip:   3.29 kB
.output/public/assets/tooltip-CZeBwj07.js                                        8.52 kB │ gzip:   3.17 kB
.output/public/assets/services-uAm3MBiI.js                                       8.54 kB │ gzip:   2.99 kB
.output/public/assets/contact-D5nW-0G-.js                                        8.61 kB │ gzip:   3.38 kB
.output/public/assets/quasar.site._id-DQPwqXbZ.js                                8.63 kB │ gzip:   3.25 kB
.output/public/assets/trailer-D8QH1G_K.js                                        9.31 kB │ gzip:   3.63 kB
.output/public/assets/platform-K-J_TmS5.js                                       9.66 kB │ gzip:   3.37 kB
.output/public/assets/admin-DOP1kpKN.js                                         10.02 kB │ gzip:   3.33 kB
.output/public/assets/trailer-CVHl6U8Y.js                                       10.19 kB │ gzip:   3.62 kB
.output/public/assets/lab-CcVtRACF.js                                           10.58 kB │ gzip:   3.64 kB
.output/public/assets/link-DVdUVM_8.js                                          11.27 kB │ gzip:   4.97 kB
.output/public/assets/repo-list-B08QqzuP.js                                     11.41 kB │ gzip:   4.17 kB
.output/public/assets/abbey-B_FSkcPQ.js                                         12.29 kB │ gzip:   4.45 kB
.output/public/assets/catalog-CE4SSL0O.js                                       12.33 kB │ gzip:   4.35 kB
.output/public/assets/dropdown-menu-Dc9d4h51.js                                 12.65 kB │ gzip:   4.44 kB
.output/public/assets/use-tweaks-B8X210Vn.js                                    13.60 kB │ gzip:   4.29 kB
.output/public/assets/ShowcaseBoard-CQq-hVBt.js                                 13.61 kB │ gzip:   4.75 kB
.output/public/assets/search-panel-CY0PtgJM.js                                  13.92 kB │ gzip:   5.49 kB
.output/public/assets/shared-CTt7Skcj.js                                        14.07 kB │ gzip:   5.40 kB
.output/public/assets/HeroBoard-4OYjOIUN.js                                     14.24 kB │ gzip:   5.17 kB
.output/public/assets/journey-rail-esa1JGgo.js                                  14.59 kB │ gzip:   4.62 kB
.output/public/assets/profile-MmD84jkz.js                                       16.20 kB │ gzip:   5.26 kB
.output/public/assets/research-context-CxKjuQyN.js                              16.24 kB │ gzip:   6.55 kB
.output/public/assets/seedrandom-i4D6t76d.js                                    16.41 kB │ gzip:   5.26 kB
.output/public/assets/financial-model-CPSV04YP.js                               16.55 kB │ gzip:   5.12 kB
.output/public/assets/demo-DESUYP4y.js                                          16.82 kB │ gzip:   6.65 kB
.output/public/assets/console.workspace-DHaq_1v4.js                             16.92 kB │ gzip:   6.15 kB
.output/public/assets/Combination-rkLigYc_.js                                   16.94 kB │ gzip:   6.48 kB
.output/public/assets/Docs-YNGwq5Bs.js                                          19.68 kB │ gzip:   6.23 kB
.output/public/assets/LabBoard-U5xfkuaX.js                                      19.73 kB │ gzip:   6.90 kB
.output/public/assets/mega-DrRCie-D.js                                          19.99 kB │ gzip:   6.91 kB
.output/public/assets/outro-B4iLy61H.js                                         20.12 kB │ gzip:   5.89 kB
.output/public/assets/routes-DZr1JdeI.js                                        20.92 kB │ gzip:   6.57 kB
.output/public/assets/BrandBoard-Bvsw3dev.js                                    22.86 kB │ gzip:   6.67 kB
.output/public/assets/pages-DIu5x29l.js                                         23.17 kB │ gzip:   8.74 kB
.output/public/assets/showcase-vVrHl4pk.js                                      23.50 kB │ gzip:   5.54 kB
.output/public/assets/dist-CHP_9fSM.js                                          25.70 kB │ gzip:   9.97 kB
.output/public/assets/Console-G56_R79O.js                                       28.15 kB │ gzip:   8.12 kB
.output/public/assets/Marketing-BjFq__YG.js                                     29.82 kB │ gzip:   8.62 kB
.output/public/assets/docs-hub-CMCaq0k0.js                                      30.27 kB │ gzip:  10.60 kB
.output/public/assets/dist-35_2mp6M.js                                          33.59 kB │ gzip:   9.37 kB
.output/public/assets/beats-B73qT-mf.js                                         39.21 kB │ gzip:  12.02 kB
.output/public/assets/narration-BEqd7plT.js                                     40.02 kB │ gzip:  14.69 kB
.output/public/assets/login-BU7ms570.js                                         40.30 kB │ gzip:  14.30 kB
.output/public/assets/blog-BBNhdNS7.js                                          44.14 kB │ gzip:  16.90 kB
.output/public/assets/use-current-user-Cv_IS5PF.js                              46.04 kB │ gzip:  16.10 kB
.output/public/assets/console-BuiI87sc.js                                       47.65 kB │ gzip:  15.97 kB
.output/public/assets/DesignBoard-BkZDKCi9.js                                   48.36 kB │ gzip:  13.70 kB
.output/public/assets/film-collection-DcPjQQBP.js                               51.65 kB │ gzip:   7.72 kB
.output/public/assets/schemas-tC-8nePI.js                                       86.23 kB │ gzip:  24.50 kB
.output/public/assets/research-B1v7vamp.js                                      93.29 kB │ gzip:  20.87 kB
.output/public/assets/katex-BHxplFoT.js                                        259.16 kB │ gzip:  77.74 kB
.output/public/assets/posenet.esm-Dws3Euhw.js                                  358.88 kB │ gzip:  95.64 kB
.output/public/assets/investors-aLOWCMXs.js                                    359.75 kB │ gzip: 104.11 kB
.output/public/assets/index-CeMD9n_o.js                                        428.76 kB │ gzip: 136.86 kB
.output/public/assets/dist-pxA6Vjf1.js                                       1,520.88 kB │ gzip: 399.49 kB

[plugin builtin:vite-reporter] 
(!) Some chunks are larger than 500 kB after minification. Consider:
- Using dynamic import() to code-split the application
- Use build.rolldownOptions.output.codeSplitting to improve chunking: https://rolldown.rs/reference/OutputOptions.codeSplitting
- Adjust chunk size limit for this warning via build.chunkSizeWarningLimit.
✓ built in 1.94s
vite v8.3.1 building ssr environment for persistent...
transforming...
[plugin tanstack-start-core::server-fn:ssr] /Users/donaldfilimon/dev/active/quesar.cloud/src/lib/commerce.ts?tss-serverfn-split:6:33 createServerFn().inputValidator() is deprecated. Use createServerFn().validator() instead.
[plugin tanstack-start-core::server-fn:ssr] /Users/donaldfilimon/dev/active/quesar.cloud/src/lib/commerce.ts?tss-serverfn-split:23:36 createServerFn().inputValidator() is deprecated. Use createServerFn().validator() instead.
[plugin tanstack-start-core::server-fn:ssr] /Users/donaldfilimon/dev/active/quesar.cloud/src/lib/commerce.ts?tss-serverfn-split:30:41 createServerFn().inputValidator() is deprecated. Use createServerFn().validator() instead.
[plugin tanstack-start-core::server-fn:ssr] /Users/donaldfilimon/dev/active/quesar.cloud/src/lib/commerce.ts:6:33 createServerFn().inputValidator() is deprecated. Use createServerFn().validator() instead.
[plugin tanstack-start-core::server-fn:ssr] /Users/donaldfilimon/dev/active/quesar.cloud/src/lib/commerce.ts:23:36 createServerFn().inputValidator() is deprecated. Use createServerFn().validator() instead.
[plugin tanstack-start-core::server-fn:ssr] /Users/donaldfilimon/dev/active/quesar.cloud/src/lib/commerce.ts:30:41 createServerFn().inputValidator() is deprecated. Use createServerFn().validator() instead.
✓ 636 modules transformed.
rendering chunks...
computing gzip size...
node_modules/.nitro/vite/services/ssr/assets/KaTeX_Size3-Regular-CTq5MqoE.woff                        4.42 kB
node_modules/.nitro/vite/services/ssr/assets/KaTeX_Size4-Regular-Dl5lxZxV.woff2                       4.92 kB
node_modules/.nitro/vite/services/ssr/assets/KaTeX_Size2-Regular-Dy4dx90m.woff2                       5.20 kB
node_modules/.nitro/vite/services/ssr/assets/KaTeX_Size1-Regular-mCD8mA8B.woff2                       5.46 kB
node_modules/.nitro/vite/services/ssr/assets/ibm-plex-mono-vietnamese-500-normal-C8zxqsMH.woff        5.61 kB
node_modules/.nitro/vite/services/ssr/assets/ibm-plex-mono-vietnamese-400-normal-DDuiU_S-.woff        5.62 kB
node_modules/.nitro/vite/services/ssr/assets/ibm-plex-mono-cyrillic-ext-500-normal-BIfNGwUT.woff      5.77 kB
node_modules/.nitro/vite/services/ssr/assets/ibm-plex-mono-cyrillic-ext-400-normal-DMdlQ8Kv.woff      5.82 kB
node_modules/.nitro/vite/services/ssr/assets/ibm-plex-mono-vietnamese-400-normal-BulugwFq.woff2       5.86 kB
node_modules/.nitro/vite/services/ssr/assets/KaTeX_Size4-Regular-BF-4gkZK.woff                        5.98 kB
node_modules/.nitro/vite/services/ssr/assets/ibm-plex-mono-vietnamese-500-normal-DZ4AoWbu.woff2       6.04 kB
node_modules/.nitro/vite/services/ssr/assets/KaTeX_Size2-Regular-oD1tc_U0.woff                        6.18 kB
node_modules/.nitro/vite/services/ssr/assets/KaTeX_Size1-Regular-C195tn64.woff                        6.49 kB
node_modules/.nitro/vite/services/ssr/assets/space-grotesk-vietnamese-wght-normal-D0rl6rjA.woff2      6.71 kB
node_modules/.nitro/vite/services/ssr/assets/KaTeX_Caligraphic-Regular-Di6jR-x-.woff2                 6.90 kB
node_modules/.nitro/vite/services/ssr/assets/KaTeX_Caligraphic-Bold-Dq_IR9rO.woff2                    6.91 kB
node_modules/.nitro/vite/services/ssr/assets/ibm-plex-mono-cyrillic-ext-400-normal-xuaO2J-f.woff2     6.91 kB
node_modules/.nitro/vite/services/ssr/assets/ibm-plex-mono-cyrillic-ext-500-normal-BqneJy0T.woff2     6.97 kB
node_modules/.nitro/vite/services/ssr/assets/ibm-plex-mono-cyrillic-400-normal-CEL4l2ZJ.woff          7.20 kB
node_modules/.nitro/vite/services/ssr/assets/ibm-plex-mono-cyrillic-500-normal-Ael50iVv.woff          7.20 kB
node_modules/.nitro/vite/services/ssr/assets/KaTeX_Size3-Regular-DgpXs0kz.ttf                         7.58 kB
node_modules/.nitro/vite/services/ssr/assets/KaTeX_Caligraphic-Regular-CTRA-rTL.woff                  7.65 kB
node_modules/.nitro/vite/services/ssr/assets/KaTeX_Caligraphic-Bold-BEiXGLvX.woff                     7.71 kB
node_modules/.nitro/vite/services/ssr/assets/ibm-plex-mono-cyrillic-400-normal-BSMlKf0J.woff2         8.35 kB
node_modules/.nitro/vite/services/ssr/assets/ibm-plex-mono-cyrillic-500-normal-Bq9vWWag.woff2         8.46 kB
node_modules/.nitro/vite/services/ssr/assets/KaTeX_Script-Regular-D3wIWfF6.woff2                      9.64 kB
node_modules/.nitro/vite/services/ssr/assets/KaTeX_SansSerif-Regular-DDBCnlJ7.woff2                  10.34 kB
node_modules/.nitro/vite/services/ssr/assets/KaTeX_Size4-Regular-DWFBv043.ttf                        10.36 kB
node_modules/.nitro/vite/services/ssr/assets/KaTeX_Script-Regular-D5yQViql.woff                      10.58 kB
node_modules/.nitro/vite/services/ssr/assets/KaTeX_Fraktur-Regular-CTYiF6lA.woff2                    11.31 kB
node_modules/.nitro/vite/services/ssr/assets/KaTeX_Fraktur-Bold-CL6g_b3V.woff2                       11.34 kB
node_modules/.nitro/vite/services/ssr/assets/KaTeX_Size2-Regular-B7gKUWhC.ttf                        11.50 kB
node_modules/.nitro/vite/services/ssr/assets/ibm-plex-mono-latin-ext-400-normal-D3D2R8hC.woff        11.76 kB
node_modules/.nitro/vite/services/ssr/assets/ibm-plex-mono-latin-ext-500-normal-CZ70TYgx.woff        11.76 kB
node_modules/.nitro/vite/services/ssr/assets/KaTeX_SansSerif-Italic-C3H0VqGB.woff2                   12.02 kB
node_modules/.nitro/vite/services/ssr/assets/KaTeX_SansSerif-Bold-D1sUS0GD.woff2                     12.21 kB
node_modules/.nitro/vite/services/ssr/assets/KaTeX_Size1-Regular-Dbsnue_I.ttf                        12.22 kB
node_modules/.nitro/vite/services/ssr/assets/KaTeX_SansSerif-Regular-CS6fqUqJ.woff                   12.31 kB
node_modules/.nitro/vite/services/ssr/assets/KaTeX_Caligraphic-Regular-wX97UBjC.ttf                  12.34 kB
node_modules/.nitro/vite/services/ssr/assets/KaTeX_Caligraphic-Bold-ATXxdsX0.ttf                     12.36 kB
node_modules/.nitro/vite/services/ssr/assets/ibm-plex-mono-latin-400-normal-CvHOgSBP.woff            13.14 kB
node_modules/.nitro/vite/services/ssr/assets/ibm-plex-mono-latin-500-normal-CB9ihrfo.woff            13.15 kB
node_modules/.nitro/vite/services/ssr/assets/ibm-plex-sans-vietnamese-wght-normal-Dg1JeJN0.woff2     13.16 kB
node_modules/.nitro/vite/services/ssr/assets/KaTeX_Fraktur-Regular-Dxdc4cR9.woff                     13.20 kB
node_modules/.nitro/vite/services/ssr/assets/KaTeX_Fraktur-Bold-BsDP51OF.woff                        13.29 kB
node_modules/.nitro/vite/services/ssr/assets/ibm-plex-mono-latin-ext-400-normal-BmRBH3aV.woff2       13.34 kB
node_modules/.nitro/vite/services/ssr/assets/ibm-plex-mono-latin-ext-500-normal-CAhNIIs5.woff2       13.43 kB
node_modules/.nitro/vite/services/ssr/assets/KaTeX_Typewriter-Regular-CO6r4hn1.woff2                 13.56 kB
node_modules/.nitro/vite/services/ssr/assets/KaTeX_SansSerif-Italic-DN2j7dab.woff                    14.11 kB
node_modules/.nitro/vite/services/ssr/assets/KaTeX_SansSerif-Bold-DbIhKOiC.woff                      14.40 kB
node_modules/.nitro/vite/services/ssr/assets/ibm-plex-mono-latin-400-normal-DMJ8VG8y.woff2           14.70 kB
node_modules/.nitro/vite/services/ssr/assets/ibm-plex-mono-latin-500-normal-DSY6xOcd.woff2           14.88 kB
node_modules/.nitro/vite/services/ssr/assets/KaTeX_Typewriter-Regular-C0xS9mPB.woff                  16.02 kB
node_modules/.nitro/vite/services/ssr/assets/KaTeX_Math-BoldItalic-CZnvNsCZ.woff2                    16.40 kB
node_modules/.nitro/vite/services/ssr/assets/KaTeX_Math-Italic-t53AETM-.woff2                        16.44 kB
node_modules/.nitro/vite/services/ssr/assets/KaTeX_Script-Regular-C5JkGWo-.ttf                       16.64 kB
node_modules/.nitro/vite/services/ssr/assets/KaTeX_Main-BoldItalic-DxDJ3AOS.woff2                    16.78 kB
node_modules/.nitro/vite/services/ssr/assets/KaTeX_Main-Italic-NWA7e6Wa.woff2                        16.98 kB
node_modules/.nitro/vite/services/ssr/assets/KaTeX_Math-BoldItalic-iY-2wyZ7.woff                     18.66 kB
node_modules/.nitro/vite/services/ssr/assets/KaTeX_Math-Italic-DA0__PXp.woff                         18.74 kB
node_modules/.nitro/vite/services/ssr/assets/space-grotesk-latin-ext-wght-normal-D9tNdqV9.woff2      18.94 kB
node_modules/.nitro/vite/services/ssr/assets/KaTeX_Main-BoldItalic-SpSLRI95.woff                     19.41 kB
node_modules/.nitro/vite/services/ssr/assets/KaTeX_SansSerif-Regular-BNo7hRIc.ttf                    19.43 kB
node_modules/.nitro/vite/services/ssr/assets/ibm-plex-sans-greek-wght-normal-CmyJS8uq.woff2          19.50 kB
node_modules/.nitro/vite/services/ssr/assets/KaTeX_Fraktur-Regular-CB_wures.ttf                      19.57 kB
node_modules/.nitro/vite/services/ssr/assets/KaTeX_Fraktur-Bold-BdnERNNW.ttf                         19.58 kB
node_modules/.nitro/vite/services/ssr/assets/KaTeX_Main-Italic-BMLOBm91.woff                         19.67 kB
node_modules/.nitro/vite/services/ssr/assets/space-grotesk-latin-wght-normal-BhU9QXUp.woff2          22.28 kB
node_modules/.nitro/vite/services/ssr/assets/KaTeX_SansSerif-Italic-YYjJ1zSn.ttf                     22.36 kB
node_modules/.nitro/vite/services/ssr/assets/ibm-plex-sans-cyrillic-ext-wght-normal-d45eAU9y.woff2   23.56 kB
node_modules/.nitro/vite/services/ssr/assets/KaTeX_SansSerif-Bold-CFMepnvq.ttf                       24.50 kB
node_modules/.nitro/vite/services/ssr/assets/KaTeX_Main-Bold-Cx986IdX.woff2                          25.32 kB
node_modules/.nitro/vite/services/ssr/assets/KaTeX_Main-Regular-B22Nviop.woff2                       26.27 kB
node_modules/.nitro/vite/services/ssr/assets/KaTeX_Typewriter-Regular-D3Ib7_Hf.ttf                   27.55 kB
node_modules/.nitro/vite/services/ssr/assets/KaTeX_AMS-Regular-BQhdFMY1.woff2                        28.07 kB
node_modules/.nitro/vite/services/ssr/assets/search-catalog-ZiJLYfq6.json                            28.66 kB │ gzip:  7.71 kB
node_modules/.nitro/vite/services/ssr/assets/ibm-plex-sans-cyrillic-wght-normal-BAAhND-U.woff2       29.51 kB
node_modules/.nitro/vite/services/ssr/assets/KaTeX_Main-Bold-Jm3AIy58.woff                           29.91 kB
node_modules/.nitro/vite/services/ssr/assets/KaTeX_Main-Regular-Dr94JaBh.woff                        30.77 kB
node_modules/.nitro/vite/services/ssr/assets/ibm-plex-sans-latin-ext-wght-normal-CIII54If.woff2      30.96 kB
node_modules/.nitro/vite/services/ssr/assets/KaTeX_Math-BoldItalic-B3XSjfu4.ttf                      31.19 kB
node_modules/.nitro/vite/services/ssr/assets/KaTeX_Math-Italic-flOr_0UB.ttf                          31.30 kB
node_modules/.nitro/vite/services/ssr/assets/KaTeX_Main-BoldItalic-DzxPMmG6.ttf                      32.96 kB
node_modules/.nitro/vite/services/ssr/assets/KaTeX_AMS-Regular-DMm9YOAa.woff                         33.51 kB
node_modules/.nitro/vite/services/ssr/assets/KaTeX_Main-Italic-3WenGoN9.ttf                          33.58 kB
node_modules/.nitro/vite/services/ssr/assets/ibm-plex-sans-latin-wght-normal-IvpUvPa2.woff2          45.71 kB
node_modules/.nitro/vite/services/ssr/assets/KaTeX_Main-Bold-waoOVXN0.ttf                            51.33 kB
node_modules/.nitro/vite/services/ssr/assets/KaTeX_Main-Regular-ypZvNtVU.ttf                         53.58 kB
node_modules/.nitro/vite/services/ssr/assets/KaTeX_AMS-Regular-DRggAlZN.ttf                          63.63 kB
node_modules/.nitro/vite/services/ssr/assets/router-DteWe6pi.css                                      1.52 kB │ gzip:  0.64 kB
node_modules/.nitro/vite/services/ssr/assets/routes-DeO_NU79.css                                      1.87 kB │ gzip:  0.64 kB
node_modules/.nitro/vite/services/ssr/assets/showcase-llw1aQNk.css                                    3.75 kB │ gzip:  1.23 kB
node_modules/.nitro/vite/services/ssr/assets/narration-1Utg-L48.css                                   4.30 kB │ gzip:  1.39 kB
node_modules/.nitro/vite/services/ssr/assets/math-DzFXvcrH.css                                       29.79 kB │ gzip:  7.97 kB
node_modules/.nitro/vite/services/ssr/assets/styles-BhWyvcr0.css                                    109.87 kB │ gzip: 18.58 kB
node_modules/.nitro/vite/services/ssr/assets/kysely-adapter-Cj_QZw5p.js                               0.05 kB │ gzip:  0.07 kB
node_modules/.nitro/vite/services/ssr/assets/empty-plugin-adapters-D9UWiqvJ.js                        0.22 kB │ gzip:  0.16 kB
node_modules/.nitro/vite/services/ssr/assets/env.server-1sC44DLZ.js                                   0.28 kB │ gzip:  0.22 kB
node_modules/.nitro/vite/services/ssr/assets/rolldown-runtime-BLEs9rMG.js                             0.35 kB │ gzip:  0.25 kB
node_modules/.nitro/vite/services/ssr/assets/label-BFPC-S52.js                                        0.36 kB │ gzip:  0.25 kB
node_modules/.nitro/vite/services/ssr/assets/createServerRpc-DPX_ndmm.js                              0.37 kB │ gzip:  0.25 kB
node_modules/.nitro/vite/services/ssr/assets/signup-Dmt1KHDi.js                                       0.37 kB │ gzip:  0.27 kB
node_modules/.nitro/vite/services/ssr/assets/github-snapshot-DAte9VZ3.js                              0.37 kB │ gzip:  0.27 kB
node_modules/.nitro/vite/services/ssr/assets/github-readmes-BvJTf_O_.js                               0.39 kB │ gzip:  0.29 kB
node_modules/.nitro/vite/services/ssr/assets/route-frame-CfIMeORX.js                                  0.42 kB │ gzip:  0.29 kB
node_modules/.nitro/vite/services/ssr/assets/local-store-DO6qwhjW.js                                  0.45 kB │ gzip:  0.25 kB
node_modules/.nitro/vite/services/ssr/assets/utils-BEnn8gPD.js                                        0.46 kB │ gzip:  0.30 kB
node_modules/.nitro/vite/services/ssr/assets/showcase.design-D9Alv00j.js                              0.50 kB │ gzip:  0.30 kB
node_modules/.nitro/vite/services/ssr/assets/createSsrRpc-BUUEN0qI.js                                 0.50 kB │ gzip:  0.32 kB
node_modules/.nitro/vite/services/ssr/assets/CinematicFallback-DFzTsi4L.js                            0.50 kB │ gzip:  0.36 kB
node_modules/.nitro/vite/services/ssr/assets/textarea-CU-toX6i.js                                     0.53 kB │ gzip:  0.33 kB
node_modules/.nitro/vite/services/ssr/assets/separator-CfBBGVNK.js                                    0.54 kB │ gzip:  0.34 kB
node_modules/.nitro/vite/services/ssr/assets/input-CPAlXaTb.js                                        0.54 kB │ gzip:  0.34 kB
node_modules/.nitro/vite/services/ssr/assets/showcase.film-D1V8AWGR.js                                0.64 kB │ gzip:  0.37 kB
node_modules/.nitro/vite/services/ssr/assets/showcase.mega-Cg7WiXtu.js                                0.64 kB │ gzip:  0.36 kB
node_modules/.nitro/vite/services/ssr/assets/showcase.abbey-DaQWgUWp.js                               0.65 kB │ gzip:  0.37 kB
node_modules/.nitro/vite/services/ssr/assets/showcase.trailer-Dc0TmmIH.js                             0.66 kB │ gzip:  0.37 kB
node_modules/.nitro/vite/services/ssr/assets/github-B8BMQ_OK.js                                       0.67 kB │ gzip:  0.38 kB
node_modules/.nitro/vite/services/ssr/assets/showcase.explainer-Ct23g4P6.js                           0.67 kB │ gzip:  0.37 kB
node_modules/.nitro/vite/services/ssr/assets/architecture-node-ids-DEbxuF-1.js                        0.68 kB │ gzip:  0.42 kB
node_modules/.nitro/vite/services/ssr/assets/radio-group-GnSJmmq6.js                                  0.73 kB │ gzip:  0.38 kB
node_modules/.nitro/vite/services/ssr/assets/methods-BuiIvEc_.js                                      0.74 kB │ gzip:  0.39 kB
node_modules/.nitro/vite/services/ssr/assets/renderer-B-ur6wyp.js                                     0.79 kB │ gzip:  0.36 kB
node_modules/.nitro/vite/services/ssr/assets/createMiddleware-DSe8_z3G.js                             0.82 kB │ gzip:  0.32 kB
node_modules/.nitro/vite/services/ssr/assets/ai-CbnqMCol.js                                           0.83 kB │ gzip:  0.52 kB
node_modules/.nitro/vite/services/ssr/assets/toaster-6wGjEaEB.js                                      0.83 kB │ gzip:  0.47 kB
node_modules/.nitro/vite/services/ssr/assets/tabs-BKgqh0Gz.js                                         1.00 kB │ gzip:  0.45 kB
node_modules/.nitro/vite/services/ssr/assets/tooltip-B94gklA6.js                                      1.01 kB │ gzip:  0.49 kB
node_modules/.nitro/vite/services/ssr/assets/source-CyMSIZ3Q.js                                       1.10 kB │ gzip:  0.58 kB
node_modules/.nitro/vite/services/ssr/assets/auth-slot-live-NSJT9tqJ.js                               1.14 kB │ gzip:  0.61 kB
node_modules/.nitro/vite/services/ssr/assets/crumbs-tmZTB1rv.js                                       1.15 kB │ gzip:  0.55 kB
node_modules/.nitro/vite/services/ssr/assets/seo-CFdfWgGz.js                                          1.18 kB │ gzip:  0.56 kB
node_modules/.nitro/vite/services/ssr/assets/workspace-DW_ZLrYs.js                                    1.21 kB │ gzip:  0.62 kB
node_modules/.nitro/vite/services/ssr/assets/cell-machine-B7v1z3LU.js                                 1.21 kB │ gzip:  0.61 kB
node_modules/.nitro/vite/services/ssr/assets/projects-BPQuIWtz.js                                     1.23 kB │ gzip:  0.63 kB
node_modules/.nitro/vite/services/ssr/assets/config-Cr8d1bJA.js                                       1.28 kB │ gzip:  0.67 kB
node_modules/.nitro/vite/services/ssr/assets/commerce-CrC0qrXJ.js                                     1.31 kB │ gzip:  0.60 kB
node_modules/.nitro/vite/services/ssr/assets/middleware-D-DxAbKH.js                                   1.36 kB │ gzip:  0.71 kB
node_modules/.nitro/vite/services/ssr/assets/tf-pose-demo-CWNiGVf1.js                                 1.39 kB │ gzip:  0.74 kB
node_modules/.nitro/vite/services/ssr/assets/dropdown-menu-BztvMuDs.js                                1.48 kB │ gzip:  0.56 kB
node_modules/.nitro/vite/services/ssr/assets/button-Bib5oMsK.js                                       1.49 kB │ gzip:  0.72 kB
node_modules/.nitro/vite/services/ssr/assets/csp-report.server-DZm7M7I0.js                            1.54 kB │ gzip:  0.87 kB
node_modules/.nitro/vite/services/ssr/assets/ai-DCjdeDSH.js                                           1.58 kB │ gzip:  0.88 kB
node_modules/.nitro/vite/services/ssr/assets/status-badge-4dXjxXPi.js                                 1.65 kB │ gzip:  0.78 kB
node_modules/.nitro/vite/services/ssr/assets/gama-BV9dQsaI.js                                         1.69 kB │ gzip:  0.86 kB
node_modules/.nitro/vite/services/ssr/assets/research.implementations-Bo-Kffgh.js                     1.79 kB │ gzip:  0.79 kB
node_modules/.nitro/vite/services/ssr/assets/math-CX82An2A.js                                         1.82 kB │ gzip:  0.90 kB
node_modules/.nitro/vite/services/ssr/assets/profile-DYjOnfx_.js                                      1.82 kB │ gzip:  0.95 kB
node_modules/.nitro/vite/services/ssr/assets/unauthorized-D4Hrzj-y.js                                 1.83 kB │ gzip:  0.86 kB
node_modules/.nitro/vite/services/ssr/assets/use-github-data-DUfXEd7G.js                              1.87 kB │ gzip:  0.91 kB
node_modules/.nitro/vite/services/ssr/assets/plugins-PwexBtYi.js                                      1.92 kB │ gzip:  0.89 kB
node_modules/.nitro/vite/services/ssr/assets/apps-DGKuHGK3.js                                         1.97 kB │ gzip:  0.86 kB
node_modules/.nitro/vite/services/ssr/assets/gate.server-hSFSpPx_.js                                  1.99 kB │ gzip:  0.95 kB
node_modules/.nitro/vite/services/ssr/assets/investor-BCX--_g4.js                                     2.02 kB │ gzip:  0.80 kB
node_modules/.nitro/vite/services/ssr/assets/isolation.server-YShgMvKF.js                             2.07 kB │ gzip:  1.06 kB
node_modules/.nitro/vite/services/ssr/assets/mlai-mark-BHhtXIGB.js                                    2.07 kB │ gzip:  1.12 kB
node_modules/.nitro/vite/services/ssr/assets/billing-DpFwOIkx.js                                      2.12 kB │ gzip:  1.13 kB
node_modules/.nitro/vite/services/ssr/assets/server-only-notice-CZfxZqbV.js                           2.25 kB │ gzip:  0.87 kB
node_modules/.nitro/vite/services/ssr/assets/audit-view-CJ9W3NqP.js                                   2.25 kB │ gzip:  0.78 kB
node_modules/.nitro/vite/services/ssr/assets/companion-P5NK71BI.js                                    2.26 kB │ gzip:  0.95 kB
node_modules/.nitro/vite/services/ssr/assets/projects._slug-bL6SmLK2.js                               2.27 kB │ gzip:  0.87 kB
node_modules/.nitro/vite/services/ssr/assets/film-CGITwdCe.js                                         2.32 kB │ gzip:  0.82 kB
node_modules/.nitro/vite/services/ssr/assets/start-BF7n3kLd.js                                        2.36 kB │ gzip:  1.05 kB
node_modules/.nitro/vite/services/ssr/assets/math-article-BNlUK8Oo.js                                 2.37 kB │ gzip:  0.98 kB
node_modules/.nitro/vite/services/ssr/assets/admin.server-EEFDcag3.js                                 2.39 kB │ gzip:  1.07 kB
node_modules/.nitro/vite/services/ssr/assets/inquiries.server-JtyH6R3i.js                             2.40 kB │ gzip:  1.06 kB
node_modules/.nitro/vite/services/ssr/assets/section-b7n_VYkT.js                                      2.40 kB │ gzip:  0.89 kB
node_modules/.nitro/vite/services/ssr/assets/telemetry.server-MyvJ_6lN.js                             2.40 kB │ gzip:  1.18 kB
node_modules/.nitro/vite/services/ssr/assets/workspace-CNj2aKuJ.js                                    2.41 kB │ gzip:  0.92 kB
node_modules/.nitro/vite/services/ssr/assets/journey-rail-Bu5_YJCj.js                                 2.41 kB │ gzip:  0.93 kB
node_modules/.nitro/vite/services/ssr/assets/rate-limit.server-YVd9DsfM.js                            2.44 kB │ gzip:  1.29 kB
node_modules/.nitro/vite/services/ssr/assets/blog-BXbyijeb.js                                         2.45 kB │ gzip:  1.16 kB
node_modules/.nitro/vite/services/ssr/assets/research-nav-CVzHDqGf.js                                 2.51 kB │ gzip:  0.83 kB
node_modules/.nitro/vite/services/ssr/assets/turnstile.server-CwktM05R.js                             2.57 kB │ gzip:  1.21 kB
node_modules/.nitro/vite/services/ssr/assets/inquiry-rules-CZn0jrU0.js                                2.60 kB │ gzip:  1.10 kB
node_modules/.nitro/vite/services/ssr/assets/docs-Dq3rj4j3.js                                         2.60 kB │ gzip:  1.11 kB
node_modules/.nitro/vite/services/ssr/assets/article-CAOt7JTo.js                                      2.62 kB │ gzip:  0.98 kB
node_modules/.nitro/vite/services/ssr/assets/terms-DD2WoAUr.js                                        2.69 kB │ gzip:  1.19 kB
node_modules/.nitro/vite/services/ssr/assets/inquiries-CsnALPL4.js                                    2.76 kB │ gzip:  1.19 kB
node_modules/.nitro/vite/services/ssr/assets/blog._slug-CTtBy-re.js                                   2.77 kB │ gzip:  1.16 kB
node_modules/.nitro/vite/services/ssr/assets/config.server-DgrCmSp-.js                                2.77 kB │ gzip:  1.33 kB
node_modules/.nitro/vite/services/ssr/assets/get-started-DRWAA01C.js                                  2.82 kB │ gzip:  1.12 kB
node_modules/.nitro/vite/services/ssr/assets/primitives-CqbzVwx-.js                                   2.89 kB │ gzip:  1.27 kB
node_modules/.nitro/vite/services/ssr/assets/skill-creator-D8nPOxui.js                                2.89 kB │ gzip:  1.18 kB
node_modules/.nitro/vite/services/ssr/assets/changelog-BxopKjjf.js                                    2.90 kB │ gzip:  1.10 kB
node_modules/.nitro/vite/services/ssr/assets/csp-Bymcj9b2.js                                          2.90 kB │ gzip:  1.31 kB
node_modules/.nitro/vite/services/ssr/assets/methods.server-CeLMwuA7.js                               2.91 kB │ gzip:  1.22 kB
node_modules/.nitro/vite/services/ssr/assets/about-DcgLVsL_.js                                        2.92 kB │ gzip:  1.34 kB
node_modules/.nitro/vite/services/ssr/assets/account-deletion.server-fjw76Vly.js                      2.99 kB │ gzip:  1.11 kB
node_modules/.nitro/vite/services/ssr/assets/verify.server-Cb-wwgXI.js                                3.00 kB │ gzip:  1.34 kB
node_modules/.nitro/vite/services/ssr/assets/readiness.server-yD7BMTDP.js                             3.02 kB │ gzip:  1.27 kB
node_modules/.nitro/vite/services/ssr/assets/telemetry-routes.server-B5ciUGYd.js                      3.06 kB │ gzip:  0.81 kB
node_modules/.nitro/vite/services/ssr/assets/about-bgiDLKaC.js                                        3.08 kB │ gzip:  1.15 kB
node_modules/.nitro/vite/services/ssr/assets/telemetry-path-BIB8_hrS.js                               3.10 kB │ gzip:  1.51 kB
node_modules/.nitro/vite/services/ssr/assets/benchmarks-CK7KGr1g.js                                   3.14 kB │ gzip:  1.24 kB
node_modules/.nitro/vite/services/ssr/assets/feed-Cd0oFGDR.js                                         3.24 kB │ gzip:  1.42 kB
node_modules/.nitro/vite/services/ssr/assets/source._name-BTMafRc3.js                                 3.28 kB │ gzip:  1.33 kB
node_modules/.nitro/vite/services/ssr/assets/docs._slug-CTfmyaMI.js                                   3.30 kB │ gzip:  1.31 kB
node_modules/.nitro/vite/services/ssr/assets/projects-Pzfgx6I4.js                                     3.35 kB │ gzip:  1.39 kB
node_modules/.nitro/vite/services/ssr/assets/cell-machine-Cuwsxcxj.js                                 3.47 kB │ gzip:  1.37 kB
node_modules/.nitro/vite/services/ssr/assets/research.implementations._slug-Df9oSQ_W.js               3.53 kB │ gzip:  1.26 kB
node_modules/.nitro/vite/services/ssr/assets/fx-BDB4DYTt.js                                           3.55 kB │ gzip:  1.28 kB
node_modules/.nitro/vite/services/ssr/assets/security-BRI3J4X0.js                                     3.61 kB │ gzip:  1.42 kB
node_modules/.nitro/vite/services/ssr/assets/persona-router-Dalxb58-.js                               3.67 kB │ gzip:  1.52 kB
node_modules/.nitro/vite/services/ssr/assets/systems-NZAg_N65.js                                      3.68 kB │ gzip:  1.67 kB
node_modules/.nitro/vite/services/ssr/assets/team-33uwJ68P.js                                         3.77 kB │ gzip:  1.21 kB
node_modules/.nitro/vite/services/ssr/assets/wdbx-zHnHYJAU.js                                         3.78 kB │ gzip:  1.49 kB
node_modules/.nitro/vite/services/ssr/assets/commerce-Bbrrq0K_.js                                     3.85 kB │ gzip:  1.08 kB
node_modules/.nitro/vite/services/ssr/assets/surfaces-D64CmIhS.js                                     3.88 kB │ gzip:  1.55 kB
node_modules/.nitro/vite/services/ssr/assets/research-topics-hOZQq2zY.js                              3.93 kB │ gzip:  1.55 kB
node_modules/.nitro/vite/services/ssr/assets/llm-7j5OcUWT.js                                          3.98 kB │ gzip:  1.44 kB
node_modules/.nitro/vite/services/ssr/assets/search-panel-DtaZ_tTS.js                                 4.17 kB │ gzip:  1.65 kB
node_modules/.nitro/vite/services/ssr/assets/products-DqOwnJPh.js                                     4.29 kB │ gzip:  1.35 kB
node_modules/.nitro/vite/services/ssr/assets/body-limit.server-Bwh4uWwg.js                            4.32 kB │ gzip:  2.08 kB
node_modules/.nitro/vite/services/ssr/assets/quasar.sites-CP3bVmQN.js                                 4.37 kB │ gzip:  1.53 kB
node_modules/.nitro/vite/services/ssr/assets/frame-gate-B6jJUoan.js                                   4.49 kB │ gzip:  1.60 kB
node_modules/.nitro/vite/services/ssr/assets/privacy-DCAOy3kW.js                                      4.68 kB │ gzip:  1.91 kB
node_modules/.nitro/vite/services/ssr/assets/crypto.server-BHUGmsmU.js                                4.72 kB │ gzip:  1.91 kB
node_modules/.nitro/vite/services/ssr/assets/product-journeys-_iCSGmPw.js                             4.73 kB │ gzip:  1.79 kB
node_modules/.nitro/vite/services/ssr/assets/abbey-bot-BIF__GLj.js                                    4.86 kB │ gzip:  1.87 kB
node_modules/.nitro/vite/services/ssr/assets/billing-BK-dXj9_.js                                      5.01 kB │ gzip:  2.07 kB
node_modules/.nitro/vite/services/ssr/assets/quasar.new-BOxpZRuj.js                                   5.06 kB │ gzip:  1.87 kB
node_modules/.nitro/vite/services/ssr/assets/console-CQMPSBz3.js                                      5.15 kB │ gzip:  2.04 kB
node_modules/.nitro/vite/services/ssr/assets/company-D2POIARr.js                                      5.21 kB │ gzip:  1.84 kB
node_modules/.nitro/vite/services/ssr/assets/gates-iP90HltS.js                                        5.68 kB │ gzip:  2.06 kB
node_modules/.nitro/vite/services/ssr/assets/mobile-CBVVfe8i.js                                       5.91 kB │ gzip:  2.15 kB
node_modules/.nitro/vite/services/ssr/assets/sharding-latency-demo-CB3TUfIC.js                        5.92 kB │ gzip:  1.89 kB
node_modules/.nitro/vite/services/ssr/assets/products._slug-A2nq6-CX.js                               6.04 kB │ gzip:  1.94 kB
node_modules/.nitro/vite/services/ssr/assets/lab-BUbNrn2Y.js                                          6.04 kB │ gzip:  1.77 kB
node_modules/.nitro/vite/services/ssr/assets/team._slug-WiCmPMLb.js                                   6.06 kB │ gzip:  1.81 kB
node_modules/.nitro/vite/services/ssr/assets/abi-COVpNMrA.js                                          6.07 kB │ gzip:  2.36 kB
node_modules/.nitro/vite/services/ssr/assets/team-B6mfUT66.js                                         6.09 kB │ gzip:  2.61 kB
node_modules/.nitro/vite/services/ssr/assets/use-ai-consent-Cj5txxGG.js                               6.32 kB │ gzip:  2.23 kB
node_modules/.nitro/vite/services/ssr/assets/title-CM-aylLS.js                                        6.35 kB │ gzip:  2.02 kB
node_modules/.nitro/vite/services/ssr/assets/client-experience-BH4e-HTk.js                            6.59 kB │ gzip:  2.41 kB
node_modules/.nitro/vite/services/ssr/assets/research-Bvu28b0p.js                                     6.74 kB │ gzip:  2.15 kB
node_modules/.nitro/vite/services/ssr/assets/remote.server-Ee9BUNM_.js                                6.74 kB │ gzip:  2.50 kB
node_modules/.nitro/vite/services/ssr/assets/structured-data-CA3-jcD7.js                              6.89 kB │ gzip:  2.63 kB
node_modules/.nitro/vite/services/ssr/assets/explainer-vllwOZaU.js                                    7.30 kB │ gzip:  2.46 kB
node_modules/.nitro/vite/services/ssr/assets/abbey-CFqNBEZH.js                                        7.37 kB │ gzip:  2.49 kB
node_modules/.nitro/vite/services/ssr/assets/connection-DT-_mWxU.js                                   7.42 kB │ gzip:  2.45 kB
node_modules/.nitro/vite/services/ssr/assets/sources-CWD0OagY.js                                      7.53 kB │ gzip:  3.04 kB
node_modules/.nitro/vite/services/ssr/assets/capture-COLwQEwr.js                                      7.64 kB │ gzip:  3.14 kB
node_modules/.nitro/vite/services/ssr/assets/developers-CRyTzPfc.js                                   7.82 kB │ gzip:  2.83 kB
node_modules/.nitro/vite/services/ssr/assets/github-data-Ck499xez.js                                  7.86 kB │ gzip:  2.75 kB
node_modules/.nitro/vite/services/ssr/assets/dashboard-BXM58iu0.js                                    7.87 kB │ gzip:  2.73 kB
node_modules/.nitro/vite/services/ssr/assets/architecture-CoaddoPY.js                                 8.01 kB │ gzip:  2.72 kB
node_modules/.nitro/vite/services/ssr/assets/changelog-DqJ2-fa9.js                                    8.15 kB │ gzip:  3.14 kB
node_modules/.nitro/vite/services/ssr/assets/investors-DUvxgcgk.js                                    8.26 kB │ gzip:  2.26 kB
node_modules/.nitro/vite/services/ssr/assets/console-bnDIYQwB.js                                      8.39 kB │ gzip:  1.95 kB
node_modules/.nitro/vite/services/ssr/assets/links-D86jWa1f.js                                        8.43 kB │ gzip:  2.63 kB
node_modules/.nitro/vite/services/ssr/assets/header-menus-Cd1pRTwp.js                                 8.55 kB │ gzip:  2.45 kB
node_modules/.nitro/vite/services/ssr/assets/tf-pose-demo-D6yLWLu_.js                                 8.58 kB │ gzip:  3.07 kB
node_modules/.nitro/vite/services/ssr/assets/products-G-SQQS7H.js                                     8.85 kB │ gzip:  3.52 kB
node_modules/.nitro/vite/services/ssr/assets/workspace-app-BQVcljcd.js                                8.92 kB │ gzip:  3.01 kB
node_modules/.nitro/vite/services/ssr/assets/research._slug-BDMEJd5J.js                               9.22 kB │ gzip:  2.49 kB
node_modules/.nitro/vite/services/ssr/assets/handlers.server-BJ64WXur.js                              9.82 kB │ gzip:  3.27 kB
node_modules/.nitro/vite/services/ssr/assets/design-DYw8t3Rn.js                                       9.94 kB │ gzip:  3.31 kB
node_modules/.nitro/vite/services/ssr/assets/quesar-CB3wHyEC.js                                      10.00 kB │ gzip:  3.63 kB
node_modules/.nitro/vite/services/ssr/assets/abi-runtime-7A_ELp3l.js                                 10.04 kB │ gzip:  3.64 kB
node_modules/.nitro/vite/services/ssr/assets/login-C1--R6Ik.js                                       10.38 kB │ gzip:  3.13 kB
node_modules/.nitro/vite/services/ssr/assets/quasar.settings-D1UiCrJG.js                             10.69 kB │ gzip:  3.03 kB
node_modules/.nitro/vite/services/ssr/assets/internal-BJIP0b0i.js                                    10.93 kB │ gzip:  3.61 kB
node_modules/.nitro/vite/services/ssr/assets/services-wxLrCN9L.js                                    11.43 kB │ gzip:  3.23 kB
node_modules/.nitro/vite/services/ssr/assets/trailer-MGuHTRc4.js                                     12.12 kB │ gzip:  3.73 kB
node_modules/.nitro/vite/services/ssr/assets/architecture-DEKkOYz5.js                                12.72 kB │ gzip:  4.05 kB
node_modules/.nitro/vite/services/ssr/assets/repo-list-BaywuyBX.js                                   12.87 kB │ gzip:  3.94 kB
node_modules/.nitro/vite/services/ssr/assets/platform-6jnrZOla.js                                    14.21 kB │ gzip:  4.28 kB
node_modules/.nitro/vite/services/ssr/assets/quasar.site._id-CluioHOZ.js                             14.52 kB │ gzip:  4.17 kB
node_modules/.nitro/vite/services/ssr/assets/contact-z5mzRzKC.js                                     15.09 kB │ gzip:  4.72 kB
node_modules/.nitro/vite/services/ssr/assets/shared-C3jG_v-j.js                                      15.63 kB │ gzip:  5.30 kB
node_modules/.nitro/vite/services/ssr/assets/db-BCMN0AuK.js                                          16.47 kB │ gzip:  5.43 kB
node_modules/.nitro/vite/services/ssr/assets/admin-8CZ9s-1Z.js                                       16.63 kB │ gzip:  4.39 kB
node_modules/.nitro/vite/services/ssr/assets/trailer-DAmYty9_.js                                     16.85 kB │ gzip:  4.86 kB
node_modules/.nitro/vite/services/ssr/assets/catalog-CCCavNKm.js                                     17.23 kB │ gzip:  5.31 kB
node_modules/.nitro/vite/services/ssr/assets/commerce.server-BCRytmz8.js                             17.58 kB │ gzip:  5.05 kB
node_modules/.nitro/vite/services/ssr/assets/use-tweaks-CSqUxvg8.js                                  17.60 kB │ gzip:  5.12 kB
node_modules/.nitro/vite/services/ssr/assets/console.server-DNylerlM.js                              17.83 kB │ gzip:  5.50 kB
node_modules/.nitro/vite/services/ssr/assets/research-context-DFM0uNiA.js                            17.98 kB │ gzip:  6.79 kB
node_modules/.nitro/vite/services/ssr/assets/console.workspace-Dvalr0w6.js                           18.50 kB │ gzip:  5.48 kB
node_modules/.nitro/vite/services/ssr/assets/tokens.server-mJrF5hZq.js                               19.99 kB │ gzip:  6.66 kB
node_modules/.nitro/vite/services/ssr/assets/ShowcaseBoard-D5nK5Hz5.js                               20.45 kB │ gzip:  5.87 kB
node_modules/.nitro/vite/services/ssr/assets/HeroBoard-CtBhov4Y.js                                   22.47 kB │ gzip:  6.43 kB
node_modules/.nitro/vite/services/ssr/assets/demo-CUTP1a_z.js                                        22.64 kB │ gzip:  7.75 kB
node_modules/.nitro/vite/services/ssr/assets/abbey-m6c6b7_V.js                                       22.91 kB │ gzip:  6.99 kB
node_modules/.nitro/vite/services/ssr/assets/_tanstack-start-manifest_v-BzPowwmt.js                  25.20 kB │ gzip:  3.72 kB
node_modules/.nitro/vite/services/ssr/assets/financial-model-DEBlfqQ_.js                             25.26 kB │ gzip:  5.99 kB
node_modules/.nitro/vite/services/ssr/assets/profile-DAWYTrTF.js                                     26.34 kB │ gzip:  7.18 kB
node_modules/.nitro/vite/services/ssr/assets/pages-Bd81pwY9.js                                       27.11 kB │ gzip:  9.50 kB
node_modules/.nitro/vite/services/ssr/assets/Docs-gyv7Xk__.js                                        28.64 kB │ gzip:  7.46 kB
node_modules/.nitro/vite/services/ssr/assets/LabBoard-DVGaJ82G.js                                    29.69 kB │ gzip:  8.52 kB
node_modules/.nitro/vite/services/ssr/assets/use-current-user-s49N_12T.js                            29.99 kB │ gzip:  8.90 kB
node_modules/.nitro/vite/services/ssr/assets/showcase-qrZVsftf.js                                    30.78 kB │ gzip:  6.70 kB
node_modules/.nitro/vite/services/ssr/assets/console-CS5nny0W.js                                     30.88 kB │ gzip:  7.87 kB
node_modules/.nitro/vite/services/ssr/assets/routes-70HStnXT.js                                      31.09 kB │ gzip:  8.22 kB
node_modules/.nitro/vite/services/ssr/assets/BrandBoard-SuAO84PG.js                                  32.51 kB │ gzip:  7.96 kB
node_modules/.nitro/vite/services/ssr/assets/mega-nDjt33oR.js                                        32.92 kB │ gzip:  8.73 kB
node_modules/.nitro/vite/services/ssr/assets/outro-B0O_Lyc0.js                                       33.51 kB │ gzip:  7.77 kB
node_modules/.nitro/vite/services/ssr/assets/docs-hub-BH3u-PX9.js                                    36.91 kB │ gzip: 11.99 kB
node_modules/.nitro/vite/services/ssr/assets/Console-BYkgc7II.js                                     42.32 kB │ gzip: 10.29 kB
node_modules/.nitro/vite/services/ssr/assets/Marketing-D_hosynN.js                                   45.74 kB │ gzip: 11.00 kB
node_modules/.nitro/vite/services/ssr/assets/blog-CuTytVBQ.js                                        46.46 kB │ gzip: 17.19 kB
node_modules/.nitro/vite/services/ssr/assets/beats-Dq7D9xFd.js                                       64.89 kB │ gzip: 15.84 kB
node_modules/.nitro/vite/services/ssr/assets/film-collection-BSsOVuMC.js                             66.22 kB │ gzip:  8.34 kB
node_modules/.nitro/vite/services/ssr/assets/DesignBoard-Dh9FqZFx.js                                 66.36 kB │ gzip: 16.58 kB
node_modules/.nitro/vite/services/ssr/assets/narration-hE3lr3sh.js                                   69.91 kB │ gzip: 21.68 kB
node_modules/.nitro/vite/services/ssr/index.js                                                       80.91 kB │ gzip: 21.48 kB
node_modules/.nitro/vite/services/ssr/assets/router-BxGetnXE.js                                      98.31 kB │ gzip: 24.72 kB
node_modules/.nitro/vite/services/ssr/assets/research-DKQReBD5.js                                   102.11 kB │ gzip: 21.61 kB
node_modules/.nitro/vite/services/ssr/assets/server-_bY5VkBN.js                                     366.40 kB │ gzip: 87.37 kB

✓ built in 943ms

[nitro] ◐ Building [Nitro] (preset: node-server, compatibility: 2026-10-04)
[nitro] ✔ Generated public .output/public
vite v8.3.1 building nitro environment for persistent...
`output.codeSplitting.groups[0].name` is a function. Set `output.codeSplitting.groups[0].debugName` so the bundler timing report can identify this group.
transforming...
✓ 7383 modules transformed.
ℹ Tracing dependencies:
- tslib (2.8.1, 1.14.1)
✔ Traced 1 dependencies (8 files) in 26ms.
ℹ Ensure your production environment matches the builder OS and architecture (darwin-arm64) to avoid native module issues.
rendering chunks...
computing gzip size...
.output/server/_ssr/server-only-notice-CZfxZqbV.mjs                  0.13 kB │ gzip:   0.12 kB
.output/server/_ssr/kysely-adapter-Cj_QZw5p.mjs                      0.14 kB │ gzip:   0.10 kB
.output/server/_ssr/empty-plugin-adapters-D9UWiqvJ.mjs               0.23 kB │ gzip:   0.16 kB
.output/server/_libs/zod.mjs                                         0.23 kB │ gzip:   0.18 kB
.output/server/_chunks/core.mjs                                      0.25 kB │ gzip:   0.18 kB
.output/server/_libs/radix-ui__number.mjs                            0.32 kB │ gzip:   0.24 kB
.output/server/_ssr/createServerRpc-DPX_ndmm.mjs                     0.37 kB │ gzip:   0.26 kB
.output/server/_ssr/rolldown-runtime-BLEs9rMG.mjs                    0.40 kB │ gzip:   0.28 kB
.output/server/_ssr/github-readmes-BvJTf_O_.mjs                      0.44 kB │ gzip:   0.32 kB
.output/server/_ssr/local-store-DO6qwhjW.mjs                         0.49 kB │ gzip:   0.28 kB
.output/server/_ssr/createSsrRpc-BUUEN0qI.mjs                        0.50 kB │ gzip:   0.32 kB
.output/server/_ssr/label-BFPC-S52.mjs                               0.52 kB │ gzip:   0.33 kB
.output/server/_ssr/signup-Dmt1KHDi.mjs                              0.53 kB │ gzip:   0.34 kB
.output/server/_ssr/env.server-1sC44DLZ.mjs                          0.53 kB │ gzip:   0.30 kB
.output/server/_ssr/utils-BEnn8gPD.mjs                               0.56 kB │ gzip:   0.37 kB
.output/server/_ssr/route-frame-CfIMeORX.mjs                         0.59 kB │ gzip:   0.36 kB
.output/server/_ssr/CinematicFallback-DFzTsi4L.mjs                   0.65 kB │ gzip:   0.44 kB
.output/server/_ssr/separator-CfBBGVNK.mjs                           0.67 kB │ gzip:   0.40 kB
.output/server/_ssr/textarea-CU-toX6i.mjs                            0.68 kB │ gzip:   0.41 kB
.output/server/_ssr/input-CPAlXaTb.mjs                               0.69 kB │ gzip:   0.42 kB
.output/server/_ssr/github-B8BMQ_OK.mjs                              0.69 kB │ gzip:   0.41 kB
.output/server/_ssr/methods-BuiIvEc_.mjs                             0.81 kB │ gzip:   0.42 kB
.output/server/_ssr/renderer-B-ur6wyp.mjs                            0.82 kB │ gzip:   0.38 kB
.output/server/_ssr/showcase.design-D9Alv00j.mjs                     0.85 kB │ gzip:   0.41 kB
.output/server/_libs/better-auth__utils.mjs                          0.91 kB │ gzip:   0.48 kB
.output/server/_ssr/radio-group-GnSJmmq6.mjs                         0.94 kB │ gzip:   0.45 kB
.output/server/_ssr/ai-CbnqMCol.mjs                                  0.94 kB │ gzip:   0.58 kB
.output/server/_chunks/ssr-renderer.mjs                              0.96 kB │ gzip:   0.49 kB
.output/server/_libs/radix-ui__react-label.mjs                       0.98 kB │ gzip:   0.50 kB
.output/server/_ssr/showcase.film-D1V8AWGR.mjs                       1.05 kB │ gzip:   0.48 kB
.output/server/_ssr/showcase.mega-Cg7WiXtu.mjs                       1.05 kB │ gzip:   0.48 kB
.output/server/_ssr/showcase.abbey-DaQWgUWp.mjs                      1.05 kB │ gzip:   0.48 kB
.output/server/_ssr/showcase.trailer-Dc0TmmIH.mjs                    1.06 kB │ gzip:   0.48 kB
.output/server/_ssr/showcase.explainer-Ct23g4P6.mjs                  1.07 kB │ gzip:   0.48 kB
.output/server/_libs/hookable.mjs                                    1.16 kB │ gzip:   0.51 kB
.output/server/_ssr/toaster-6wGjEaEB.mjs                             1.17 kB │ gzip:   0.59 kB
.output/server/_ssr/tabs-BKgqh0Gz.mjs                                1.17 kB │ gzip:   0.52 kB
.output/server/_ssr/tooltip-B94gklA6.mjs                             1.23 kB │ gzip:   0.56 kB
.output/server/_libs/nanostores.mjs                                  1.25 kB │ gzip:   0.58 kB
.output/server/_ssr/source-CyMSIZ3Q.mjs                              1.34 kB │ gzip:   0.66 kB
.output/server/_ssr/middleware-D-DxAbKH.mjs                          1.38 kB │ gzip:   0.73 kB
.output/server/_ssr/config-Cr8d1bJA.mjs                              1.38 kB │ gzip:   0.71 kB
.output/server/_libs/defu.mjs                                        1.40 kB │ gzip:   0.58 kB
.output/server/_ssr/commerce-CrC0qrXJ.mjs                            1.40 kB │ gzip:   0.66 kB
.output/server/_libs/radix-ui__react-toggle.mjs                      1.41 kB │ gzip:   0.65 kB
.output/server/_libs/radix-ui__react-separator.mjs                   1.43 kB │ gzip:   0.63 kB
.output/server/_ssr/auth-slot-live-NSJT9tqJ.mjs                      1.43 kB │ gzip:   0.69 kB
.output/server/_ssr/crumbs-tmZTB1rv.mjs                              1.43 kB │ gzip:   0.62 kB
.output/server/_ssr/projects-BPQuIWtz.mjs                            1.46 kB │ gzip:   0.70 kB
.output/server/_ssr/workspace-DW_ZLrYs.mjs                           1.47 kB │ gzip:   0.69 kB
.output/server/_ssr/cell-machine-B7v1z3LU.mjs                        1.47 kB │ gzip:   0.68 kB
.output/server/_ssr/button-Bib5oMsK.mjs                              1.56 kB │ gzip:   0.78 kB
.output/server/_ssr/csp-report.server-DZm7M7I0.mjs                   1.59 kB │ gzip:   0.90 kB
.output/server/_ssr/dropdown-menu-BztvMuDs.mjs                       1.64 kB │ gzip:   0.63 kB
.output/server/_libs/react-is.mjs                                    1.66 kB │ gzip:   0.65 kB
.output/server/_ssr/ai-DCjdeDSH.mjs                                  1.67 kB │ gzip:   0.93 kB
.output/server/_ssr/status-badge-4dXjxXPi.mjs                        1.77 kB │ gzip:   0.84 kB
.output/server/_libs/radix-ui__primitive.mjs                         1.82 kB │ gzip:   0.71 kB
.output/server/_ssr/tf-pose-demo-CWNiGVf1.mjs                        1.85 kB │ gzip:   0.84 kB
.output/server/_ssr/profile-DYjOnfx_.mjs                             1.89 kB │ gzip:   0.98 kB
.output/server/_runtime.mjs                                          1.89 kB │ gzip:   0.85 kB
.output/server/_ssr/gama-BV9dQsaI.mjs                                1.96 kB │ gzip:   0.93 kB
.output/server/_ssr/gate.server-hSFSpPx_.mjs                         2.02 kB │ gzip:   0.97 kB
.output/server/_ssr/use-github-data-DUfXEd7G.mjs                     2.04 kB │ gzip:   1.00 kB
.output/server/_ssr/investor-BCX--_g4.mjs                            2.05 kB │ gzip:   0.83 kB
.output/server/_ssr/mlai-mark-BHhtXIGB.mjs                           2.11 kB │ gzip:   1.14 kB
.output/server/_ssr/isolation.server-YShgMvKF.mjs                    2.11 kB │ gzip:   1.08 kB
.output/server/_ssr/math-CX82An2A.mjs                                2.15 kB │ gzip:   1.03 kB
.output/server/_ssr/research.implementations-Bo-Kffgh.mjs            2.16 kB │ gzip:   0.86 kB
.output/server/_ssr/unauthorized-D4Hrzj-y.mjs                        2.17 kB │ gzip:   0.92 kB
.output/server/_libs/ufo.mjs                                         2.19 kB │ gzip:   0.71 kB
.output/server/_ssr/billing-DpFwOIkx.mjs                             2.22 kB │ gzip:   1.18 kB
.output/server/_ssr/plugins-PwexBtYi.mjs                             2.25 kB │ gzip:   0.96 kB
.output/server/_ssr/apps-DGKuHGK3.mjs                                2.28 kB │ gzip:   0.93 kB
.output/server/_ssr/start-BF7n3kLd.mjs                               2.35 kB │ gzip:   1.04 kB
.output/server/_ssr/admin.server-EEFDcag3.mjs                        2.44 kB │ gzip:   1.10 kB
.output/server/_ssr/inquiries.server-JtyH6R3i.mjs                    2.44 kB │ gzip:   1.09 kB
.output/server/_ssr/telemetry.server-MyvJ_6lN.mjs                    2.45 kB │ gzip:   1.21 kB
.output/server/_ssr/rate-limit.server-YVd9DsfM.mjs                   2.48 kB │ gzip:   1.32 kB
.output/server/_ssr/workspace-CNj2aKuJ.mjs                           2.49 kB │ gzip:   0.97 kB
.output/server/_ssr/turnstile.server-CwktM05R.mjs                    2.61 kB │ gzip:   1.25 kB
.output/server/_ssr/projects._slug-bL6SmLK2.mjs                      2.63 kB │ gzip:   0.92 kB
.output/server/_ssr/companion-P5NK71BI.mjs                           2.64 kB │ gzip:   1.02 kB
.output/server/_ssr/inquiry-rules-CZn0jrU0.mjs                       2.65 kB │ gzip:   1.13 kB
.output/server/_ssr/audit-view-CJ9W3NqP.mjs                          2.71 kB │ gzip:   0.87 kB
.output/server/_ssr/journey-rail-Bu5_YJCj.mjs                        2.73 kB │ gzip:   0.99 kB
.output/server/_ssr/inquiries-CsnALPL4.mjs                           2.77 kB │ gzip:   1.21 kB
.output/server/_ssr/math-article-BNlUK8Oo.mjs                        2.78 kB │ gzip:   1.06 kB
.output/server/_ssr/section-b7n_VYkT.mjs                             2.79 kB │ gzip:   0.97 kB
.output/server/_ssr/config.server-DgrCmSp-.mjs                       2.82 kB │ gzip:   1.36 kB
.output/server/_ssr/research-nav-CVzHDqGf.mjs                        2.94 kB │ gzip:   0.91 kB
.output/server/_ssr/csp-Bymcj9b2.mjs                                 2.94 kB │ gzip:   1.34 kB
.output/server/_ssr/film-CGITwdCe.mjs                                2.95 kB │ gzip:   0.89 kB
.output/server/_ssr/about-DcgLVsL_.mjs                               2.95 kB │ gzip:   1.36 kB
.output/server/_ssr/blog-BXbyijeb.mjs                                2.97 kB │ gzip:   1.28 kB
.output/server/_ssr/verify.server-Cb-wwgXI.mjs                       3.04 kB │ gzip:   1.37 kB
.output/server/_ssr/account-deletion.server-fjw76Vly.mjs             3.08 kB │ gzip:   1.15 kB
.output/server/_ssr/article-CAOt7JTo.mjs                             3.10 kB │ gzip:   1.06 kB
.output/server/_ssr/telemetry-routes.server-B5ciUGYd.mjs             3.10 kB │ gzip:   0.84 kB
.output/server/_ssr/docs-Dq3rj4j3.mjs                                3.12 kB │ gzip:   1.18 kB
.output/server/_ssr/primitives-CqbzVwx-.mjs                          3.12 kB │ gzip:   1.33 kB
.output/server/_ssr/telemetry-path-BIB8_hrS.mjs                      3.14 kB │ gzip:   1.55 kB
.output/server/_libs/class-variance-authority+clsx.mjs               3.16 kB │ gzip:   1.24 kB
.output/server/_ssr/blog._slug-CTtBy-re.mjs                          3.16 kB │ gzip:   1.21 kB
.output/server/_ssr/methods.server-CeLMwuA7.mjs                      3.19 kB │ gzip:   1.28 kB
.output/server/_ssr/terms-DD2WoAUr.mjs                               3.20 kB │ gzip:   1.26 kB
.output/server/_ssr/feed-Cd0oFGDR.mjs                                3.24 kB │ gzip:   1.44 kB
.output/server/_libs/d3-path.mjs                                     3.24 kB │ gzip:   1.16 kB
.output/server/_ssr/readiness.server-yD7BMTDP.mjs                    3.31 kB │ gzip:   1.34 kB
.output/server/_ssr/get-started-DRWAA01C.mjs                         3.36 kB │ gzip:   1.20 kB
.output/server/_ssr/projects-Pzfgx6I4.mjs                            3.42 kB │ gzip:   1.44 kB
.output/server/_ssr/changelog-BxopKjjf.mjs                           3.47 kB │ gzip:   1.18 kB
.output/server/_ssr/skill-creator-D8nPOxui.mjs                       3.54 kB │ gzip:   1.30 kB
.output/server/_ssr/about-bgiDLKaC.mjs                               3.66 kB │ gzip:   1.23 kB
.output/server/_ssr/benchmarks-CK7KGr1g.mjs                          3.69 kB │ gzip:   1.32 kB
.output/server/_ssr/docs._slug-CTfmyaMI.mjs                          3.74 kB │ gzip:   1.36 kB
.output/server/_ssr/systems-NZAg_N65.mjs                             3.77 kB │ gzip:   1.73 kB
.output/server/_ssr/source._name-BTMafRc3.mjs                        3.78 kB │ gzip:   1.39 kB
.output/server/_ssr/fx-BDB4DYTt.mjs                                  3.89 kB │ gzip:   1.37 kB
.output/server/_ssr/surfaces-D64CmIhS.mjs                            3.91 kB │ gzip:   1.58 kB
.output/server/_ssr/commerce-Bbrrq0K_.mjs                            3.94 kB │ gzip:   1.14 kB
.output/server/_ssr/research-topics-hOZQq2zY.mjs                     3.96 kB │ gzip:   1.58 kB
.output/server/_ssr/cell-machine-Cuwsxcxj.mjs                        3.97 kB │ gzip:   1.48 kB
.output/server/_ssr/llm-7j5OcUWT.mjs                                 4.01 kB │ gzip:   1.46 kB
.output/server/_ssr/research.implementations._slug-Df9oSQ_W.mjs      4.05 kB │ gzip:   1.33 kB
.output/server/_ssr/persona-router-Dalxb58-.mjs                      4.31 kB │ gzip:   1.62 kB
.output/server/_ssr/security-BRI3J4X0.mjs                            4.31 kB │ gzip:   1.50 kB
.output/server/_ssr/body-limit.server-Bwh4uWwg.mjs                   4.35 kB │ gzip:   2.11 kB
.output/server/_ssr/wdbx-zHnHYJAU.mjs                                4.38 kB │ gzip:   1.58 kB
.output/server/_ssr/team-33uwJ68P.mjs                                4.47 kB │ gzip:   1.29 kB
.output/server/_ssr/frame-gate-B6jJUoan.mjs                          4.53 kB │ gzip:   1.63 kB
.output/server/_ssr/crypto.server-BHUGmsmU.mjs                       4.76 kB │ gzip:   1.94 kB
.output/server/_ssr/product-journeys-_iCSGmPw.mjs                    4.76 kB │ gzip:   1.82 kB
.output/server/_ssr/products-DqOwnJPh.mjs                            4.96 kB │ gzip:   1.43 kB
.output/server/_libs/d3-interpolate.mjs                              5.00 kB │ gzip:   1.60 kB
.output/server/_ssr/quasar.sites-CP3bVmQN.mjs                        5.18 kB │ gzip:   1.63 kB
.output/server/_ssr/console-CQMPSBz3.mjs                             5.20 kB │ gzip:   2.09 kB
.output/server/_ssr/billing-BK-dXj9_.mjs                             5.22 kB │ gzip:   2.14 kB
.output/server/_ssr/privacy-DCAOy3kW.mjs                             5.23 kB │ gzip:   1.99 kB
.output/server/_ssr/github-data-Ck499xez.mjs                         5.67 kB │ gzip:   2.11 kB
.output/server/_ssr/abbey-bot-BIF__GLj.mjs                           5.67 kB │ gzip:   2.00 kB
.output/server/_ssr/quasar.new-BOxpZRuj.mjs                          5.88 kB │ gzip:   1.98 kB
.output/server/_libs/radix-ui__react-tabs.mjs                        5.95 kB │ gzip:   1.72 kB
.output/server/_ssr/company-D2POIARr.mjs                             6.10 kB │ gzip:   1.93 kB
.output/server/_ssr/team-B6mfUT66.mjs                                6.41 kB │ gzip:   2.71 kB
.output/server/_libs/react-redux+[...].mjs                           6.45 kB │ gzip:   2.01 kB
.output/server/_ssr/client-experience-BH4e-HTk.mjs                   6.62 kB │ gzip:   2.44 kB
.output/server/_ssr/gates-iP90HltS.mjs                               6.67 kB │ gzip:   2.20 kB
.output/server/_ssr/abi-COVpNMrA.mjs                                 6.71 kB │ gzip:   2.42 kB
.output/server/_libs/radix-ui__react-toggle-group.mjs                6.73 kB │ gzip:   1.57 kB
.output/server/_ssr/products._slug-A2nq6-CX.mjs                      6.84 kB │ gzip:   1.99 kB
.output/server/_ssr/mobile-CBVVfe8i.mjs                              6.89 kB │ gzip:   2.26 kB
.output/server/_ssr/sharding-latency-demo-CB3TUfIC.mjs               6.97 kB │ gzip:   2.02 kB
.output/server/_ssr/use-ai-consent-Cj5txxGG.mjs                      6.99 kB │ gzip:   2.35 kB
.output/server/_ssr/team._slug-WiCmPMLb.mjs                          6.99 kB │ gzip:   1.86 kB
.output/server/_ssr/title-CM-aylLS.mjs                               7.00 kB │ gzip:   2.10 kB
.output/server/_ssr/remote.server-Ee9BUNM_.mjs                       7.01 kB │ gzip:   2.56 kB
.output/server/_ssr/lab-BUbNrn2Y.mjs                                 7.14 kB │ gzip:   1.87 kB
.output/server/_ssr/sources-CWD0OagY.mjs                             7.55 kB │ gzip:   3.06 kB
.output/server/_ssr/capture-COLwQEwr.mjs                             7.67 kB │ gzip:   3.16 kB
.output/server/_ssr/research-Bvu28b0p.mjs                            7.80 kB │ gzip:   2.27 kB
.output/server/_ssr/connection-DT-_mWxU.mjs                          7.83 kB │ gzip:   2.52 kB
.output/server/_libs/d3-array.mjs                                    8.01 kB │ gzip:   2.22 kB
.output/server/_ssr/architecture-CoaddoPY.mjs                        8.04 kB │ gzip:   2.74 kB
.output/server/_ssr/changelog-DqJ2-fa9.mjs                           8.18 kB │ gzip:   3.16 kB
.output/server/_ssr/abbey-CFqNBEZH.mjs                               8.18 kB │ gzip:   2.56 kB
.output/server/_libs/eventemitter3.mjs                               8.31 kB │ gzip:   2.04 kB
.output/server/_ssr/console-bnDIYQwB.mjs                             8.49 kB │ gzip:   2.01 kB
.output/server/_ssr/explainer-vllwOZaU.mjs                           8.58 kB │ gzip:   2.57 kB
.output/server/_ssr/developers-CRyTzPfc.mjs                          8.82 kB │ gzip:   2.89 kB
.output/server/_ssr/products-G-SQQS7H.mjs                            8.88 kB │ gzip:   3.54 kB
.output/server/_ssr/dashboard-BXM58iu0.mjs                           9.08 kB │ gzip:   2.86 kB
.output/server/_ssr/links-D86jWa1f.mjs                               9.17 kB │ gzip:   2.70 kB
.output/server/_ssr/tf-pose-demo-D6yLWLu_.mjs                        9.33 kB │ gzip:   3.20 kB
.output/server/_ssr/investors-DUvxgcgk.mjs                           9.51 kB │ gzip:   2.34 kB
.output/server/_ssr/handlers.server-BJ64WXur.mjs                     9.85 kB │ gzip:   3.30 kB
.output/server/_ssr/abi-runtime-7A_ELp3l.mjs                        10.02 kB │ gzip:   3.66 kB
.output/server/_ssr/header-menus-Cd1pRTwp.mjs                       10.11 kB │ gzip:   2.59 kB
.output/server/_ssr/workspace-app-BQVcljcd.mjs                      10.12 kB │ gzip:   3.14 kB
.output/server/_libs/d3-color.mjs                                   10.37 kB │ gzip:   3.56 kB
.output/server/_libs/d3-format.mjs                                  10.53 kB │ gzip:   3.01 kB
.output/server/_ssr/research._slug-BDMEJd5J.mjs                     10.70 kB │ gzip:   2.57 kB
.output/server/_ssr/design-DYw8t3Rn.mjs                             11.27 kB │ gzip:   3.45 kB
.output/server/_ssr/quesar-CB3wHyEC.mjs                             11.28 kB │ gzip:   3.74 kB
.output/server/_libs/radix-ui__react-radio-group.mjs                11.59 kB │ gzip:   2.94 kB
.output/server/_ssr/login-C1--R6Ik.mjs                              11.65 kB │ gzip:   3.23 kB
.output/server/_ssr/quasar.settings-D1UiCrJG.mjs                    11.92 kB │ gzip:   3.15 kB
.output/server/_libs/tanstack__history.mjs                          12.48 kB │ gzip:   3.70 kB
.output/server/_ssr/services-wxLrCN9L.mjs                           13.22 kB │ gzip:   3.34 kB
.output/server/_ssr/trailer-MGuHTRc4.mjs                            13.33 kB │ gzip:   3.86 kB
.output/server/_ssr/repo-list-BaywuyBX.mjs                          14.24 kB │ gzip:   4.03 kB
.output/server/_ssr/architecture-DEKkOYz5.mjs                       14.42 kB │ gzip:   4.16 kB
.output/server/_libs/better-auth__memory-adapter.mjs                14.93 kB │ gzip:   4.11 kB
.output/server/_ssr/db-BCMN0AuK.mjs                                 16.23 kB │ gzip:   5.47 kB
.output/server/_ssr/platform-6jnrZOla.mjs                           16.35 kB │ gzip:   4.41 kB
.output/server/_ssr/quasar.site._id-CluioHOZ.mjs                    16.40 kB │ gzip:   4.29 kB
.output/server/_ssr/shared-C3jG_v-j.mjs                             16.57 kB │ gzip:   5.41 kB
.output/server/_ssr/contact-z5mzRzKC.mjs                            16.90 kB │ gzip:   4.84 kB
.output/server/_libs/@better-auth/telemetry+[...].mjs               17.19 kB │ gzip:   4.80 kB
.output/server/_ssr/commerce.server-BCRytmz8.mjs                    17.63 kB │ gzip:   5.12 kB
.output/server/_ssr/console.server-DNylerlM.mjs                     17.88 kB │ gzip:   5.54 kB
.output/server/_ssr/research-context-DFM0uNiA.mjs                   18.01 kB │ gzip:   6.82 kB
.output/server/_libs/radix-ui__react-tooltip.mjs                    18.84 kB │ gzip:   4.27 kB
.output/server/_ssr/catalog-CCCavNKm.mjs                            18.87 kB │ gzip:   5.26 kB
.output/server/_ssr/trailer-DAmYty9_.mjs                            18.95 kB │ gzip:   5.00 kB
.output/server/_ssr/use-tweaks-CSqUxvg8.mjs                         19.00 kB │ gzip:   5.24 kB
.output/server/_ssr/admin-8CZ9s-1Z.mjs                              19.08 kB │ gzip:   4.52 kB
.output/server/_libs/d3-shape.mjs                                   20.46 kB │ gzip:   4.06 kB
.output/server/_ssr/console.workspace-Dvalr0w6.mjs                  20.71 kB │ gzip:   5.60 kB
.output/server/_ssr/tokens.server-mJrF5hZq.mjs                      21.28 kB │ gzip:   6.86 kB
.output/server/_ssr/ShowcaseBoard-D5nK5Hz5.mjs                      22.85 kB │ gzip:   6.01 kB
.output/server/_libs/decimal.js-light.mjs                           23.31 kB │ gzip:   6.89 kB
.output/server/_ssr/abbey-m6c6b7_V.mjs                              23.65 kB │ gzip:   7.08 kB
.output/server/_ssr/demo-CUTP1a_z.mjs                               24.02 kB │ gzip:   7.87 kB
.output/server/_ssr/HeroBoard-CtBhov4Y.mjs                          24.90 kB │ gzip:   6.57 kB
.output/server/_tanstack-start-manifest_v-BzPowwmt.mjs              25.26 kB │ gzip:   3.75 kB
.output/server/_libs/@floating-ui/dom+[...].mjs                     25.36 kB │ gzip:   6.54 kB
.output/server/_libs/@floating-ui/core+[...].mjs                    25.49 kB │ gzip:   6.28 kB
.output/server/_libs/h3-v2+rou3+srvx.mjs                            26.07 kB │ gzip:   7.08 kB
.output/server/_ssr/pages-Bd81pwY9.mjs                              27.15 kB │ gzip:   9.53 kB
.output/server/_ssr/financial-model-DEBlfqQ_.mjs                    28.13 kB │ gzip:   6.12 kB
.output/server/_ssr/use-current-user-s49N_12T.mjs                   29.16 kB │ gzip:   8.85 kB
.output/server/_ssr/profile-DAWYTrTF.mjs                            29.32 kB │ gzip:   7.29 kB
.output/server/_libs/@tanstack/router-core+[...].mjs                29.49 kB │ gzip:   7.92 kB
.output/server/_libs/radix-ui__react-scroll-area.mjs                30.22 kB │ gzip:   5.95 kB
.output/server/_ssr/Docs-gyv7Xk__.mjs                               32.52 kB │ gzip:   7.61 kB
.output/server/_libs/@floating-ui/react-dom+[...].mjs               32.59 kB │ gzip:   8.21 kB
.output/server/_ssr/showcase-qrZVsftf.mjs                           33.65 kB │ gzip:   6.83 kB
.output/server/_ssr/LabBoard-DVGaJ82G.mjs                           33.67 kB │ gzip:   8.70 kB
.output/server/_libs/lucide-react.mjs                               34.21 kB │ gzip:   6.26 kB
.output/server/_ssr/routes-70HStnXT.mjs                             34.81 kB │ gzip:   8.30 kB
.output/server/_ssr/console-CS5nny0W.mjs                            35.19 kB │ gzip:   8.07 kB
.output/server/_ssr/outro-B0O_Lyc0.mjs                              36.39 kB │ gzip:   7.87 kB
.output/server/_ssr/mega-nDjt33oR.mjs                               37.67 kB │ gzip:   8.91 kB
.output/server/_ssr/BrandBoard-SuAO84PG.mjs                         38.17 kB │ gzip:   8.16 kB
.output/server/_libs/date-fns.mjs                                   38.30 kB │ gzip:   8.32 kB
.output/server/_ssr/docs-hub-BH3u-PX9.mjs                           38.83 kB │ gzip:  12.07 kB
.output/server/_libs/@radix-ui/react-select+[...].mjs               40.66 kB │ gzip:   8.98 kB
.output/server/_ssr/blog-CuTytVBQ.mjs                               46.49 kB │ gzip:  17.21 kB
.output/server/_ssr/Console-BYkgc7II.mjs                            47.17 kB │ gzip:  10.46 kB
.output/server/_libs/@radix-ui/react-dropdown-menu+[...].mjs        47.24 kB │ gzip:  10.13 kB
.output/server/_libs/noble__ciphers.mjs                             47.37 kB │ gzip:  14.65 kB
.output/server/_ssr/Marketing-D_hosynN.mjs                          50.02 kB │ gzip:  11.19 kB
.output/server/_libs/sonner.mjs                                     53.60 kB │ gzip:  12.10 kB
.output/server/_libs/@radix-ui/react-accordion+[...].mjs            56.46 kB │ gzip:  12.00 kB
.output/server/_libs/d3-scale+[...].mjs                             58.01 kB │ gzip:  12.01 kB
.output/server/_libs/@reduxjs/toolkit+[...].mjs                     61.83 kB │ gzip:  15.92 kB
.output/server/_ssr/film-collection-BSsOVuMC.mjs                    66.25 kB │ gzip:   8.37 kB
.output/server/_libs/@radix-ui/react-alert-dialog+[...].mjs         68.26 kB │ gzip:  15.33 kB
.output/server/_libs/es-toolkit.mjs                                 68.73 kB │ gzip:  16.12 kB
.output/server/_libs/h3+srvx.mjs                                    69.49 kB │ gzip:  18.25 kB
.output/server/_ssr/beats-Dq7D9xFd.mjs                              69.83 kB │ gzip:  16.00 kB
.output/server/_ssr/narration-hE3lr3sh.mjs                          71.69 kB │ gzip:  21.72 kB
.output/server/_ssr/DesignBoard-Dh9FqZFx.mjs                        73.83 kB │ gzip:  16.85 kB
.output/server/_ssr/ssr.mjs                                         79.82 kB │ gzip:  21.51 kB
.output/server/_libs/@hookform/resolvers+[...].mjs                  81.45 kB │ gzip:  18.78 kB
.output/server/_libs/tailwind-merge.mjs                             91.33 kB │ gzip:  16.21 kB
.output/server/_ssr/research-DKQReBD5.mjs                          102.13 kB │ gzip:  21.63 kB
.output/server/index.mjs                                           113.91 kB │ gzip:  23.76 kB
.output/server/_ssr/router-BxGetnXE.mjs                            115.82 kB │ gzip:  30.42 kB
.output/server/_libs/pg.mjs                                        148.60 kB │ gzip:  34.38 kB
.output/server/_ssr/server-_bY5VkBN.mjs                            360.30 kB │ gzip:  86.53 kB
.output/server/_libs/katex.mjs                                     500.06 kB │ gzip: 110.54 kB
.output/server/_libs/@better-auth/kysely-adapter+[...].mjs         504.43 kB │ gzip:  84.94 kB
.output/server/_libs/recharts+[...].mjs                            606.22 kB │ gzip: 128.14 kB
.output/server/_libs/electric-sql__pglite.mjs                      751.94 kB │ gzip: 153.27 kB
.output/server/_libs/@better-auth/passkey+[...].mjs                752.02 kB │ gzip: 161.45 kB
.output/server/_libs/@tanstack/react-router+[...].mjs              792.13 kB │ gzip: 166.18 kB
.output/server/_libs/@better-auth/core+[...].mjs                   859.13 kB │ gzip: 172.90 kB
.output/server/_libs/@tensorflow-models/posenet.mjs              1,631.89 kB │ gzip: 307.32 kB
.output/server/_libs/@tensorflow/tfjs+[...].mjs                  4,010.21 kB │ gzip: 655.47 kB

[33m[MODULE_LEVEL_DIRECTIVE] [0mThe semantics of the module level directive "use client" in "node_modules/@tanstack/react-router/dist/esm/index.js" may not be preserved when bundling.
   [38;5;246m╭[0m[38;5;246m─[0m[38;5;246m[[0m node_modules/@tanstack/react-router/dist/esm/index.js:1:1 [38;5;246m][0m
   [38;5;246m│[0m
 [38;5;246m1 │[0m "use client";
 [38;5;240m  │[0m ──────┬──────  
 [38;5;240m  │[0m       ╰──────── module level directive may not be preserved
 [38;5;240m  │[0m 
 [38;5;240m  │[0m [38;5;115mHelp[0m: For more information, see https://rolldown.rs/in-depth/directives#other-directives
[38;5;246m───╯[0m

[33m[MODULE_LEVEL_DIRECTIVE] [0mThe semantics of the module level directive "use client" in "node_modules/@tanstack/react-router/dist/esm/ClientOnly.js" may not be preserved when bundling.
   [38;5;246m╭[0m[38;5;246m─[0m[38;5;246m[[0m node_modules/@tanstack/react-router/dist/esm/ClientOnly.js:1:1 [38;5;246m][0m
   [38;5;246m│[0m
 [38;5;246m1 │[0m "use client";
 [38;5;240m  │[0m ──────┬──────  
 [38;5;240m  │[0m       ╰──────── module level directive may not be preserved
 [38;5;240m  │[0m 
 [38;5;240m  │[0m [38;5;115mHelp[0m: For more information, see https://rolldown.rs/in-depth/directives#other-directives
[38;5;246m───╯[0m

[33m[MODULE_LEVEL_DIRECTIVE] [0mThe semantics of the module level directive "use client" in "node_modules/@tanstack/react-router/dist/esm/utils.js" may not be preserved when bundling.
   [38;5;246m╭[0m[38;5;246m─[0m[38;5;246m[[0m node_modules/@tanstack/react-router/dist/esm/utils.js:1:1 [38;5;246m][0m
   [38;5;246m│[0m
 [38;5;246m1 │[0m "use client";
 [38;5;240m  │[0m ──────┬──────  
 [38;5;240m  │[0m       ╰──────── module level directive may not be preserved
 [38;5;240m  │[0m 
 [38;5;240m  │[0m [38;5;115mHelp[0m: For more information, see https://rolldown.rs/in-depth/directives#other-directives
[38;5;246m───╯[0m

[33m[MODULE_LEVEL_DIRECTIVE] [0mThe semantics of the module level directive "use client" in "node_modules/@tanstack/react-router/dist/esm/CatchBoundary.js" may not be preserved when bundling.
   [38;5;246m╭[0m[38;5;246m─[0m[38;5;246m[[0m node_modules/@tanstack/react-router/dist/esm/CatchBoundary.js:1:1 [38;5;246m][0m
   [38;5;246m│[0m
 [38;5;246m1 │[0m "use client";
 [38;5;240m  │[0m ──────┬──────  
 [38;5;240m  │[0m       ╰──────── module level directive may not be preserved
 [38;5;240m  │[0m 
 [38;5;240m  │[0m [38;5;115mHelp[0m: For more information, see https://rolldown.rs/in-depth/directives#other-directives
[38;5;246m───╯[0m

[33m[MODULE_LEVEL_DIRECTIVE] [0mThe semantics of the module level directive "use client" in "node_modules/@tanstack/react-router/dist/esm/useRouter.js" may not be preserved when bundling.
   [38;5;246m╭[0m[38;5;246m─[0m[38;5;246m[[0m node_modules/@tanstack/react-router/dist/esm/useRouter.js:1:1 [38;5;246m][0m
   [38;5;246m│[0m
 [38;5;246m1 │[0m "use client";
 [38;5;240m  │[0m ──────┬──────  
 [38;5;240m  │[0m       ╰──────── module level directive may not be preserved
 [38;5;240m  │[0m 
 [38;5;240m  │[0m [38;5;115mHelp[0m: For more information, see https://rolldown.rs/in-depth/directives#other-directives
[38;5;246m───╯[0m

[33m[MODULE_LEVEL_DIRECTIVE] [0mThe semantics of the module level directive "use client" in "node_modules/@tanstack/react-router/dist/esm/useMatch.js" may not be preserved when bundling.
   [38;5;246m╭[0m[38;5;246m─[0m[38;5;246m[[0m node_modules/@tanstack/react-router/dist/esm/useMatch.js:1:1 [38;5;246m][0m
   [38;5;246m│[0m
 [38;5;246m1 │[0m "use client";
 [38;5;240m  │[0m ──────┬──────  
 [38;5;240m  │[0m       ╰──────── module level directive may not be preserved
 [38;5;240m  │[0m 
 [38;5;240m  │[0m [38;5;115mHelp[0m: For more information, see https://rolldown.rs/in-depth/directives#other-directives
[38;5;246m───╯[0m

[33m[MODULE_LEVEL_DIRECTIVE] [0mThe semantics of the module level directive "use client" in "node_modules/@tanstack/react-router/dist/esm/useNavigate.js" may not be preserved when bundling.
   [38;5;246m╭[0m[38;5;246m─[0m[38;5;246m[[0m node_modules/@tanstack/react-router/dist/esm/useNavigate.js:1:1 [38;5;246m][0m
   [38;5;246m│[0m
 [38;5;246m1 │[0m "use client";
 [38;5;240m  │[0m ──────┬──────  
 [38;5;240m  │[0m       ╰──────── module level directive may not be preserved
 [38;5;240m  │[0m 
 [38;5;240m  │[0m [38;5;115mHelp[0m: For more information, see https://rolldown.rs/in-depth/directives#other-directives
[38;5;246m───╯[0m

[33m[MODULE_LEVEL_DIRECTIVE] [0mThe semantics of the module level directive "use client" in "node_modules/@tanstack/react-router/dist/esm/link.js" may not be preserved when bundling.
   [38;5;246m╭[0m[38;5;246m─[0m[38;5;246m[[0m node_modules/@tanstack/react-router/dist/esm/link.js:1:1 [38;5;246m][0m
   [38;5;246m│[0m
 [38;5;246m1 │[0m "use client";
 [38;5;240m  │[0m ──────┬──────  
 [38;5;240m  │[0m       ╰──────── module level directive may not be preserved
 [38;5;240m  │[0m 
 [38;5;240m  │[0m [38;5;115mHelp[0m: For more information, see https://rolldown.rs/in-depth/directives#other-directives
[38;5;246m───╯[0m

[33m[MODULE_LEVEL_DIRECTIVE] [0mThe semantics of the module level directive "use client" in "node_modules/@tanstack/react-router/dist/esm/Match.js" may not be preserved when bundling.
   [38;5;246m╭[0m[38;5;246m─[0m[38;5;246m[[0m node_modules/@tanstack/react-router/dist/esm/Match.js:1:1 [38;5;246m][0m
   [38;5;246m│[0m
 [38;5;246m1 │[0m "use client";
 [38;5;240m  │[0m ──────┬──────  
 [38;5;240m  │[0m       ╰──────── module level directive may not be preserved
 [38;5;240m  │[0m 
 [38;5;240m  │[0m [38;5;115mHelp[0m: For more information, see https://rolldown.rs/in-depth/directives#other-directives
[38;5;246m───╯[0m

[33m[MODULE_LEVEL_DIRECTIVE] [0mThe semantics of the module level directive "use client" in "node_modules/@tanstack/react-router/dist/esm/Matches.js" may not be preserved when bundling.
   [38;5;246m╭[0m[38;5;246m─[0m[38;5;246m[[0m node_modules/@tanstack/react-router/dist/esm/Matches.js:1:1 [38;5;246m][0m
   [38;5;246m│[0m
 [38;5;246m1 │[0m "use client";
 [38;5;240m  │[0m ──────┬──────  
 [38;5;240m  │[0m       ╰──────── module level directive may not be preserved
 [38;5;240m  │[0m 
 [38;5;240m  │[0m [38;5;115mHelp[0m: For more information, see https://rolldown.rs/in-depth/directives#other-directives
[38;5;246m───╯[0m

[33m[MODULE_LEVEL_DIRECTIVE] [0mThe semantics of the module level directive "use client" in "node_modules/@tanstack/react-router/dist/esm/RouterProvider.js" may not be preserved when bundling.
   [38;5;246m╭[0m[38;5;246m─[0m[38;5;246m[[0m node_modules/@tanstack/react-router/dist/esm/RouterProvider.js:1:1 [38;5;246m][0m
   [38;5;246m│[0m
 [38;5;246m1 │[0m "use client";
 [38;5;240m  │[0m ──────┬──────  
 [38;5;240m  │[0m       ╰──────── module level directive may not be preserved
 [38;5;240m  │[0m 
 [38;5;240m  │[0m [38;5;115mHelp[0m: For more information, see https://rolldown.rs/in-depth/directives#other-directives
[38;5;246m───╯[0m

[33m[MODULE_LEVEL_DIRECTIVE] [0mThe semantics of the module level directive "use client" in "node_modules/@tanstack/react-router/dist/esm/useLocation.js" may not be preserved when bundling.
   [38;5;246m╭[0m[38;5;246m─[0m[38;5;246m[[0m node_modules/@tanstack/react-router/dist/esm/useLocation.js:1:1 [38;5;246m][0m
   [38;5;246m│[0m
 [38;5;246m1 │[0m "use client";
 [38;5;240m  │[0m ──────┬──────  
 [38;5;240m  │[0m       ╰──────── module level directive may not be preserved
 [38;5;240m  │[0m 
 [38;5;240m  │[0m [38;5;115mHelp[0m: For more information, see https://rolldown.rs/in-depth/directives#other-directives
[38;5;246m───╯[0m

[33m[MODULE_LEVEL_DIRECTIVE] [0mThe semantics of the module level directive "use client" in "node_modules/@tanstack/react-router/dist/esm/useBlocker.js" may not be preserved when bundling.
   [38;5;246m╭[0m[38;5;246m─[0m[38;5;246m[[0m node_modules/@tanstack/react-router/dist/esm/useBlocker.js:1:1 [38;5;246m][0m
   [38;5;246m│[0m
 [38;5;246m1 │[0m "use client";
 [38;5;240m  │[0m ──────┬──────  
 [38;5;240m  │[0m       ╰──────── module level directive may not be preserved
 [38;5;240m  │[0m 
 [38;5;240m  │[0m [38;5;115mHelp[0m: For more information, see https://rolldown.rs/in-depth/directives#other-directives
[38;5;246m───╯[0m

[33m[MODULE_LEVEL_DIRECTIVE] [0mThe semantics of the module level directive "use client" in "node_modules/@tanstack/react-router/dist/esm/HeadContent.js" may not be preserved when bundling.
   [38;5;246m╭[0m[38;5;246m─[0m[38;5;246m[[0m node_modules/@tanstack/react-router/dist/esm/HeadContent.js:1:1 [38;5;246m][0m
   [38;5;246m│[0m
 [38;5;246m1 │[0m "use client";
 [38;5;240m  │[0m ──────┬──────  
 [38;5;240m  │[0m       ╰──────── module level directive may not be preserved
 [38;5;240m  │[0m 
 [38;5;240m  │[0m [38;5;115mHelp[0m: For more information, see https://rolldown.rs/in-depth/directives#other-directives
[38;5;246m───╯[0m

[33m[MODULE_LEVEL_DIRECTIVE] [0mThe semantics of the module level directive "use client" in "node_modules/@tanstack/react-router/dist/esm/useRouterState.js" may not be preserved when bundling.
   [38;5;246m╭[0m[38;5;246m─[0m[38;5;246m[[0m node_modules/@tanstack/react-router/dist/esm/useRouterState.js:1:1 [38;5;246m][0m
   [38;5;246m│[0m
 [38;5;246m1 │[0m "use client";
 [38;5;240m  │[0m ──────┬──────  
 [38;5;240m  │[0m       ╰──────── module level directive may not be preserved
 [38;5;240m  │[0m 
 [38;5;240m  │[0m [38;5;115mHelp[0m: For more information, see https://rolldown.rs/in-depth/directives#other-directives
[38;5;246m───╯[0m

[33m[MODULE_LEVEL_DIRECTIVE] [0mThe semantics of the module level directive "use client" in "node_modules/@tanstack/react-router/dist/esm/Asset.js" may not be preserved when bundling.
   [38;5;246m╭[0m[38;5;246m─[0m[38;5;246m[[0m node_modules/@tanstack/react-router/dist/esm/Asset.js:1:1 [38;5;246m][0m
   [38;5;246m│[0m
 [38;5;246m1 │[0m "use client";
 [38;5;240m  │[0m ──────┬──────  
 [38;5;240m  │[0m       ╰──────── module level directive may not be preserved
 [38;5;240m  │[0m 
 [38;5;240m  │[0m [38;5;115mHelp[0m: For more information, see https://rolldown.rs/in-depth/directives#other-directives
[38;5;246m───╯[0m

[33m[MODULE_LEVEL_DIRECTIVE] [0mThe semantics of the module level directive "use client" in "node_modules/@radix-ui/react-toggle/dist/index.mjs" may not be preserved when bundling.
   [38;5;246m╭[0m[38;5;246m─[0m[38;5;246m[[0m node_modules/@radix-ui/react-toggle/dist/index.mjs:1:1 [38;5;246m][0m
   [38;5;246m│[0m
 [38;5;246m1 │[0m "use client";
 [38;5;240m  │[0m ──────┬──────  
 [38;5;240m  │[0m       ╰──────── module level directive may not be preserved
 [38;5;240m  │[0m 
 [38;5;240m  │[0m [38;5;115mHelp[0m: For more information, see https://rolldown.rs/in-depth/directives#other-directives
[38;5;246m───╯[0m

[33m[MODULE_LEVEL_DIRECTIVE] [0mThe semantics of the module level directive "use client" in "node_modules/@tanstack/react-router/dist/esm/routerContext.js" may not be preserved when bundling.
   [38;5;246m╭[0m[38;5;246m─[0m[38;5;246m[[0m node_modules/@tanstack/react-router/dist/esm/routerContext.js:1:1 [38;5;246m][0m
   [38;5;246m│[0m
 [38;5;246m1 │[0m "use client";
 [38;5;240m  │[0m ──────┬──────  
 [38;5;240m  │[0m       ╰──────── module level directive may not be preserved
 [38;5;240m  │[0m 
 [38;5;240m  │[0m [38;5;115mHelp[0m: For more information, see https://rolldown.rs/in-depth/directives#other-directives
[38;5;246m───╯[0m

[33m[MODULE_LEVEL_DIRECTIVE] [0mThe semantics of the module level directive "use client" in "node_modules/@tanstack/react-router/dist/esm/matchContext.js" may not be preserved when bundling.
   [38;5;246m╭[0m[38;5;246m─[0m[38;5;246m[[0m node_modules/@tanstack/react-router/dist/esm/matchContext.js:1:1 [38;5;246m][0m
   [38;5;246m│[0m
 [38;5;246m1 │[0m "use client";
 [38;5;240m  │[0m ──────┬──────  
 [38;5;240m  │[0m       ╰──────── module level directive may not be preserved
 [38;5;240m  │[0m 
 [38;5;240m  │[0m [38;5;115mHelp[0m: For more information, see https://rolldown.rs/in-depth/directives#other-directives
[38;5;246m───╯[0m

[33m[MODULE_LEVEL_DIRECTIVE] [0mThe semantics of the module level directive "use client" in "node_modules/@tanstack/react-router/dist/esm/nonRouteComponentContext.js" may not be preserved when bundling.
   [38;5;246m╭[0m[38;5;246m─[0m[38;5;246m[[0m node_modules/@tanstack/react-router/dist/esm/nonRouteComponentContext.js:1:1 [38;5;246m][0m
   [38;5;246m│[0m
 [38;5;246m1 │[0m "use client";
 [38;5;240m  │[0m ──────┬──────  
 [38;5;240m  │[0m       ╰──────── module level directive may not be preserved
 [38;5;240m  │[0m 
 [38;5;240m  │[0m [38;5;115mHelp[0m: For more information, see https://rolldown.rs/in-depth/directives#other-directives
[38;5;246m───╯[0m

[33m[MODULE_LEVEL_DIRECTIVE] [0mThe semantics of the module level directive "use client" in "node_modules/@tanstack/react-router/dist/esm/Transitioner.js" may not be preserved when bundling.
   [38;5;246m╭[0m[38;5;246m─[0m[38;5;246m[[0m node_modules/@tanstack/react-router/dist/esm/Transitioner.js:1:1 [38;5;246m][0m
   [38;5;246m│[0m
 [38;5;246m1 │[0m "use client";
 [38;5;240m  │[0m ──────┬──────  
 [38;5;240m  │[0m       ╰──────── module level directive may not be preserved
 [38;5;240m  │[0m 
 [38;5;240m  │[0m [38;5;115mHelp[0m: For more information, see https://rolldown.rs/in-depth/directives#other-directives
[38;5;246m───╯[0m

[33m[MODULE_LEVEL_DIRECTIVE] [0mThe semantics of the module level directive "use client" in "node_modules/sonner/dist/index.mjs" may not be preserved when bundling.
   [38;5;246m╭[0m[38;5;246m─[0m[38;5;246m[[0m node_modules/sonner/dist/index.mjs:1:1 [38;5;246m][0m
   [38;5;246m│[0m
 [38;5;246m1 │[0m 'use client';
 [38;5;240m  │[0m ──────┬──────  
 [38;5;240m  │[0m       ╰──────── module level directive may not be preserved
 [38;5;240m  │[0m 
 [38;5;240m  │[0m [38;5;115mHelp[0m: For more information, see https://rolldown.rs/in-depth/directives#other-directives
[38;5;246m───╯[0m

[33m[MODULE_LEVEL_DIRECTIVE] [0mThe semantics of the module level directive "use client" in "node_modules/@radix-ui/react-alert-dialog/dist/index.mjs" may not be preserved when bundling.
   [38;5;246m╭[0m[38;5;246m─[0m[38;5;246m[[0m node_modules/@radix-ui/react-alert-dialog/dist/index.mjs:1:1 [38;5;246m][0m
   [38;5;246m│[0m
 [38;5;246m1 │[0m "use client";
 [38;5;240m  │[0m ──────┬──────  
 [38;5;240m  │[0m       ╰──────── module level directive may not be preserved
 [38;5;240m  │[0m 
 [38;5;240m  │[0m [38;5;115mHelp[0m: For more information, see https://rolldown.rs/in-depth/directives#other-directives
[38;5;246m───╯[0m

[33m[MODULE_LEVEL_DIRECTIVE] [0mThe semantics of the module level directive "use client" in "node_modules/@radix-ui/react-dialog/dist/index.mjs" may not be preserved when bundling.
   [38;5;246m╭[0m[38;5;246m─[0m[38;5;246m[[0m node_modules/@radix-ui/react-dialog/dist/index.mjs:1:1 [38;5;246m][0m
   [38;5;246m│[0m
 [38;5;246m1 │[0m "use client";
 [38;5;240m  │[0m ──────┬──────  
 [38;5;240m  │[0m       ╰──────── module level directive may not be preserved
 [38;5;240m  │[0m 
 [38;5;240m  │[0m [38;5;115mHelp[0m: For more information, see https://rolldown.rs/in-depth/directives#other-directives
[38;5;246m───╯[0m

[33m[MODULE_LEVEL_DIRECTIVE] [0mThe semantics of the module level directive "use client" in "node_modules/@radix-ui/react-select/dist/index.mjs" may not be preserved when bundling.
   [38;5;246m╭[0m[38;5;246m─[0m[38;5;246m[[0m node_modules/@radix-ui/react-select/dist/index.mjs:1:1 [38;5;246m][0m
   [38;5;246m│[0m
 [38;5;246m1 │[0m "use client";
 [38;5;240m  │[0m ──────┬──────  
 [38;5;240m  │[0m       ╰──────── module level directive may not be preserved
 [38;5;240m  │[0m 
 [38;5;240m  │[0m [38;5;115mHelp[0m: For more information, see https://rolldown.rs/in-depth/directives#other-directives
[38;5;246m───╯[0m

[33m[MODULE_LEVEL_DIRECTIVE] [0mThe semantics of the module level directive "use client" in "node_modules/@radix-ui/react-scroll-area/dist/index.mjs" may not be preserved when bundling.
   [38;5;246m╭[0m[38;5;246m─[0m[38;5;246m[[0m node_modules/@radix-ui/react-scroll-area/dist/index.mjs:1:1 [38;5;246m][0m
   [38;5;246m│[0m
 [38;5;246m1 │[0m "use client";
 [38;5;240m  │[0m ──────┬──────  
 [38;5;240m  │[0m       ╰──────── module level directive may not be preserved
 [38;5;240m  │[0m 
 [38;5;240m  │[0m [38;5;115mHelp[0m: For more information, see https://rolldown.rs/in-depth/directives#other-directives
[38;5;246m───╯[0m

[33m[MODULE_LEVEL_DIRECTIVE] [0mThe semantics of the module level directive "use client" in "node_modules/@radix-ui/react-accordion/dist/index.mjs" may not be preserved when bundling.
   [38;5;246m╭[0m[38;5;246m─[0m[38;5;246m[[0m node_modules/@radix-ui/react-accordion/dist/index.mjs:1:1 [38;5;246m][0m
   [38;5;246m│[0m
 [38;5;246m1 │[0m "use client";
 [38;5;240m  │[0m ──────┬──────  
 [38;5;240m  │[0m       ╰──────── module level directive may not be preserved
 [38;5;240m  │[0m 
 [38;5;240m  │[0m [38;5;115mHelp[0m: For more information, see https://rolldown.rs/in-depth/directives#other-directives
[38;5;246m───╯[0m

[33m[MODULE_LEVEL_DIRECTIVE] [0mThe semantics of the module level directive "use client" in "node_modules/@radix-ui/react-tooltip/dist/index.mjs" may not be preserved when bundling.
   [38;5;246m╭[0m[38;5;246m─[0m[38;5;246m[[0m node_modules/@radix-ui/react-tooltip/dist/index.mjs:1:1 [38;5;246m][0m
   [38;5;246m│[0m
 [38;5;246m1 │[0m "use client";
 [38;5;240m  │[0m ──────┬──────  
 [38;5;240m  │[0m       ╰──────── module level directive may not be preserved
 [38;5;240m  │[0m 
 [38;5;240m  │[0m [38;5;115mHelp[0m: For more information, see https://rolldown.rs/in-depth/directives#other-directives
[38;5;246m───╯[0m

[33m[MODULE_LEVEL_DIRECTIVE] [0mThe semantics of the module level directive "use client" in "node_modules/@radix-ui/react-tabs/dist/index.mjs" may not be preserved when bundling.
   [38;5;246m╭[0m[38;5;246m─[0m[38;5;246m[[0m node_modules/@radix-ui/react-tabs/dist/index.mjs:1:1 [38;5;246m][0m
   [38;5;246m│[0m
 [38;5;246m1 │[0m "use client";
 [38;5;240m  │[0m ──────┬──────  
 [38;5;240m  │[0m       ╰──────── module level directive may not be preserved
 [38;5;240m  │[0m 
 [38;5;240m  │[0m [38;5;115mHelp[0m: For more information, see https://rolldown.rs/in-depth/directives#other-directives
[38;5;246m───╯[0m

[33m[MODULE_LEVEL_DIRECTIVE] [0mThe semantics of the module level directive "use client" in "node_modules/@radix-ui/react-radio-group/dist/index.mjs" may not be preserved when bundling.
   [38;5;246m╭[0m[38;5;246m─[0m[38;5;246m[[0m node_modules/@radix-ui/react-radio-group/dist/index.mjs:1:1 [38;5;246m][0m
   [38;5;246m│[0m
 [38;5;246m1 │[0m "use client";
 [38;5;240m  │[0m ──────┬──────  
 [38;5;240m  │[0m       ╰──────── module level directive may not be preserved
 [38;5;240m  │[0m 
 [38;5;240m  │[0m [38;5;115mHelp[0m: For more information, see https://rolldown.rs/in-depth/directives#other-directives
[38;5;246m───╯[0m

[33m[MODULE_LEVEL_DIRECTIVE] [0mThe semantics of the module level directive "use client" in "node_modules/@radix-ui/react-label/dist/index.mjs" may not be preserved when bundling.
   [38;5;246m╭[0m[38;5;246m─[0m[38;5;246m[[0m node_modules/@radix-ui/react-label/dist/index.mjs:1:1 [38;5;246m][0m
   [38;5;246m│[0m
 [38;5;246m1 │[0m "use client";
 [38;5;240m  │[0m ──────┬──────  
 [38;5;240m  │[0m       ╰──────── module level directive may not be preserved
 [38;5;240m  │[0m 
 [38;5;240m  │[0m [38;5;115mHelp[0m: For more information, see https://rolldown.rs/in-depth/directives#other-directives
[38;5;246m───╯[0m

[33m[MODULE_LEVEL_DIRECTIVE] [0mThe semantics of the module level directive "use client" in "node_modules/@radix-ui/react-toggle-group/dist/index.mjs" may not be preserved when bundling.
   [38;5;246m╭[0m[38;5;246m─[0m[38;5;246m[[0m node_modules/@radix-ui/react-toggle-group/dist/index.mjs:1:1 [38;5;246m][0m
   [38;5;246m│[0m
 [38;5;246m1 │[0m "use client";
 [38;5;240m  │[0m ──────┬──────  
 [38;5;240m  │[0m       ╰──────── module level directive may not be preserved
 [38;5;240m  │[0m 
 [38;5;240m  │[0m [38;5;115mHelp[0m: For more information, see https://rolldown.rs/in-depth/directives#other-directives
[38;5;246m───╯[0m

[33m[MODULE_LEVEL_DIRECTIVE] [0mThe semantics of the module level directive "use client" in "node_modules/@radix-ui/react-focus-guards/dist/index.mjs" may not be preserved when bundling.
   [38;5;246m╭[0m[38;5;246m─[0m[38;5;246m[[0m node_modules/@radix-ui/react-focus-guards/dist/index.mjs:1:1 [38;5;246m][0m
   [38;5;246m│[0m
 [38;5;246m1 │[0m "use client";
 [38;5;240m  │[0m ──────┬──────  
 [38;5;240m  │[0m       ╰──────── module level directive may not be preserved
 [38;5;240m  │[0m 
 [38;5;240m  │[0m [38;5;115mHelp[0m: For more information, see https://rolldown.rs/in-depth/directives#other-directives
[38;5;246m───╯[0m

[33m[MODULE_LEVEL_DIRECTIVE] [0mThe semantics of the module level directive "use client" in "node_modules/@radix-ui/react-portal/dist/index.mjs" may not be preserved when bundling.
   [38;5;246m╭[0m[38;5;246m─[0m[38;5;246m[[0m node_modules/@radix-ui/react-portal/dist/index.mjs:1:1 [38;5;246m][0m
   [38;5;246m│[0m
 [38;5;246m1 │[0m "use client";
 [38;5;240m  │[0m ──────┬──────  
 [38;5;240m  │[0m       ╰──────── module level directive may not be preserved
 [38;5;240m  │[0m 
 [38;5;240m  │[0m [38;5;115mHelp[0m: For more information, see https://rolldown.rs/in-depth/directives#other-directives
[38;5;246m───╯[0m

[33m[MODULE_LEVEL_DIRECTIVE] [0mThe semantics of the module level directive "use client" in "node_modules/@radix-ui/react-presence/dist/index.mjs" may not be preserved when bundling.
   [38;5;246m╭[0m[38;5;246m─[0m[38;5;246m[[0m node_modules/@radix-ui/react-presence/dist/index.mjs:1:1 [38;5;246m][0m
   [38;5;246m│[0m
 [38;5;246m1 │[0m "use client";
 [38;5;240m  │[0m ──────┬──────  
 [38;5;240m  │[0m       ╰──────── module level directive may not be preserved
 [38;5;240m  │[0m 
 [38;5;240m  │[0m [38;5;115mHelp[0m: For more information, see https://rolldown.rs/in-depth/directives#other-directives
[38;5;246m───╯[0m

[33m[MODULE_LEVEL_DIRECTIVE] [0mThe semantics of the module level directive "use client" in "node_modules/@radix-ui/react-dismissable-layer/dist/index.mjs" may not be preserved when bundling.
   [38;5;246m╭[0m[38;5;246m─[0m[38;5;246m[[0m node_modules/@radix-ui/react-dismissable-layer/dist/index.mjs:1:1 [38;5;246m][0m
   [38;5;246m│[0m
 [38;5;246m1 │[0m "use client";
 [38;5;240m  │[0m ──────┬──────  
 [38;5;240m  │[0m       ╰──────── module level directive may not be preserved
 [38;5;240m  │[0m 
 [38;5;240m  │[0m [38;5;115mHelp[0m: For more information, see https://rolldown.rs/in-depth/directives#other-directives
[38;5;246m───╯[0m

[33m[MODULE_LEVEL_DIRECTIVE] [0mThe semantics of the module level directive "use client" in "node_modules/@radix-ui/react-focus-scope/dist/index.mjs" may not be preserved when bundling.
   [38;5;246m╭[0m[38;5;246m─[0m[38;5;246m[[0m node_modules/@radix-ui/react-focus-scope/dist/index.mjs:1:1 [38;5;246m][0m
   [38;5;246m│[0m
 [38;5;246m1 │[0m "use client";
 [38;5;240m  │[0m ──────┬──────  
 [38;5;240m  │[0m       ╰──────── module level directive may not be preserved
 [38;5;240m  │[0m 
 [38;5;240m  │[0m [38;5;115mHelp[0m: For more information, see https://rolldown.rs/in-depth/directives#other-directives
[38;5;246m───╯[0m

[33m[MODULE_LEVEL_DIRECTIVE] [0mThe semantics of the module level directive "use client" in "node_modules/@radix-ui/react-dropdown-menu/dist/index.mjs" may not be preserved when bundling.
   [38;5;246m╭[0m[38;5;246m─[0m[38;5;246m[[0m node_modules/@radix-ui/react-dropdown-menu/dist/index.mjs:1:1 [38;5;246m][0m
   [38;5;246m│[0m
 [38;5;246m1 │[0m "use client";
 [38;5;240m  │[0m ──────┬──────  
 [38;5;240m  │[0m       ╰──────── module level directive may not be preserved
 [38;5;240m  │[0m 
 [38;5;240m  │[0m [38;5;115mHelp[0m: For more information, see https://rolldown.rs/in-depth/directives#other-directives
[38;5;246m───╯[0m

[33m[MODULE_LEVEL_DIRECTIVE] [0mThe semantics of the module level directive "use client" in "node_modules/@radix-ui/react-direction/dist/index.mjs" may not be preserved when bundling.
   [38;5;246m╭[0m[38;5;246m─[0m[38;5;246m[[0m node_modules/@radix-ui/react-direction/dist/index.mjs:1:1 [38;5;246m][0m
   [38;5;246m│[0m
 [38;5;246m1 │[0m "use client";
 [38;5;240m  │[0m ──────┬──────  
 [38;5;240m  │[0m       ╰──────── module level directive may not be preserved
 [38;5;240m  │[0m 
 [38;5;240m  │[0m [38;5;115mHelp[0m: For more information, see https://rolldown.rs/in-depth/directives#other-directives
[38;5;246m───╯[0m

[33m[MODULE_LEVEL_DIRECTIVE] [0mThe semantics of the module level directive "use client" in "node_modules/@radix-ui/react-collection/dist/index.mjs" may not be preserved when bundling.
   [38;5;246m╭[0m[38;5;246m─[0m[38;5;246m[[0m node_modules/@radix-ui/react-collection/dist/index.mjs:1:1 [38;5;246m][0m
   [38;5;246m│[0m
 [38;5;246m1 │[0m "use client";
 [38;5;240m  │[0m ──────┬──────  
 [38;5;240m  │[0m       ╰──────── module level directive may not be preserved
 [38;5;240m  │[0m 
 [38;5;240m  │[0m [38;5;115mHelp[0m: For more information, see https://rolldown.rs/in-depth/directives#other-directives
[38;5;246m───╯[0m

[33m[MODULE_LEVEL_DIRECTIVE] [0mThe semantics of the module level directive "use client" in "node_modules/@radix-ui/react-popper/dist/index.mjs" may not be preserved when bundling.
   [38;5;246m╭[0m[38;5;246m─[0m[38;5;246m[[0m node_modules/@radix-ui/react-popper/dist/index.mjs:1:1 [38;5;246m][0m
   [38;5;246m│[0m
 [38;5;246m1 │[0m "use client";
 [38;5;240m  │[0m ──────┬──────  
 [38;5;240m  │[0m       ╰──────── module level directive may not be preserved
 [38;5;240m  │[0m 
 [38;5;240m  │[0m [38;5;115mHelp[0m: For more information, see https://rolldown.rs/in-depth/directives#other-directives
[38;5;246m───╯[0m

[33m[MODULE_LEVEL_DIRECTIVE] [0mThe semantics of the module level directive "use client" in "node_modules/lucide-react/dist/esm/Icon.mjs" may not be preserved when bundling.
   [38;5;246m╭[0m[38;5;246m─[0m[38;5;246m[[0m node_modules/lucide-react/dist/esm/Icon.mjs:2:1 [38;5;246m][0m
   [38;5;246m│[0m
 [38;5;246m2 │[0m "use client";
 [38;5;240m  │[0m ──────┬──────  
 [38;5;240m  │[0m       ╰──────── module level directive may not be preserved
 [38;5;240m  │[0m 
 [38;5;240m  │[0m [38;5;115mHelp[0m: For more information, see https://rolldown.rs/in-depth/directives#other-directives
[38;5;246m───╯[0m

[33m[MODULE_LEVEL_DIRECTIVE] [0mThe semantics of the module level directive "use client" in "node_modules/lucide-react/dist/esm/context.mjs" may not be preserved when bundling.
   [38;5;246m╭[0m[38;5;246m─[0m[38;5;246m[[0m node_modules/lucide-react/dist/esm/context.mjs:2:1 [38;5;246m][0m
   [38;5;246m│[0m
 [38;5;246m2 │[0m "use client";
 [38;5;240m  │[0m ──────┬──────  
 [38;5;240m  │[0m       ╰──────── module level directive may not be preserved
 [38;5;240m  │[0m 
 [38;5;240m  │[0m [38;5;115mHelp[0m: For more information, see https://rolldown.rs/in-depth/directives#other-directives
[38;5;246m───╯[0m

[33m[MODULE_LEVEL_DIRECTIVE] [0mThe semantics of the module level directive "use client" in "node_modules/@radix-ui/react-collapsible/dist/index.mjs" may not be preserved when bundling.
   [38;5;246m╭[0m[38;5;246m─[0m[38;5;246m[[0m node_modules/@radix-ui/react-collapsible/dist/index.mjs:1:1 [38;5;246m][0m
   [38;5;246m│[0m
 [38;5;246m1 │[0m "use client";
 [38;5;240m  │[0m ──────┬──────  
 [38;5;240m  │[0m       ╰──────── module level directive may not be preserved
 [38;5;240m  │[0m 
 [38;5;240m  │[0m [38;5;115mHelp[0m: For more information, see https://rolldown.rs/in-depth/directives#other-directives
[38;5;246m───╯[0m

[33m[MODULE_LEVEL_DIRECTIVE] [0mThe semantics of the module level directive "use client" in "node_modules/@radix-ui/react-roving-focus/dist/index.mjs" may not be preserved when bundling.
   [38;5;246m╭[0m[38;5;246m─[0m[38;5;246m[[0m node_modules/@radix-ui/react-roving-focus/dist/index.mjs:1:1 [38;5;246m][0m
   [38;5;246m│[0m
 [38;5;246m1 │[0m "use client";
 [38;5;240m  │[0m ──────┬──────  
 [38;5;240m  │[0m       ╰──────── module level directive may not be preserved
 [38;5;240m  │[0m 
 [38;5;240m  │[0m [38;5;115mHelp[0m: For more information, see https://rolldown.rs/in-depth/directives#other-directives
[38;5;246m───╯[0m

[33m[MODULE_LEVEL_DIRECTIVE] [0mThe semantics of the module level directive "use client" in "node_modules/@radix-ui/react-menu/dist/index.mjs" may not be preserved when bundling.
   [38;5;246m╭[0m[38;5;246m─[0m[38;5;246m[[0m node_modules/@radix-ui/react-menu/dist/index.mjs:1:1 [38;5;246m][0m
   [38;5;246m│[0m
 [38;5;246m1 │[0m "use client";
 [38;5;240m  │[0m ──────┬──────  
 [38;5;240m  │[0m       ╰──────── module level directive may not be preserved
 [38;5;240m  │[0m 
 [38;5;240m  │[0m [38;5;115mHelp[0m: For more information, see https://rolldown.rs/in-depth/directives#other-directives
[38;5;246m───╯[0m

✓ built in 1.21s
ℹ Generated .output/nitro.json

[nitro] ✔ You can preview this build using npx vite preview
