$ bun run format:check && bun run typecheck && bun run lint && bun run test && bun run build
$ prettier --check .
Checking formatting...
All matched files use Prettier code style!
$ tsc --noEmit
$ eslint . --max-warnings 0
$ vitest run

 RUN  v5.0.2 /Users/donaldfilimon/dev/active/quesar.cloud

(node:54054) ExperimentalWarning: localStorage is not available because --localstorage-file was not provided.
(Use `node --trace-warnings ...` to show where the warning was created)

 Test Files  89 passed (89)
      Tests  745 passed (745)
   Start at  03:29:46
   Duration  17.31s (tests 84%, import 11%, transform 4%)

    Isolate  89 workers spawned · ~201ms startup each (spawn + environment, per file)
             at least ~4.26s faster with isolate: false — reuses workers across files instead of one per file

$ vite build && node scripts/copy-pglite-assets.ts
(!) Your Vite config uses features that are unsupported by `configLoader: 'native'`, which is planned to become the default in a future major version of Vite:
  - import "./github-readmes" without a file extension (src/lib/github-data.ts:1:30). Add the file extension
Set `VITE_CONFIG_NATIVE_IGNORE_WARNING=true` to suppress this warning.
[nitro:vercel] ℹ Using nodejs24.x runtime.
[nitro:vercel] ℹ Using web entry format.
vite v8.3.1 building client environment for production...
transforming...
✓ 6715 modules transformed.
rendering chunks...
computing gzip size...
.vercel/output/static/assets/KaTeX_Size3-Regular-CTq5MqoE.woff                          4.42 kB
.vercel/output/static/assets/KaTeX_Size4-Regular-Dl5lxZxV.woff2                         4.92 kB
.vercel/output/static/assets/KaTeX_Size2-Regular-Dy4dx90m.woff2                         5.20 kB
.vercel/output/static/assets/KaTeX_Size1-Regular-mCD8mA8B.woff2                         5.46 kB
.vercel/output/static/assets/ibm-plex-mono-vietnamese-500-normal-C8zxqsMH.woff          5.61 kB
.vercel/output/static/assets/ibm-plex-mono-vietnamese-400-normal-DDuiU_S-.woff          5.62 kB
.vercel/output/static/assets/ibm-plex-mono-cyrillic-ext-500-normal-BIfNGwUT.woff        5.77 kB
.vercel/output/static/assets/ibm-plex-mono-cyrillic-ext-400-normal-DMdlQ8Kv.woff        5.82 kB
.vercel/output/static/assets/ibm-plex-mono-vietnamese-400-normal-BulugwFq.woff2         5.86 kB
.vercel/output/static/assets/KaTeX_Size4-Regular-BF-4gkZK.woff                          5.98 kB
.vercel/output/static/assets/ibm-plex-mono-vietnamese-500-normal-DZ4AoWbu.woff2         6.04 kB
.vercel/output/static/assets/KaTeX_Size2-Regular-oD1tc_U0.woff                          6.18 kB
.vercel/output/static/assets/KaTeX_Size1-Regular-C195tn64.woff                          6.49 kB
.vercel/output/static/assets/space-grotesk-vietnamese-wght-normal-D0rl6rjA.woff2        6.71 kB
.vercel/output/static/assets/KaTeX_Caligraphic-Regular-Di6jR-x-.woff2                   6.90 kB
.vercel/output/static/assets/KaTeX_Caligraphic-Bold-Dq_IR9rO.woff2                      6.91 kB
.vercel/output/static/assets/ibm-plex-mono-cyrillic-ext-400-normal-xuaO2J-f.woff2       6.91 kB
.vercel/output/static/assets/ibm-plex-mono-cyrillic-ext-500-normal-BqneJy0T.woff2       6.97 kB
.vercel/output/static/assets/ibm-plex-mono-cyrillic-400-normal-CEL4l2ZJ.woff            7.20 kB
.vercel/output/static/assets/ibm-plex-mono-cyrillic-500-normal-Ael50iVv.woff            7.20 kB
.vercel/output/static/assets/KaTeX_Size3-Regular-DgpXs0kz.ttf                           7.58 kB
.vercel/output/static/assets/KaTeX_Caligraphic-Regular-CTRA-rTL.woff                    7.65 kB
.vercel/output/static/assets/KaTeX_Caligraphic-Bold-BEiXGLvX.woff                       7.71 kB
.vercel/output/static/assets/ibm-plex-mono-cyrillic-400-normal-BSMlKf0J.woff2           8.35 kB
.vercel/output/static/assets/ibm-plex-mono-cyrillic-500-normal-Bq9vWWag.woff2           8.46 kB
.vercel/output/static/assets/KaTeX_Script-Regular-D3wIWfF6.woff2                        9.64 kB
.vercel/output/static/assets/KaTeX_SansSerif-Regular-DDBCnlJ7.woff2                    10.34 kB
.vercel/output/static/assets/KaTeX_Size4-Regular-DWFBv043.ttf                          10.36 kB
.vercel/output/static/assets/KaTeX_Script-Regular-D5yQViql.woff                        10.58 kB
.vercel/output/static/assets/KaTeX_Fraktur-Regular-CTYiF6lA.woff2                      11.31 kB
.vercel/output/static/assets/KaTeX_Fraktur-Bold-CL6g_b3V.woff2                         11.34 kB
.vercel/output/static/assets/KaTeX_Size2-Regular-B7gKUWhC.ttf                          11.50 kB
.vercel/output/static/assets/ibm-plex-mono-latin-ext-400-normal-D3D2R8hC.woff          11.76 kB
.vercel/output/static/assets/ibm-plex-mono-latin-ext-500-normal-CZ70TYgx.woff          11.76 kB
.vercel/output/static/assets/KaTeX_SansSerif-Italic-C3H0VqGB.woff2                     12.02 kB
.vercel/output/static/assets/KaTeX_SansSerif-Bold-D1sUS0GD.woff2                       12.21 kB
.vercel/output/static/assets/KaTeX_Size1-Regular-Dbsnue_I.ttf                          12.22 kB
.vercel/output/static/assets/KaTeX_SansSerif-Regular-CS6fqUqJ.woff                     12.31 kB
.vercel/output/static/assets/KaTeX_Caligraphic-Regular-wX97UBjC.ttf                    12.34 kB
.vercel/output/static/assets/KaTeX_Caligraphic-Bold-ATXxdsX0.ttf                       12.36 kB
.vercel/output/static/assets/ibm-plex-mono-latin-400-normal-CvHOgSBP.woff              13.14 kB
.vercel/output/static/assets/ibm-plex-mono-latin-500-normal-CB9ihrfo.woff              13.15 kB
.vercel/output/static/assets/ibm-plex-sans-vietnamese-wght-normal-Dg1JeJN0.woff2       13.16 kB
.vercel/output/static/assets/KaTeX_Fraktur-Regular-Dxdc4cR9.woff                       13.20 kB
.vercel/output/static/assets/KaTeX_Fraktur-Bold-BsDP51OF.woff                          13.29 kB
.vercel/output/static/assets/ibm-plex-mono-latin-ext-400-normal-BmRBH3aV.woff2         13.34 kB
.vercel/output/static/assets/ibm-plex-mono-latin-ext-500-normal-CAhNIIs5.woff2         13.43 kB
.vercel/output/static/assets/KaTeX_Typewriter-Regular-CO6r4hn1.woff2                   13.56 kB
.vercel/output/static/assets/KaTeX_SansSerif-Italic-DN2j7dab.woff                      14.11 kB
.vercel/output/static/assets/KaTeX_SansSerif-Bold-DbIhKOiC.woff                        14.40 kB
.vercel/output/static/assets/ibm-plex-mono-latin-400-normal-DMJ8VG8y.woff2             14.70 kB
.vercel/output/static/assets/ibm-plex-mono-latin-500-normal-DSY6xOcd.woff2             14.88 kB
.vercel/output/static/assets/KaTeX_Typewriter-Regular-C0xS9mPB.woff                    16.02 kB
.vercel/output/static/assets/KaTeX_Math-BoldItalic-CZnvNsCZ.woff2                      16.40 kB
.vercel/output/static/assets/KaTeX_Math-Italic-t53AETM-.woff2                          16.44 kB
.vercel/output/static/assets/KaTeX_Script-Regular-C5JkGWo-.ttf                         16.64 kB
.vercel/output/static/assets/KaTeX_Main-BoldItalic-DxDJ3AOS.woff2                      16.78 kB
.vercel/output/static/assets/KaTeX_Main-Italic-NWA7e6Wa.woff2                          16.98 kB
.vercel/output/static/assets/KaTeX_Math-BoldItalic-iY-2wyZ7.woff                       18.66 kB
.vercel/output/static/assets/KaTeX_Math-Italic-DA0__PXp.woff                           18.74 kB
.vercel/output/static/assets/space-grotesk-latin-ext-wght-normal-D9tNdqV9.woff2        18.94 kB
.vercel/output/static/assets/KaTeX_Main-BoldItalic-SpSLRI95.woff                       19.41 kB
.vercel/output/static/assets/KaTeX_SansSerif-Regular-BNo7hRIc.ttf                      19.43 kB
.vercel/output/static/assets/ibm-plex-sans-greek-wght-normal-CmyJS8uq.woff2            19.50 kB
.vercel/output/static/assets/KaTeX_Fraktur-Regular-CB_wures.ttf                        19.57 kB
.vercel/output/static/assets/KaTeX_Fraktur-Bold-BdnERNNW.ttf                           19.58 kB
.vercel/output/static/assets/KaTeX_Main-Italic-BMLOBm91.woff                           19.67 kB
.vercel/output/static/assets/space-grotesk-latin-wght-normal-BhU9QXUp.woff2            22.28 kB
.vercel/output/static/assets/KaTeX_SansSerif-Italic-YYjJ1zSn.ttf                       22.36 kB
.vercel/output/static/assets/ibm-plex-sans-cyrillic-ext-wght-normal-d45eAU9y.woff2     23.56 kB
.vercel/output/static/assets/KaTeX_SansSerif-Bold-CFMepnvq.ttf                         24.50 kB
.vercel/output/static/assets/KaTeX_Main-Bold-Cx986IdX.woff2                            25.32 kB
.vercel/output/static/assets/KaTeX_Main-Regular-B22Nviop.woff2                         26.27 kB
.vercel/output/static/assets/KaTeX_Typewriter-Regular-D3Ib7_Hf.ttf                     27.55 kB
.vercel/output/static/assets/KaTeX_AMS-Regular-BQhdFMY1.woff2                          28.07 kB
.vercel/output/static/assets/search-catalog-ZiJLYfq6.json                              28.66 kB │ gzip:   7.71 kB
.vercel/output/static/assets/ibm-plex-sans-cyrillic-wght-normal-BAAhND-U.woff2         29.51 kB
.vercel/output/static/assets/KaTeX_Main-Bold-Jm3AIy58.woff                             29.91 kB
.vercel/output/static/assets/KaTeX_Main-Regular-Dr94JaBh.woff                          30.77 kB
.vercel/output/static/assets/ibm-plex-sans-latin-ext-wght-normal-CIII54If.woff2        30.96 kB
.vercel/output/static/assets/KaTeX_Math-BoldItalic-B3XSjfu4.ttf                        31.19 kB
.vercel/output/static/assets/KaTeX_Math-Italic-flOr_0UB.ttf                            31.30 kB
.vercel/output/static/assets/KaTeX_Main-BoldItalic-DzxPMmG6.ttf                        32.96 kB
.vercel/output/static/assets/KaTeX_AMS-Regular-DMm9YOAa.woff                           33.51 kB
.vercel/output/static/assets/KaTeX_Main-Italic-3WenGoN9.ttf                            33.58 kB
.vercel/output/static/assets/ibm-plex-sans-latin-wght-normal-IvpUvPa2.woff2            45.71 kB
.vercel/output/static/assets/KaTeX_Main-Bold-waoOVXN0.ttf                              51.33 kB
.vercel/output/static/assets/KaTeX_Main-Regular-ypZvNtVU.ttf                           53.58 kB
.vercel/output/static/assets/KaTeX_AMS-Regular-DRggAlZN.ttf                            63.63 kB
.vercel/output/static/assets/index-DteWe6pi.css                                         1.52 kB │ gzip:   0.64 kB
.vercel/output/static/assets/routes-DeO_NU79.css                                        1.87 kB │ gzip:   0.64 kB
.vercel/output/static/assets/narration-1Utg-L48.css                                     4.30 kB │ gzip:   1.39 kB
.vercel/output/static/assets/math-DzFXvcrH.css                                         29.79 kB │ gzip:   7.97 kB
.vercel/output/static/assets/styles-sI0JqBMc.css                                      106.78 kB │ gzip:  18.07 kB
.vercel/output/static/assets/middleware-BfUX5Dq6.js                                     0.07 kB │ gzip:   0.09 kB
.vercel/output/static/assets/github-readmes-CjKYd-Ir.js                                 0.09 kB │ gzip:   0.10 kB
.vercel/output/static/assets/github-snapshot-CJXwkDGq.js                                0.10 kB │ gzip:   0.12 kB
.vercel/output/static/assets/quasar-MJ6l9D-3.js                                         0.16 kB │ gzip:   0.13 kB
.vercel/output/static/assets/utils-DNHCqpmw.js                                          0.16 kB │ gzip:   0.14 kB
.vercel/output/static/assets/route-frame-DwQ0-FPv.js                                    0.18 kB │ gzip:   0.16 kB
.vercel/output/static/assets/signup-CEGMGudR.js                                         0.23 kB │ gzip:   0.20 kB
.vercel/output/static/assets/local-store-Bf16uB-S.js                                    0.23 kB │ gzip:   0.17 kB
.vercel/output/static/assets/ai-eRPxQuJ2.js                                             0.25 kB │ gzip:   0.21 kB
.vercel/output/static/assets/CinematicFallback-W5LjPUTi.js                              0.28 kB │ gzip:   0.24 kB
.vercel/output/static/assets/dist-DNByaAgS.js                                           0.33 kB │ gzip:   0.26 kB
.vercel/output/static/assets/useNavigate-Co69Y0sh.js                                    0.42 kB │ gzip:   0.28 kB
.vercel/output/static/assets/textarea-Bx4STAe1.js                                       0.43 kB │ gzip:   0.27 kB
.vercel/output/static/assets/input-BBlkpGuY.js                                          0.45 kB │ gzip:   0.28 kB
.vercel/output/static/assets/renderer-DLIn1951.js                                       0.47 kB │ gzip:   0.25 kB
.vercel/output/static/assets/dist-DVZD2J5c.js                                           0.53 kB │ gzip:   0.38 kB
.vercel/output/static/assets/wdbx-facts-r1m4TI-S.js                                     0.53 kB │ gzip:   0.30 kB
.vercel/output/static/assets/invariant-BeDuhpwN.js                                      0.56 kB │ gzip:   0.32 kB
.vercel/output/static/assets/label-CcI_bLNf.js                                          0.58 kB │ gzip:   0.39 kB
.vercel/output/static/assets/auth-slot-live-DKUpgsWn.js                                 0.59 kB │ gzip:   0.38 kB
.vercel/output/static/assets/toaster-Ca8kmCZn.js                                        0.64 kB │ gzip:   0.42 kB
.vercel/output/static/assets/useMatch-C2XrH1_1.js                                       0.64 kB │ gzip:   0.40 kB
.vercel/output/static/assets/dist-DmpNOztk.js                                           0.68 kB │ gzip:   0.43 kB
.vercel/output/static/assets/rolldown-runtime-hePW80VL.js                               0.71 kB │ gzip:   0.42 kB
.vercel/output/static/assets/crumbs-CaWtdHUE.js                                         0.77 kB │ gzip:   0.43 kB
.vercel/output/static/assets/source-C36hcWQ4.js                                         0.77 kB │ gzip:   0.47 kB
.vercel/output/static/assets/separator-BhVs1jnY.js                                      0.82 kB │ gzip:   0.49 kB
.vercel/output/static/assets/projects-BNAfjUZW.js                                       0.83 kB │ gzip:   0.51 kB
.vercel/output/static/assets/use-github-data-CrxPk_x1.js                                0.83 kB │ gzip:   0.54 kB
.vercel/output/static/assets/workspace-DiChKAl9.js                                      0.84 kB │ gzip:   0.51 kB
.vercel/output/static/assets/cell-machine-7wd9DPcV.js                                   0.84 kB │ gzip:   0.50 kB
.vercel/output/static/assets/math-Bb_-T4XY.js                                           0.87 kB │ gzip:   0.52 kB
.vercel/output/static/assets/showcase.design-B0pvqh3Q.js                                1.03 kB │ gzip:   0.56 kB
.vercel/output/static/assets/unauthorized-BlMGMoCM.js                                   1.12 kB │ gzip:   0.60 kB
.vercel/output/static/assets/status-badge-CUv860pM.js                                   1.13 kB │ gzip:   0.59 kB
.vercel/output/static/assets/research.implementations-MrujM7gH.js                       1.16 kB │ gzip:   0.62 kB
.vercel/output/static/assets/film--YXjUa-X.js                                           1.20 kB │ gzip:   0.52 kB
.vercel/output/static/assets/showcase.abbey-BDYjWoTo.js                                 1.20 kB │ gzip:   0.66 kB
.vercel/output/static/assets/showcase.trailer-Dyz84dx2.js                               1.20 kB │ gzip:   0.66 kB
.vercel/output/static/assets/showcase.film-FYXZoAJE.js                                  1.26 kB │ gzip:   0.68 kB
.vercel/output/static/assets/gama-BifJMZxH.js                                           1.27 kB │ gzip:   0.73 kB
.vercel/output/static/assets/showcase.mega-DG19upoG.js                                  1.29 kB │ gzip:   0.71 kB
.vercel/output/static/assets/apps-CRRuQOQ6.js                                           1.33 kB │ gzip:   0.70 kB
.vercel/output/static/assets/showcase.explainer-JgaOk9oG.js                             1.33 kB │ gzip:   0.72 kB
.vercel/output/static/assets/projects._slug-CwJVJqCe.js                                 1.36 kB │ gzip:   0.65 kB
.vercel/output/static/assets/plugins-CAnO6P1H.js                                        1.38 kB │ gzip:   0.73 kB
.vercel/output/static/assets/investor-CvBTtueN.js                                       1.44 kB │ gzip:   0.67 kB
.vercel/output/static/assets/math-article-BPHqBEpx.js                                   1.44 kB │ gzip:   0.66 kB
.vercel/output/static/assets/audit-view-CPiJChkH.js                                     1.46 kB │ gzip:   0.60 kB
.vercel/output/static/assets/server-only-notice-CGe_fLH4.js                             1.47 kB │ gzip:   0.63 kB
.vercel/output/static/assets/tf-pose-demo-ConMsm7a.js                                   1.65 kB │ gzip:   0.91 kB
.vercel/output/static/assets/companion-DMmX3b2X.js                                      1.68 kB │ gzip:   0.80 kB
.vercel/output/static/assets/section-DSepSUus.js                                        1.69 kB │ gzip:   0.72 kB
.vercel/output/static/assets/research-nav-BWsW4wJ0.js                                   1.72 kB │ gzip:   0.66 kB
.vercel/output/static/assets/blog-CMm6o_ss.js                                           1.74 kB │ gzip:   0.96 kB
.vercel/output/static/assets/button-CHe3t6qZ.js                                         1.74 kB │ gzip:   0.89 kB
.vercel/output/static/assets/docs-GMAsuWFX.js                                           1.78 kB │ gzip:   0.91 kB
.vercel/output/static/assets/article-CGudZRD_.js                                        1.80 kB │ gzip:   0.78 kB
.vercel/output/static/assets/blog._slug-D7XPsABz.js                                     1.81 kB │ gzip:   0.92 kB
.vercel/output/static/assets/get-started-jCjibL4P.js                                    1.92 kB │ gzip:   0.93 kB
.vercel/output/static/assets/docs._slug-DcetsT3m.js                                     1.96 kB │ gzip:   0.96 kB
.vercel/output/static/assets/mlai-mark-CSA_rngJ.js                                      1.98 kB │ gzip:   1.05 kB
.vercel/output/static/assets/skill-creator-DZBa94Zh.js                                  2.00 kB │ gzip:   1.00 kB
.vercel/output/static/assets/frame-gate-BTudWLp-.js                                     2.01 kB │ gzip:   0.89 kB
.vercel/output/static/assets/about-5cVJe5ac.js                                          2.02 kB │ gzip:   0.93 kB
.vercel/output/static/assets/cell-machine-DT-P5m2l.js                                   2.05 kB │ gzip:   1.06 kB
.vercel/output/static/assets/terms-Bg3f6dHI.js                                          2.07 kB │ gzip:   1.03 kB
.vercel/output/static/assets/primitives-CM225m6Q.js                                     2.07 kB │ gzip:   1.01 kB
.vercel/output/static/assets/source._name-BB55B_Pw.js                                   2.07 kB │ gzip:   1.02 kB
.vercel/output/static/assets/research.implementations._slug-C33NKF1E.js                 2.12 kB │ gzip:   0.96 kB
.vercel/output/static/assets/benchmarks-BoOrufjp.js                                     2.18 kB │ gzip:   1.03 kB
.vercel/output/static/assets/console-UITWT513.js                                        2.27 kB │ gzip:   1.12 kB
.vercel/output/static/assets/about-V52om9rO.js                                          2.36 kB │ gzip:   1.16 kB
.vercel/output/static/assets/fx-CFDabXaY.js                                             2.36 kB │ gzip:   1.11 kB
.vercel/output/static/assets/persona-router-D2N6QTz4.js                                 2.51 kB │ gzip:   1.27 kB
.vercel/output/static/assets/security-DeJeW2B_.js                                       2.70 kB │ gzip:   1.22 kB
.vercel/output/static/assets/wdbx-TKYFcuCB.js                                           2.70 kB │ gzip:   1.28 kB
.vercel/output/static/assets/quasar.sites-Ctd6wCrM.js                                   2.73 kB │ gzip:   1.22 kB
.vercel/output/static/assets/gates-BLEcuUGS.js                                          2.74 kB │ gzip:   1.18 kB
.vercel/output/static/assets/team-CmT5K13r.js                                           2.77 kB │ gzip:   1.13 kB
.vercel/output/static/assets/services-BVrAxiYV.js                                       2.80 kB │ gzip:   1.17 kB
.vercel/output/static/assets/products-DPZxQ-T6.js                                       2.85 kB │ gzip:   1.11 kB
.vercel/output/static/assets/dist-CQYBeyIK.js                                           2.93 kB │ gzip:   1.30 kB
.vercel/output/static/assets/projects-CoW18ATB.js                                       3.03 kB │ gzip:   1.33 kB
.vercel/output/static/assets/surfaces-DOc66x25.js                                       3.08 kB │ gzip:   1.30 kB
.vercel/output/static/assets/abbey-bot-DQpmWjxB.js                                      3.11 kB │ gzip:   1.54 kB
.vercel/output/static/assets/tabs-Be_P_4Dh.js                                           3.11 kB │ gzip:   1.37 kB
.vercel/output/static/assets/research-topics-BrS0dSPz.js                                3.16 kB │ gzip:   1.34 kB
.vercel/output/static/assets/quasar.new-C9tIhDNR.js                                     3.16 kB │ gzip:   1.54 kB
.vercel/output/static/assets/privacy-BPwwsrHt.js                                        3.67 kB │ gzip:   1.68 kB
.vercel/output/static/assets/products._slug-CuG1XaYA.js                                 3.74 kB │ gzip:   1.47 kB
.vercel/output/static/assets/product-journeys-C3xjRD2V.js                               3.79 kB │ gzip:   1.52 kB
.vercel/output/static/assets/capture-CuU90xA6.js                                        3.81 kB │ gzip:   1.80 kB
.vercel/output/static/assets/company-CLXJ5Sa-.js                                        3.82 kB │ gzip:   1.59 kB
.vercel/output/static/assets/route-xnTA09fH.js                                          3.89 kB │ gzip:   1.20 kB
.vercel/output/static/assets/react-dom-hf6EcyAr.js                                      3.90 kB │ gzip:   1.42 kB
.vercel/output/static/assets/mobile-pzipn_D5.js                                         3.96 kB │ gzip:   1.74 kB
.vercel/output/static/assets/sharding-latency-demo-CBUHug3t.js                          3.97 kB │ gzip:   1.56 kB
.vercel/output/static/assets/title-BX0mh4SF.js                                          3.97 kB │ gzip:   1.56 kB
.vercel/output/static/assets/explainer-Bmiys02U.js                                      4.13 kB │ gzip:   1.78 kB
.vercel/output/static/assets/use-ai-consent-DghnYouE.js                                 4.18 kB │ gzip:   1.86 kB
.vercel/output/static/assets/dist-BKywQ-_T.js                                           4.29 kB │ gzip:   1.86 kB
.vercel/output/static/assets/team._slug-B4SM2FTU.js                                     4.35 kB │ gzip:   1.66 kB
.vercel/output/static/assets/research-Daae7xj_.js                                       4.49 kB │ gzip:   1.76 kB
.vercel/output/static/assets/github-data-s_yv0E6f.js                                    4.52 kB │ gzip:   1.90 kB
.vercel/output/static/assets/abi-nSh6TmWM.js                                            4.63 kB │ gzip:   2.05 kB
.vercel/output/static/assets/dist-Bs_w5pDE.js                                           4.70 kB │ gzip:   1.87 kB
.vercel/output/static/assets/abbey-DooeBP3r.js                                          4.85 kB │ gzip:   2.06 kB
.vercel/output/static/assets/dist-Bnq1Msol.js                                           4.92 kB │ gzip:   1.78 kB
.vercel/output/static/assets/dashboard-Bi9IcIGQ.js                                      4.94 kB │ gzip:   2.09 kB
.vercel/output/static/assets/header-menus-DzY_XNh_.js                                   5.21 kB │ gzip:   1.90 kB
.vercel/output/static/assets/developers-0lEPOKst.js                                     5.33 kB │ gzip:   2.26 kB
.vercel/output/static/assets/team-D7aZvKVp.js                                           5.37 kB │ gzip:   2.41 kB
.vercel/output/static/assets/client-experience-Dy8n3odB.js                              5.51 kB │ gzip:   2.21 kB
.vercel/output/static/assets/radio-group-BUsW9f0z.js                                    5.54 kB │ gzip:   2.24 kB
.vercel/output/static/assets/workspace-app-Q_Tzc6ta.js                                  5.81 kB │ gzip:   2.46 kB
.vercel/output/static/assets/dist-DF2U369f.js                                           5.81 kB │ gzip:   2.07 kB
.vercel/output/static/assets/research._slug-Bfmn63Uf.js                                 5.87 kB │ gzip:   1.89 kB
.vercel/output/static/assets/quasar.settings-Bsg5uTGI.js                                5.97 kB │ gzip:   2.36 kB
.vercel/output/static/assets/links-DlKJnX3g.js                                          6.11 kB │ gzip:   2.22 kB
.vercel/output/static/assets/tf-pose-demo-_-lLxqus.js                                   6.11 kB │ gzip:   2.69 kB
.vercel/output/static/assets/abi-runtime-rPGn2hVs.js                                    6.16 kB │ gzip:   2.48 kB
.vercel/output/static/assets/architecture-DxQIWNpO.js                                   6.99 kB │ gzip:   2.58 kB
.vercel/output/static/assets/design-C_ZIUQPz.js                                         7.03 kB │ gzip:   2.79 kB
.vercel/output/static/assets/dist-CGDkaOju.js                                           7.36 kB │ gzip:   2.68 kB
.vercel/output/static/assets/products-Des8JDCO.js                                       7.54 kB │ gzip:   3.34 kB
.vercel/output/static/assets/quesar-dLud3WYm.js                                         7.77 kB │ gzip:   3.28 kB
.vercel/output/static/assets/showcase-C6utY2uL.js                                       7.82 kB │ gzip:   2.59 kB
.vercel/output/static/assets/jsx-runtime-BNakU3Ej.js                                    8.24 kB │ gzip:   3.11 kB
.vercel/output/static/assets/changelog-D1PK1Ilj.js                                      8.27 kB │ gzip:   3.54 kB
.vercel/output/static/assets/architecture-BIZPCn3V.js                                   8.37 kB │ gzip:   3.29 kB
.vercel/output/static/assets/tooltip-DekZgZfn.js                                        8.52 kB │ gzip:   3.17 kB
.vercel/output/static/assets/contact-CwArzW57.js                                        8.61 kB │ gzip:   3.38 kB
.vercel/output/static/assets/quasar.site._id-C7P1OvE2.js                                8.66 kB │ gzip:   3.26 kB
.vercel/output/static/assets/trailer-DdxF1Q7o.js                                        9.31 kB │ gzip:   3.64 kB
.vercel/output/static/assets/platform-B28ifWvx.js                                       9.66 kB │ gzip:   3.37 kB
.vercel/output/static/assets/admin-CNUjjqQD.js                                         10.02 kB │ gzip:   3.33 kB
.vercel/output/static/assets/trailer-c7zUU7Iw.js                                       10.19 kB │ gzip:   3.63 kB
.vercel/output/static/assets/lab-D1nKzDyw.js                                           10.58 kB │ gzip:   3.64 kB
.vercel/output/static/assets/link-DVdUVM_8.js                                          11.27 kB │ gzip:   4.97 kB
.vercel/output/static/assets/repo-list-BX8lhtP-.js                                     11.41 kB │ gzip:   4.16 kB
.vercel/output/static/assets/abbey-BG_99yLZ.js                                         12.29 kB │ gzip:   4.45 kB
.vercel/output/static/assets/catalog-DFOSmjio.js                                       12.33 kB │ gzip:   4.35 kB
.vercel/output/static/assets/dropdown-menu-D6VgZo0x.js                                 12.65 kB │ gzip:   4.44 kB
.vercel/output/static/assets/shared-DJDcoaVf.js                                        13.35 kB │ gzip:   5.08 kB
.vercel/output/static/assets/use-tweaks-B8X210Vn.js                                    13.60 kB │ gzip:   4.29 kB
.vercel/output/static/assets/ShowcaseBoard-CQq-hVBt.js                                 13.61 kB │ gzip:   4.75 kB
.vercel/output/static/assets/search-panel-BW_xUNXO.js                                  13.92 kB │ gzip:   5.49 kB
.vercel/output/static/assets/HeroBoard-4OYjOIUN.js                                     14.24 kB │ gzip:   5.17 kB
.vercel/output/static/assets/journey-rail-Ig_NSFtv.js                                  14.59 kB │ gzip:   4.62 kB
.vercel/output/static/assets/profile-XKehiwLE.js                                       16.21 kB │ gzip:   5.26 kB
.vercel/output/static/assets/research-context-CxKjuQyN.js                              16.24 kB │ gzip:   6.55 kB
.vercel/output/static/assets/seedrandom-i4D6t76d.js                                    16.41 kB │ gzip:   5.26 kB
.vercel/output/static/assets/financial-model-yyZW-19P.js                               16.55 kB │ gzip:   5.12 kB
.vercel/output/static/assets/demo-BpDk-rL5.js                                          16.82 kB │ gzip:   6.65 kB
.vercel/output/static/assets/console.workspace-D8zPxvws.js                             16.92 kB │ gzip:   6.15 kB
.vercel/output/static/assets/Combination-CQxS43Bo.js                                   16.94 kB │ gzip:   6.48 kB
.vercel/output/static/assets/Docs-YNGwq5Bs.js                                          19.68 kB │ gzip:   6.23 kB
.vercel/output/static/assets/LabBoard-U5xfkuaX.js                                      19.73 kB │ gzip:   6.90 kB
.vercel/output/static/assets/mega-CHJuSIkm.js                                          19.99 kB │ gzip:   6.91 kB
.vercel/output/static/assets/outro-2KohnuNj.js                                         20.12 kB │ gzip:   5.89 kB
.vercel/output/static/assets/routes-Dw9KBK9y.js                                        20.91 kB │ gzip:   6.56 kB
.vercel/output/static/assets/BrandBoard-Bvsw3dev.js                                    22.86 kB │ gzip:   6.67 kB
.vercel/output/static/assets/pages-DIu5x29l.js                                         23.17 kB │ gzip:   8.74 kB
.vercel/output/static/assets/dist-BhYjFx-e.js                                          25.70 kB │ gzip:   9.96 kB
.vercel/output/static/assets/Console-G56_R79O.js                                       28.15 kB │ gzip:   8.12 kB
.vercel/output/static/assets/Marketing-BjFq__YG.js                                     29.82 kB │ gzip:   8.62 kB
.vercel/output/static/assets/docs-hub-NnxLpHyT.js                                      30.27 kB │ gzip:  10.60 kB
.vercel/output/static/assets/dist-35_2mp6M.js                                          33.59 kB │ gzip:   9.37 kB
.vercel/output/static/assets/narration-B1mMgGVq.js                                     37.12 kB │ gzip:  13.72 kB
.vercel/output/static/assets/beats-DkQ93CIR.js                                         39.21 kB │ gzip:  12.02 kB
.vercel/output/static/assets/login-CBVqt80X.js                                         40.30 kB │ gzip:  14.29 kB
.vercel/output/static/assets/blog-BBNhdNS7.js                                          44.14 kB │ gzip:  16.90 kB
.vercel/output/static/assets/use-current-user-Cv_IS5PF.js                              46.04 kB │ gzip:  16.10 kB
.vercel/output/static/assets/console-DSvfm7xK.js                                       47.65 kB │ gzip:  15.98 kB
.vercel/output/static/assets/DesignBoard-BkZDKCi9.js                                   48.36 kB │ gzip:  13.70 kB
.vercel/output/static/assets/film-collection-DcPjQQBP.js                               51.65 kB │ gzip:   7.72 kB
.vercel/output/static/assets/schemas-BKFnRWM-.js                                       78.08 kB │ gzip:  22.45 kB
.vercel/output/static/assets/research-B1v7vamp.js                                      93.29 kB │ gzip:  20.87 kB
.vercel/output/static/assets/katex-BHxplFoT.js                                        259.16 kB │ gzip:  77.74 kB
.vercel/output/static/assets/posenet.esm-Dws3Euhw.js                                  358.88 kB │ gzip:  95.64 kB
.vercel/output/static/assets/investors-C0KkCXMO.js                                    359.75 kB │ gzip: 104.10 kB
.vercel/output/static/assets/index-DrcylZW7.js                                        428.74 kB │ gzip: 136.84 kB
.vercel/output/static/assets/dist-pxA6Vjf1.js                                       1,520.88 kB │ gzip: 399.49 kB

[plugin builtin:vite-reporter] 
(!) Some chunks are larger than 500 kB after minification. Consider:
- Using dynamic import() to code-split the application
- Use build.rolldownOptions.output.codeSplitting to improve chunking: https://rolldown.rs/reference/OutputOptions.codeSplitting
- Adjust chunk size limit for this warning via build.chunkSizeWarningLimit.
✓ built in 1.63s
vite v8.3.1 building ssr environment for production...
transforming...
✓ 627 modules transformed.
rendering chunks...
computing gzip size...
node_modules/.nitro/vite/services/ssr/assets/KaTeX_Size3-Regular-CTq5MqoE.woff                        4.42 kB
node_modules/.nitro/vite/services/ssr/assets/KaTeX_Size4-Regular-Dl5lxZxV.woff2                       4.92 kB
node_modules/.nitro/vite/services/ssr/assets/KaTeX_Size2-Regular-Dy4dx90m.woff2                       5.20 kB
node_modules/.nitro/vite/services/ssr/assets/KaTeX_Size1-Regular-mCD8mA8B.woff2                       5.46 kB
node_modules/.nitro/vite/services/ssr/assets/ibm-plex-mono-vietnamese-500-normal-C8zxqsMH.woff        5.61 kB
node_modules/.nitro/vite/services/ssr/assets/ibm-plex-mono-vietnamese-400-normal-DDuiU_S-.woff        5.62 kB
node_modules/.nitro/vite/services/ssr/assets/ibm-plex-mono-cyrillic-ext-500-normal-BIfNGwUT.woff      5.77 kB
node_modules/.nitro/vite/services/ssr/assets/ibm-plex-mono-cyrillic-ext-400-normal-DMdlQ8Kv.woff      5.82 kB
node_modules/.nitro/vite/services/ssr/assets/ibm-plex-mono-vietnamese-400-normal-BulugwFq.woff2       5.86 kB
node_modules/.nitro/vite/services/ssr/assets/KaTeX_Size4-Regular-BF-4gkZK.woff                        5.98 kB
node_modules/.nitro/vite/services/ssr/assets/ibm-plex-mono-vietnamese-500-normal-DZ4AoWbu.woff2       6.04 kB
node_modules/.nitro/vite/services/ssr/assets/KaTeX_Size2-Regular-oD1tc_U0.woff                        6.18 kB
node_modules/.nitro/vite/services/ssr/assets/KaTeX_Size1-Regular-C195tn64.woff                        6.49 kB
node_modules/.nitro/vite/services/ssr/assets/space-grotesk-vietnamese-wght-normal-D0rl6rjA.woff2      6.71 kB
node_modules/.nitro/vite/services/ssr/assets/KaTeX_Caligraphic-Regular-Di6jR-x-.woff2                 6.90 kB
node_modules/.nitro/vite/services/ssr/assets/KaTeX_Caligraphic-Bold-Dq_IR9rO.woff2                    6.91 kB
node_modules/.nitro/vite/services/ssr/assets/ibm-plex-mono-cyrillic-ext-400-normal-xuaO2J-f.woff2     6.91 kB
node_modules/.nitro/vite/services/ssr/assets/ibm-plex-mono-cyrillic-ext-500-normal-BqneJy0T.woff2     6.97 kB
node_modules/.nitro/vite/services/ssr/assets/ibm-plex-mono-cyrillic-400-normal-CEL4l2ZJ.woff          7.20 kB
node_modules/.nitro/vite/services/ssr/assets/ibm-plex-mono-cyrillic-500-normal-Ael50iVv.woff          7.20 kB
node_modules/.nitro/vite/services/ssr/assets/KaTeX_Size3-Regular-DgpXs0kz.ttf                         7.58 kB
node_modules/.nitro/vite/services/ssr/assets/KaTeX_Caligraphic-Regular-CTRA-rTL.woff                  7.65 kB
node_modules/.nitro/vite/services/ssr/assets/KaTeX_Caligraphic-Bold-BEiXGLvX.woff                     7.71 kB
node_modules/.nitro/vite/services/ssr/assets/ibm-plex-mono-cyrillic-400-normal-BSMlKf0J.woff2         8.35 kB
node_modules/.nitro/vite/services/ssr/assets/ibm-plex-mono-cyrillic-500-normal-Bq9vWWag.woff2         8.46 kB
node_modules/.nitro/vite/services/ssr/assets/KaTeX_Script-Regular-D3wIWfF6.woff2                      9.64 kB
node_modules/.nitro/vite/services/ssr/assets/KaTeX_SansSerif-Regular-DDBCnlJ7.woff2                  10.34 kB
node_modules/.nitro/vite/services/ssr/assets/KaTeX_Size4-Regular-DWFBv043.ttf                        10.36 kB
node_modules/.nitro/vite/services/ssr/assets/KaTeX_Script-Regular-D5yQViql.woff                      10.58 kB
node_modules/.nitro/vite/services/ssr/assets/KaTeX_Fraktur-Regular-CTYiF6lA.woff2                    11.31 kB
node_modules/.nitro/vite/services/ssr/assets/KaTeX_Fraktur-Bold-CL6g_b3V.woff2                       11.34 kB
node_modules/.nitro/vite/services/ssr/assets/KaTeX_Size2-Regular-B7gKUWhC.ttf                        11.50 kB
node_modules/.nitro/vite/services/ssr/assets/ibm-plex-mono-latin-ext-400-normal-D3D2R8hC.woff        11.76 kB
node_modules/.nitro/vite/services/ssr/assets/ibm-plex-mono-latin-ext-500-normal-CZ70TYgx.woff        11.76 kB
node_modules/.nitro/vite/services/ssr/assets/KaTeX_SansSerif-Italic-C3H0VqGB.woff2                   12.02 kB
node_modules/.nitro/vite/services/ssr/assets/KaTeX_SansSerif-Bold-D1sUS0GD.woff2                     12.21 kB
node_modules/.nitro/vite/services/ssr/assets/KaTeX_Size1-Regular-Dbsnue_I.ttf                        12.22 kB
node_modules/.nitro/vite/services/ssr/assets/KaTeX_SansSerif-Regular-CS6fqUqJ.woff                   12.31 kB
node_modules/.nitro/vite/services/ssr/assets/KaTeX_Caligraphic-Regular-wX97UBjC.ttf                  12.34 kB
node_modules/.nitro/vite/services/ssr/assets/KaTeX_Caligraphic-Bold-ATXxdsX0.ttf                     12.36 kB
node_modules/.nitro/vite/services/ssr/assets/ibm-plex-mono-latin-400-normal-CvHOgSBP.woff            13.14 kB
node_modules/.nitro/vite/services/ssr/assets/ibm-plex-mono-latin-500-normal-CB9ihrfo.woff            13.15 kB
node_modules/.nitro/vite/services/ssr/assets/ibm-plex-sans-vietnamese-wght-normal-Dg1JeJN0.woff2     13.16 kB
node_modules/.nitro/vite/services/ssr/assets/KaTeX_Fraktur-Regular-Dxdc4cR9.woff                     13.20 kB
node_modules/.nitro/vite/services/ssr/assets/KaTeX_Fraktur-Bold-BsDP51OF.woff                        13.29 kB
node_modules/.nitro/vite/services/ssr/assets/ibm-plex-mono-latin-ext-400-normal-BmRBH3aV.woff2       13.34 kB
node_modules/.nitro/vite/services/ssr/assets/ibm-plex-mono-latin-ext-500-normal-CAhNIIs5.woff2       13.43 kB
node_modules/.nitro/vite/services/ssr/assets/KaTeX_Typewriter-Regular-CO6r4hn1.woff2                 13.56 kB
node_modules/.nitro/vite/services/ssr/assets/KaTeX_SansSerif-Italic-DN2j7dab.woff                    14.11 kB
node_modules/.nitro/vite/services/ssr/assets/KaTeX_SansSerif-Bold-DbIhKOiC.woff                      14.40 kB
node_modules/.nitro/vite/services/ssr/assets/ibm-plex-mono-latin-400-normal-DMJ8VG8y.woff2           14.70 kB
node_modules/.nitro/vite/services/ssr/assets/ibm-plex-mono-latin-500-normal-DSY6xOcd.woff2           14.88 kB
node_modules/.nitro/vite/services/ssr/assets/KaTeX_Typewriter-Regular-C0xS9mPB.woff                  16.02 kB
node_modules/.nitro/vite/services/ssr/assets/KaTeX_Math-BoldItalic-CZnvNsCZ.woff2                    16.40 kB
node_modules/.nitro/vite/services/ssr/assets/KaTeX_Math-Italic-t53AETM-.woff2                        16.44 kB
node_modules/.nitro/vite/services/ssr/assets/KaTeX_Script-Regular-C5JkGWo-.ttf                       16.64 kB
node_modules/.nitro/vite/services/ssr/assets/KaTeX_Main-BoldItalic-DxDJ3AOS.woff2                    16.78 kB
node_modules/.nitro/vite/services/ssr/assets/KaTeX_Main-Italic-NWA7e6Wa.woff2                        16.98 kB
node_modules/.nitro/vite/services/ssr/assets/KaTeX_Math-BoldItalic-iY-2wyZ7.woff                     18.66 kB
node_modules/.nitro/vite/services/ssr/assets/KaTeX_Math-Italic-DA0__PXp.woff                         18.74 kB
node_modules/.nitro/vite/services/ssr/assets/space-grotesk-latin-ext-wght-normal-D9tNdqV9.woff2      18.94 kB
node_modules/.nitro/vite/services/ssr/assets/KaTeX_Main-BoldItalic-SpSLRI95.woff                     19.41 kB
node_modules/.nitro/vite/services/ssr/assets/KaTeX_SansSerif-Regular-BNo7hRIc.ttf                    19.43 kB
node_modules/.nitro/vite/services/ssr/assets/ibm-plex-sans-greek-wght-normal-CmyJS8uq.woff2          19.50 kB
node_modules/.nitro/vite/services/ssr/assets/KaTeX_Fraktur-Regular-CB_wures.ttf                      19.57 kB
node_modules/.nitro/vite/services/ssr/assets/KaTeX_Fraktur-Bold-BdnERNNW.ttf                         19.58 kB
node_modules/.nitro/vite/services/ssr/assets/KaTeX_Main-Italic-BMLOBm91.woff                         19.67 kB
node_modules/.nitro/vite/services/ssr/assets/space-grotesk-latin-wght-normal-BhU9QXUp.woff2          22.28 kB
node_modules/.nitro/vite/services/ssr/assets/KaTeX_SansSerif-Italic-YYjJ1zSn.ttf                     22.36 kB
node_modules/.nitro/vite/services/ssr/assets/ibm-plex-sans-cyrillic-ext-wght-normal-d45eAU9y.woff2   23.56 kB
node_modules/.nitro/vite/services/ssr/assets/KaTeX_SansSerif-Bold-CFMepnvq.ttf                       24.50 kB
node_modules/.nitro/vite/services/ssr/assets/KaTeX_Main-Bold-Cx986IdX.woff2                          25.32 kB
node_modules/.nitro/vite/services/ssr/assets/KaTeX_Main-Regular-B22Nviop.woff2                       26.27 kB
node_modules/.nitro/vite/services/ssr/assets/KaTeX_Typewriter-Regular-D3Ib7_Hf.ttf                   27.55 kB
node_modules/.nitro/vite/services/ssr/assets/KaTeX_AMS-Regular-BQhdFMY1.woff2                        28.07 kB
node_modules/.nitro/vite/services/ssr/assets/search-catalog-ZiJLYfq6.json                            28.66 kB │ gzip:  7.71 kB
node_modules/.nitro/vite/services/ssr/assets/ibm-plex-sans-cyrillic-wght-normal-BAAhND-U.woff2       29.51 kB
node_modules/.nitro/vite/services/ssr/assets/KaTeX_Main-Bold-Jm3AIy58.woff                           29.91 kB
node_modules/.nitro/vite/services/ssr/assets/KaTeX_Main-Regular-Dr94JaBh.woff                        30.77 kB
node_modules/.nitro/vite/services/ssr/assets/ibm-plex-sans-latin-ext-wght-normal-CIII54If.woff2      30.96 kB
node_modules/.nitro/vite/services/ssr/assets/KaTeX_Math-BoldItalic-B3XSjfu4.ttf                      31.19 kB
node_modules/.nitro/vite/services/ssr/assets/KaTeX_Math-Italic-flOr_0UB.ttf                          31.30 kB
node_modules/.nitro/vite/services/ssr/assets/KaTeX_Main-BoldItalic-DzxPMmG6.ttf                      32.96 kB
node_modules/.nitro/vite/services/ssr/assets/KaTeX_AMS-Regular-DMm9YOAa.woff                         33.51 kB
node_modules/.nitro/vite/services/ssr/assets/KaTeX_Main-Italic-3WenGoN9.ttf                          33.58 kB
node_modules/.nitro/vite/services/ssr/assets/ibm-plex-sans-latin-wght-normal-IvpUvPa2.woff2          45.71 kB
node_modules/.nitro/vite/services/ssr/assets/KaTeX_Main-Bold-waoOVXN0.ttf                            51.33 kB
node_modules/.nitro/vite/services/ssr/assets/KaTeX_Main-Regular-ypZvNtVU.ttf                         53.58 kB
node_modules/.nitro/vite/services/ssr/assets/KaTeX_AMS-Regular-DRggAlZN.ttf                          63.63 kB
node_modules/.nitro/vite/services/ssr/assets/router-DteWe6pi.css                                      1.52 kB │ gzip:  0.64 kB
node_modules/.nitro/vite/services/ssr/assets/routes-DeO_NU79.css                                      1.87 kB │ gzip:  0.64 kB
node_modules/.nitro/vite/services/ssr/assets/narration-1Utg-L48.css                                   4.30 kB │ gzip:  1.39 kB
node_modules/.nitro/vite/services/ssr/assets/math-DzFXvcrH.css                                       29.79 kB │ gzip:  7.97 kB
node_modules/.nitro/vite/services/ssr/assets/styles-sI0JqBMc.css                                    106.78 kB │ gzip: 18.07 kB
node_modules/.nitro/vite/services/ssr/assets/kysely-adapter-Cj_QZw5p.js                               0.05 kB │ gzip:  0.07 kB
node_modules/.nitro/vite/services/ssr/assets/empty-plugin-adapters-D9UWiqvJ.js                        0.22 kB │ gzip:  0.16 kB
node_modules/.nitro/vite/services/ssr/assets/env.server-1sC44DLZ.js                                   0.28 kB │ gzip:  0.22 kB
node_modules/.nitro/vite/services/ssr/assets/quasar-BKDbN3hd.js                                       0.28 kB │ gzip:  0.18 kB
node_modules/.nitro/vite/services/ssr/assets/rolldown-runtime-BLEs9rMG.js                             0.35 kB │ gzip:  0.25 kB
node_modules/.nitro/vite/services/ssr/assets/label-BFPC-S52.js                                        0.36 kB │ gzip:  0.25 kB
node_modules/.nitro/vite/services/ssr/assets/createServerRpc-DPX_ndmm.js                              0.37 kB │ gzip:  0.25 kB
node_modules/.nitro/vite/services/ssr/assets/signup-Dmt1KHDi.js                                       0.37 kB │ gzip:  0.27 kB
node_modules/.nitro/vite/services/ssr/assets/github-snapshot-DAte9VZ3.js                              0.37 kB │ gzip:  0.27 kB
node_modules/.nitro/vite/services/ssr/assets/github-readmes-BvJTf_O_.js                               0.39 kB │ gzip:  0.29 kB
node_modules/.nitro/vite/services/ssr/assets/route-frame-CfIMeORX.js                                  0.42 kB │ gzip:  0.29 kB
node_modules/.nitro/vite/services/ssr/assets/local-store-DO6qwhjW.js                                  0.45 kB │ gzip:  0.25 kB
node_modules/.nitro/vite/services/ssr/assets/utils-BEnn8gPD.js                                        0.46 kB │ gzip:  0.30 kB
node_modules/.nitro/vite/services/ssr/assets/showcase.design-BSvzCqGa.js                              0.50 kB │ gzip:  0.30 kB
node_modules/.nitro/vite/services/ssr/assets/createSsrRpc-BUUEN0qI.js                                 0.50 kB │ gzip:  0.32 kB
node_modules/.nitro/vite/services/ssr/assets/CinematicFallback-DFzTsi4L.js                            0.50 kB │ gzip:  0.36 kB
node_modules/.nitro/vite/services/ssr/assets/textarea-CU-toX6i.js                                     0.53 kB │ gzip:  0.33 kB
node_modules/.nitro/vite/services/ssr/assets/separator-CfBBGVNK.js                                    0.54 kB │ gzip:  0.34 kB
node_modules/.nitro/vite/services/ssr/assets/input-CPAlXaTb.js                                        0.54 kB │ gzip:  0.34 kB
node_modules/.nitro/vite/services/ssr/assets/showcase.film-D6Hi2iOi.js                                0.64 kB │ gzip:  0.37 kB
node_modules/.nitro/vite/services/ssr/assets/showcase.mega-BLwARshI.js                                0.64 kB │ gzip:  0.36 kB
node_modules/.nitro/vite/services/ssr/assets/showcase.abbey-CD8oK-82.js                               0.65 kB │ gzip:  0.37 kB
node_modules/.nitro/vite/services/ssr/assets/showcase.trailer-C1dfy8fd.js                             0.66 kB │ gzip:  0.37 kB
node_modules/.nitro/vite/services/ssr/assets/github-B8BMQ_OK.js                                       0.67 kB │ gzip:  0.38 kB
node_modules/.nitro/vite/services/ssr/assets/showcase.explainer-C-O_aCaT.js                           0.67 kB │ gzip:  0.37 kB
node_modules/.nitro/vite/services/ssr/assets/architecture-node-ids-DEbxuF-1.js                        0.68 kB │ gzip:  0.42 kB
node_modules/.nitro/vite/services/ssr/assets/radio-group-GnSJmmq6.js                                  0.73 kB │ gzip:  0.38 kB
node_modules/.nitro/vite/services/ssr/assets/methods-BuiIvEc_.js                                      0.74 kB │ gzip:  0.39 kB
node_modules/.nitro/vite/services/ssr/assets/renderer-B-ur6wyp.js                                     0.79 kB │ gzip:  0.36 kB
node_modules/.nitro/vite/services/ssr/assets/createMiddleware-DSe8_z3G.js                             0.82 kB │ gzip:  0.32 kB
node_modules/.nitro/vite/services/ssr/assets/ai-BYv4jJWV.js                                           0.83 kB │ gzip:  0.52 kB
node_modules/.nitro/vite/services/ssr/assets/toaster-6wGjEaEB.js                                      0.83 kB │ gzip:  0.47 kB
node_modules/.nitro/vite/services/ssr/assets/tabs-BKgqh0Gz.js                                         1.00 kB │ gzip:  0.45 kB
node_modules/.nitro/vite/services/ssr/assets/tooltip-B94gklA6.js                                      1.01 kB │ gzip:  0.49 kB
node_modules/.nitro/vite/services/ssr/assets/source-CNNFHV3m.js                                       1.10 kB │ gzip:  0.59 kB
node_modules/.nitro/vite/services/ssr/assets/auth-slot-live-CnsXmdBn.js                               1.14 kB │ gzip:  0.61 kB
node_modules/.nitro/vite/services/ssr/assets/crumbs-tmZTB1rv.js                                       1.15 kB │ gzip:  0.55 kB
node_modules/.nitro/vite/services/ssr/assets/seo-CFdfWgGz.js                                          1.18 kB │ gzip:  0.56 kB
node_modules/.nitro/vite/services/ssr/assets/workspace-CG-RuOhF.js                                    1.21 kB │ gzip:  0.62 kB
node_modules/.nitro/vite/services/ssr/assets/cell-machine-CXNHF5e3.js                                 1.21 kB │ gzip:  0.61 kB
node_modules/.nitro/vite/services/ssr/assets/projects-B5o99Esc.js                                     1.23 kB │ gzip:  0.63 kB
node_modules/.nitro/vite/services/ssr/assets/config-CGOwCjPm.js                                       1.28 kB │ gzip:  0.67 kB
node_modules/.nitro/vite/services/ssr/assets/middleware-D14TQhEi.js                                   1.36 kB │ gzip:  0.71 kB
node_modules/.nitro/vite/services/ssr/assets/tf-pose-demo-CDDEbbBy.js                                 1.39 kB │ gzip:  0.73 kB
node_modules/.nitro/vite/services/ssr/assets/dropdown-menu-BztvMuDs.js                                1.48 kB │ gzip:  0.56 kB
node_modules/.nitro/vite/services/ssr/assets/button-Bib5oMsK.js                                       1.49 kB │ gzip:  0.72 kB
node_modules/.nitro/vite/services/ssr/assets/csp-report.server-DZm7M7I0.js                            1.54 kB │ gzip:  0.87 kB
node_modules/.nitro/vite/services/ssr/assets/ai-BY8jAAr7.js                                           1.58 kB │ gzip:  0.88 kB
node_modules/.nitro/vite/services/ssr/assets/status-badge-4dXjxXPi.js                                 1.65 kB │ gzip:  0.78 kB
node_modules/.nitro/vite/services/ssr/assets/gama-Dz3AwFY0.js                                         1.69 kB │ gzip:  0.86 kB
node_modules/.nitro/vite/services/ssr/assets/research.implementations-hXpsCQkL.js                     1.79 kB │ gzip:  0.79 kB
node_modules/.nitro/vite/services/ssr/assets/math-CX82An2A.js                                         1.82 kB │ gzip:  0.90 kB
node_modules/.nitro/vite/services/ssr/assets/profile-BT3Hz2xC.js                                      1.82 kB │ gzip:  0.95 kB
node_modules/.nitro/vite/services/ssr/assets/unauthorized-DDQ72N8_.js                                 1.83 kB │ gzip:  0.86 kB
node_modules/.nitro/vite/services/ssr/assets/use-github-data-DUfXEd7G.js                              1.87 kB │ gzip:  0.91 kB
node_modules/.nitro/vite/services/ssr/assets/plugins-DK6sztMK.js                                      1.92 kB │ gzip:  0.88 kB
node_modules/.nitro/vite/services/ssr/assets/apps-DLJP4i7U.js                                         1.97 kB │ gzip:  0.86 kB
node_modules/.nitro/vite/services/ssr/assets/gate.server-BhbBwnxr.js                                  1.99 kB │ gzip:  0.95 kB
node_modules/.nitro/vite/services/ssr/assets/investor-D3JhTVpz.js                                     2.02 kB │ gzip:  0.81 kB
node_modules/.nitro/vite/services/ssr/assets/isolation.server-YShgMvKF.js                             2.07 kB │ gzip:  1.06 kB
node_modules/.nitro/vite/services/ssr/assets/mlai-mark-BHhtXIGB.js                                    2.07 kB │ gzip:  1.12 kB
node_modules/.nitro/vite/services/ssr/assets/billing-D_p6-EoC.js                                      2.12 kB │ gzip:  1.12 kB
node_modules/.nitro/vite/services/ssr/assets/server-only-notice-CZfxZqbV.js                           2.25 kB │ gzip:  0.87 kB
node_modules/.nitro/vite/services/ssr/assets/audit-view-B_hX06-J.js                                   2.25 kB │ gzip:  0.78 kB
node_modules/.nitro/vite/services/ssr/assets/companion-Cgqqv1k8.js                                    2.26 kB │ gzip:  0.95 kB
node_modules/.nitro/vite/services/ssr/assets/projects._slug-DK0QpB-8.js                               2.27 kB │ gzip:  0.87 kB
node_modules/.nitro/vite/services/ssr/assets/film-Ba0sEFDI.js                                         2.32 kB │ gzip:  0.82 kB
node_modules/.nitro/vite/services/ssr/assets/start-DfLueJrV.js                                        2.35 kB │ gzip:  1.04 kB
node_modules/.nitro/vite/services/ssr/assets/math-article-BeBIBOL9.js                                 2.37 kB │ gzip:  0.98 kB
node_modules/.nitro/vite/services/ssr/assets/inquiries.server-JtyH6R3i.js                             2.40 kB │ gzip:  1.06 kB
node_modules/.nitro/vite/services/ssr/assets/section-BkF5TngR.js                                      2.40 kB │ gzip:  0.89 kB
node_modules/.nitro/vite/services/ssr/assets/telemetry.server-MyvJ_6lN.js                             2.40 kB │ gzip:  1.18 kB
node_modules/.nitro/vite/services/ssr/assets/workspace-VibcldaZ.js                                    2.41 kB │ gzip:  0.92 kB
node_modules/.nitro/vite/services/ssr/assets/journey-rail-Bu5_YJCj.js                                 2.41 kB │ gzip:  0.93 kB
node_modules/.nitro/vite/services/ssr/assets/rate-limit.server-YVd9DsfM.js                            2.44 kB │ gzip:  1.29 kB
node_modules/.nitro/vite/services/ssr/assets/blog-De2AaJvF.js                                         2.45 kB │ gzip:  1.16 kB
node_modules/.nitro/vite/services/ssr/assets/research-nav-CVzHDqGf.js                                 2.51 kB │ gzip:  0.83 kB
node_modules/.nitro/vite/services/ssr/assets/turnstile.server-CwktM05R.js                             2.57 kB │ gzip:  1.21 kB
node_modules/.nitro/vite/services/ssr/assets/inquiry-rules-CZn0jrU0.js                                2.60 kB │ gzip:  1.10 kB
node_modules/.nitro/vite/services/ssr/assets/docs-HML28nWe.js                                         2.60 kB │ gzip:  1.10 kB
node_modules/.nitro/vite/services/ssr/assets/article-zDx7XgmJ.js                                      2.62 kB │ gzip:  0.98 kB
node_modules/.nitro/vite/services/ssr/assets/csp-C8NHMTv8.js                                          2.68 kB │ gzip:  1.24 kB
node_modules/.nitro/vite/services/ssr/assets/terms-E8Dc6Hg1.js                                        2.69 kB │ gzip:  1.18 kB
node_modules/.nitro/vite/services/ssr/assets/inquiries-CZ20UgAd.js                                    2.76 kB │ gzip:  1.19 kB
node_modules/.nitro/vite/services/ssr/assets/blog._slug-DgKY90EO.js                                   2.77 kB │ gzip:  1.16 kB
node_modules/.nitro/vite/services/ssr/assets/config.server-CDQZQ7NM.js                                2.77 kB │ gzip:  1.33 kB
node_modules/.nitro/vite/services/ssr/assets/account-deletion.server-Cy4HSrpv.js                      2.80 kB │ gzip:  1.04 kB
node_modules/.nitro/vite/services/ssr/assets/get-started-KOfsm5Pg.js                                  2.82 kB │ gzip:  1.12 kB
node_modules/.nitro/vite/services/ssr/assets/readiness.server-C7ACeda4.js                             2.84 kB │ gzip:  1.22 kB
node_modules/.nitro/vite/services/ssr/assets/primitives-BQpmN2lD.js                                   2.89 kB │ gzip:  1.27 kB
node_modules/.nitro/vite/services/ssr/assets/skill-creator-BoLwQxGU.js                                2.89 kB │ gzip:  1.18 kB
node_modules/.nitro/vite/services/ssr/assets/changelog-g_GxU4kh.js                                    2.90 kB │ gzip:  1.10 kB
node_modules/.nitro/vite/services/ssr/assets/methods.server-CeLMwuA7.js                               2.91 kB │ gzip:  1.22 kB
node_modules/.nitro/vite/services/ssr/assets/about-C5Vx0lEH.js                                        2.92 kB │ gzip:  1.34 kB
node_modules/.nitro/vite/services/ssr/assets/verify.server-Csl3R-bg.js                                3.00 kB │ gzip:  1.34 kB
node_modules/.nitro/vite/services/ssr/assets/telemetry-routes.server-B5ciUGYd.js                      3.06 kB │ gzip:  0.81 kB
node_modules/.nitro/vite/services/ssr/assets/about-BTt018Mj.js                                        3.08 kB │ gzip:  1.15 kB
node_modules/.nitro/vite/services/ssr/assets/telemetry-path-BIB8_hrS.js                               3.10 kB │ gzip:  1.51 kB
node_modules/.nitro/vite/services/ssr/assets/benchmarks-C8xN4OIu.js                                   3.14 kB │ gzip:  1.24 kB
node_modules/.nitro/vite/services/ssr/assets/feed-Ddi3QFV8.js                                         3.24 kB │ gzip:  1.42 kB
node_modules/.nitro/vite/services/ssr/assets/source._name-CkAJ3nSy.js                                 3.28 kB │ gzip:  1.33 kB
node_modules/.nitro/vite/services/ssr/assets/docs._slug-CPLgbx_G.js                                   3.30 kB │ gzip:  1.31 kB
node_modules/.nitro/vite/services/ssr/assets/projects-Pzfgx6I4.js                                     3.35 kB │ gzip:  1.39 kB
node_modules/.nitro/vite/services/ssr/assets/cell-machine-Cuwsxcxj.js                                 3.47 kB │ gzip:  1.37 kB
node_modules/.nitro/vite/services/ssr/assets/research.implementations._slug-Pybi5TG7.js               3.53 kB │ gzip:  1.26 kB
node_modules/.nitro/vite/services/ssr/assets/fx-BBYwqI43.js                                           3.55 kB │ gzip:  1.28 kB
node_modules/.nitro/vite/services/ssr/assets/security-DazKVxgE.js                                     3.61 kB │ gzip:  1.42 kB
node_modules/.nitro/vite/services/ssr/assets/persona-router-Dalxb58-.js                               3.67 kB │ gzip:  1.52 kB
node_modules/.nitro/vite/services/ssr/assets/systems-CUd3RI40.js                                      3.68 kB │ gzip:  1.67 kB
node_modules/.nitro/vite/services/ssr/assets/team-wN4xJaa4.js                                         3.77 kB │ gzip:  1.21 kB
node_modules/.nitro/vite/services/ssr/assets/wdbx-DqBnyYlw.js                                         3.78 kB │ gzip:  1.49 kB
node_modules/.nitro/vite/services/ssr/assets/surfaces-D64CmIhS.js                                     3.88 kB │ gzip:  1.55 kB
node_modules/.nitro/vite/services/ssr/assets/research-topics-hOZQq2zY.js                              3.93 kB │ gzip:  1.55 kB
node_modules/.nitro/vite/services/ssr/assets/llm-DVN4KNM9.js                                          3.98 kB │ gzip:  1.44 kB
node_modules/.nitro/vite/services/ssr/assets/services-B7O5Xi33.js                                     4.11 kB │ gzip:  1.40 kB
node_modules/.nitro/vite/services/ssr/assets/search-panel-DtaZ_tTS.js                                 4.17 kB │ gzip:  1.65 kB
node_modules/.nitro/vite/services/ssr/assets/products-B22RhTnX.js                                     4.29 kB │ gzip:  1.35 kB
node_modules/.nitro/vite/services/ssr/assets/body-limit.server-Bwh4uWwg.js                            4.32 kB │ gzip:  2.08 kB
node_modules/.nitro/vite/services/ssr/assets/quasar.sites-EnCTvfsV.js                                 4.37 kB │ gzip:  1.53 kB
node_modules/.nitro/vite/services/ssr/assets/frame-gate-B6jJUoan.js                                   4.49 kB │ gzip:  1.60 kB
node_modules/.nitro/vite/services/ssr/assets/privacy-CTlSig6p.js                                      4.68 kB │ gzip:  1.91 kB
node_modules/.nitro/vite/services/ssr/assets/crypto.server-BHUGmsmU.js                                4.72 kB │ gzip:  1.91 kB
node_modules/.nitro/vite/services/ssr/assets/product-journeys-_iCSGmPw.js                             4.73 kB │ gzip:  1.79 kB
node_modules/.nitro/vite/services/ssr/assets/abbey-bot-CRTsevF0.js                                    4.86 kB │ gzip:  1.87 kB
node_modules/.nitro/vite/services/ssr/assets/billing-Bu26Dg2C.js                                      5.01 kB │ gzip:  2.07 kB
node_modules/.nitro/vite/services/ssr/assets/quasar.new-cUAWX0fi.js                                   5.10 kB │ gzip:  1.88 kB
node_modules/.nitro/vite/services/ssr/assets/console-Cpyo2k_Y.js                                      5.15 kB │ gzip:  2.03 kB
node_modules/.nitro/vite/services/ssr/assets/company-DozoXz3F.js                                      5.21 kB │ gzip:  1.84 kB
node_modules/.nitro/vite/services/ssr/assets/gates-xlnJ-hV6.js                                        5.68 kB │ gzip:  2.06 kB
node_modules/.nitro/vite/services/ssr/assets/mobile-B-2GYSma.js                                       5.91 kB │ gzip:  2.15 kB
node_modules/.nitro/vite/services/ssr/assets/sharding-latency-demo-CB3TUfIC.js                        5.92 kB │ gzip:  1.89 kB
node_modules/.nitro/vite/services/ssr/assets/products._slug-DOR98FV0.js                               6.04 kB │ gzip:  1.94 kB
node_modules/.nitro/vite/services/ssr/assets/lab-DwzhBFIh.js                                          6.04 kB │ gzip:  1.77 kB
node_modules/.nitro/vite/services/ssr/assets/team._slug-HwmarLnH.js                                   6.06 kB │ gzip:  1.81 kB
node_modules/.nitro/vite/services/ssr/assets/abi-BsSvrwu7.js                                          6.07 kB │ gzip:  2.35 kB
node_modules/.nitro/vite/services/ssr/assets/team-B6mfUT66.js                                         6.09 kB │ gzip:  2.61 kB
node_modules/.nitro/vite/services/ssr/assets/use-ai-consent-Bec44eQB.js                               6.32 kB │ gzip:  2.23 kB
node_modules/.nitro/vite/services/ssr/assets/title-BEI4qJy8.js                                        6.35 kB │ gzip:  2.02 kB
node_modules/.nitro/vite/services/ssr/assets/client-experience-BH4e-HTk.js                            6.59 kB │ gzip:  2.41 kB
node_modules/.nitro/vite/services/ssr/assets/research-BGkI8EK1.js                                     6.74 kB │ gzip:  2.15 kB
node_modules/.nitro/vite/services/ssr/assets/remote.server-Ee9BUNM_.js                                6.74 kB │ gzip:  2.50 kB
node_modules/.nitro/vite/services/ssr/assets/structured-data-CA3-jcD7.js                              6.89 kB │ gzip:  2.63 kB
node_modules/.nitro/vite/services/ssr/assets/explainer-9HVmlnqe.js                                    7.30 kB │ gzip:  2.46 kB
node_modules/.nitro/vite/services/ssr/assets/connection-BsK70678.js                                   7.36 kB │ gzip:  2.44 kB
node_modules/.nitro/vite/services/ssr/assets/abbey-B3MyjXE_.js                                        7.37 kB │ gzip:  2.49 kB
node_modules/.nitro/vite/services/ssr/assets/sources-CWD0OagY.js                                      7.53 kB │ gzip:  3.04 kB
node_modules/.nitro/vite/services/ssr/assets/capture-COLwQEwr.js                                      7.64 kB │ gzip:  3.14 kB
node_modules/.nitro/vite/services/ssr/assets/developers-CCENF-yj.js                                   7.82 kB │ gzip:  2.83 kB
node_modules/.nitro/vite/services/ssr/assets/github-data-Ck499xez.js                                  7.86 kB │ gzip:  2.75 kB
node_modules/.nitro/vite/services/ssr/assets/dashboard-BMm20eph.js                                    7.87 kB │ gzip:  2.73 kB
node_modules/.nitro/vite/services/ssr/assets/architecture-CoaddoPY.js                                 8.01 kB │ gzip:  2.72 kB
node_modules/.nitro/vite/services/ssr/assets/changelog-DqJ2-fa9.js                                    8.15 kB │ gzip:  3.14 kB
node_modules/.nitro/vite/services/ssr/assets/investors-DzVoXPED.js                                    8.26 kB │ gzip:  2.27 kB
node_modules/.nitro/vite/services/ssr/assets/console-zkUHyKk1.js                                      8.39 kB │ gzip:  1.95 kB
node_modules/.nitro/vite/services/ssr/assets/links-DNw14SFw.js                                        8.43 kB │ gzip:  2.63 kB
node_modules/.nitro/vite/services/ssr/assets/header-menus-B4VUsaRd.js                                 8.55 kB │ gzip:  2.45 kB
node_modules/.nitro/vite/services/ssr/assets/tf-pose-demo-D6yLWLu_.js                                 8.58 kB │ gzip:  3.07 kB
node_modules/.nitro/vite/services/ssr/assets/products-G-SQQS7H.js                                     8.85 kB │ gzip:  3.52 kB
node_modules/.nitro/vite/services/ssr/assets/workspace-app-b5yzYIcn.js                                8.92 kB │ gzip:  3.01 kB
node_modules/.nitro/vite/services/ssr/assets/research._slug-_fT5fvZt.js                               9.22 kB │ gzip:  2.50 kB
node_modules/.nitro/vite/services/ssr/assets/handlers.server-D9OdWeWA.js                              9.82 kB │ gzip:  3.27 kB
node_modules/.nitro/vite/services/ssr/assets/design-DPI4dyTg.js                                       9.94 kB │ gzip:  3.31 kB
node_modules/.nitro/vite/services/ssr/assets/quesar-B3IM2Khm.js                                      10.00 kB │ gzip:  3.63 kB
node_modules/.nitro/vite/services/ssr/assets/abi-runtime-7A_ELp3l.js                                 10.04 kB │ gzip:  3.64 kB
node_modules/.nitro/vite/services/ssr/assets/login-Cxw77511.js                                       10.38 kB │ gzip:  3.13 kB
node_modules/.nitro/vite/services/ssr/assets/quasar.settings-BO0vEB3T.js                             10.69 kB │ gzip:  3.03 kB
node_modules/.nitro/vite/services/ssr/assets/internal-BJIP0b0i.js                                    10.93 kB │ gzip:  3.61 kB
node_modules/.nitro/vite/services/ssr/assets/showcase-gqPebPig.js                                    11.58 kB │ gzip:  3.29 kB
node_modules/.nitro/vite/services/ssr/assets/trailer-B0w1_aY1.js                                     12.12 kB │ gzip:  3.73 kB
node_modules/.nitro/vite/services/ssr/assets/architecture-C_1iqeWq.js                                12.72 kB │ gzip:  4.05 kB
node_modules/.nitro/vite/services/ssr/assets/repo-list-nZbZPJpO.js                                   12.87 kB │ gzip:  3.94 kB
node_modules/.nitro/vite/services/ssr/assets/platform-Be6LLY8x.js                                    14.21 kB │ gzip:  4.28 kB
node_modules/.nitro/vite/services/ssr/assets/shared-BZR5Rxh8.js                                      14.52 kB │ gzip:  4.90 kB
node_modules/.nitro/vite/services/ssr/assets/quasar.site._id-D_WP7LRE.js                             14.54 kB │ gzip:  4.18 kB
node_modules/.nitro/vite/services/ssr/assets/contact-DbxKZ63l.js                                     15.09 kB │ gzip:  4.72 kB
node_modules/.nitro/vite/services/ssr/assets/db-BCMN0AuK.js                                          16.47 kB │ gzip:  5.43 kB
node_modules/.nitro/vite/services/ssr/assets/admin-xCNWzXlC.js                                       16.63 kB │ gzip:  4.39 kB
node_modules/.nitro/vite/services/ssr/assets/trailer-B6fbI-jj.js                                     16.85 kB │ gzip:  4.86 kB
node_modules/.nitro/vite/services/ssr/assets/catalog-njd_tUOW.js                                     17.23 kB │ gzip:  5.30 kB
node_modules/.nitro/vite/services/ssr/assets/use-tweaks-CSqUxvg8.js                                  17.60 kB │ gzip:  5.12 kB
node_modules/.nitro/vite/services/ssr/assets/research-context-DFM0uNiA.js                            17.98 kB │ gzip:  6.79 kB
node_modules/.nitro/vite/services/ssr/assets/console.workspace-CQK3PN9C.js                           18.50 kB │ gzip:  5.48 kB
node_modules/.nitro/vite/services/ssr/assets/tokens.server-mJrF5hZq.js                               19.99 kB │ gzip:  6.66 kB
node_modules/.nitro/vite/services/ssr/assets/console.server-CbhZ_6fL.js                              20.09 kB │ gzip:  6.27 kB
node_modules/.nitro/vite/services/ssr/assets/ShowcaseBoard-D5nK5Hz5.js                               20.45 kB │ gzip:  5.87 kB
node_modules/.nitro/vite/services/ssr/assets/HeroBoard-CtBhov4Y.js                                   22.47 kB │ gzip:  6.43 kB
node_modules/.nitro/vite/services/ssr/assets/demo-BH_UmTUn.js                                        22.64 kB │ gzip:  7.75 kB
node_modules/.nitro/vite/services/ssr/assets/abbey-BHHe5uqm.js                                       22.91 kB │ gzip:  6.99 kB
node_modules/.nitro/vite/services/ssr/assets/_tanstack-start-manifest_v-DzI8xtvf.js                  25.14 kB │ gzip:  3.71 kB
node_modules/.nitro/vite/services/ssr/assets/financial-model-sAKDvfUx.js                             25.26 kB │ gzip:  5.99 kB
node_modules/.nitro/vite/services/ssr/assets/profile-CllNzrsn.js                                     26.34 kB │ gzip:  7.18 kB
node_modules/.nitro/vite/services/ssr/assets/pages-Bd81pwY9.js                                       27.11 kB │ gzip:  9.50 kB
node_modules/.nitro/vite/services/ssr/assets/Docs-gyv7Xk__.js                                        28.64 kB │ gzip:  7.46 kB
node_modules/.nitro/vite/services/ssr/assets/LabBoard-DVGaJ82G.js                                    29.69 kB │ gzip:  8.52 kB
node_modules/.nitro/vite/services/ssr/assets/use-current-user-DEnn4Zo-.js                            29.99 kB │ gzip:  8.90 kB
node_modules/.nitro/vite/services/ssr/assets/console-DMboe_Dj.js                                     30.88 kB │ gzip:  7.87 kB
node_modules/.nitro/vite/services/ssr/assets/routes-DIY3fkGL.js                                      31.08 kB │ gzip:  8.21 kB
node_modules/.nitro/vite/services/ssr/assets/BrandBoard-SuAO84PG.js                                  32.51 kB │ gzip:  7.96 kB
node_modules/.nitro/vite/services/ssr/assets/mega-rT4ssyat.js                                        32.92 kB │ gzip:  8.73 kB
node_modules/.nitro/vite/services/ssr/assets/outro-DjEbpC7E.js                                       33.51 kB │ gzip:  7.77 kB
node_modules/.nitro/vite/services/ssr/assets/docs-hub-DBhfRM9N.js                                    36.91 kB │ gzip: 11.99 kB
node_modules/.nitro/vite/services/ssr/assets/Console-BYkgc7II.js                                     42.32 kB │ gzip: 10.29 kB
node_modules/.nitro/vite/services/ssr/assets/Marketing-D_hosynN.js                                   45.74 kB │ gzip: 11.00 kB
node_modules/.nitro/vite/services/ssr/assets/blog-CuTytVBQ.js                                        46.46 kB │ gzip: 17.19 kB
node_modules/.nitro/vite/services/ssr/assets/narration-BvnQT8wg.js                                   64.79 kB │ gzip: 20.21 kB
node_modules/.nitro/vite/services/ssr/assets/beats-BW3Mrn1p.js                                       64.89 kB │ gzip: 15.85 kB
node_modules/.nitro/vite/services/ssr/assets/film-collection-BSsOVuMC.js                             66.22 kB │ gzip:  8.34 kB
node_modules/.nitro/vite/services/ssr/assets/DesignBoard-Dh9FqZFx.js                                 66.36 kB │ gzip: 16.58 kB
node_modules/.nitro/vite/services/ssr/index.js                                                       79.94 kB │ gzip: 21.14 kB
node_modules/.nitro/vite/services/ssr/assets/router-Bs55A8Hi.js                                      98.33 kB │ gzip: 24.72 kB
node_modules/.nitro/vite/services/ssr/assets/research-DKQReBD5.js                                   102.11 kB │ gzip: 21.61 kB
node_modules/.nitro/vite/services/ssr/assets/server-CCiFLDdH.js                                     366.40 kB │ gzip: 87.37 kB

✓ built in 831ms

[nitro] ◐ Building [Nitro] (preset: vercel, compatibility: 2026-10-04)
[nitro] ✔ Generated public .vercel/output/static
vite v8.3.1 building nitro environment for production...
`output.codeSplitting.groups[0].name` is a function. Set `output.codeSplitting.groups[0].debugName` so the bundler timing report can identify this group.
transforming...
✓ 7370 modules transformed.
ℹ Tracing dependencies:
- tslib (2.8.1, 1.14.1)
✔ Traced 1 dependencies (8 files) in 23ms.
ℹ Ensure your production environment matches the builder OS and architecture (darwin-arm64) to avoid native module issues.
rendering chunks...
computing gzip size...
.vercel/output/functions/__server.func/_ssr/server-only-notice-CZfxZqbV.mjs                  0.13 kB │ gzip:   0.12 kB
.vercel/output/functions/__server.func/_ssr/kysely-adapter-Cj_QZw5p.mjs                      0.14 kB │ gzip:   0.10 kB
.vercel/output/functions/__server.func/_ssr/empty-plugin-adapters-D9UWiqvJ.mjs               0.23 kB │ gzip:   0.16 kB
.vercel/output/functions/__server.func/_chunks/core.mjs                                      0.25 kB │ gzip:   0.18 kB
.vercel/output/functions/__server.func/_libs/radix-ui__number.mjs                            0.32 kB │ gzip:   0.24 kB
.vercel/output/functions/__server.func/_ssr/createServerRpc-DPX_ndmm.mjs                     0.37 kB │ gzip:   0.26 kB
.vercel/output/functions/__server.func/_ssr/quasar-BKDbN3hd.mjs                              0.37 kB │ gzip:   0.24 kB
.vercel/output/functions/__server.func/_ssr/rolldown-runtime-BLEs9rMG.mjs                    0.40 kB │ gzip:   0.28 kB
.vercel/output/functions/__server.func/_ssr/github-readmes-BvJTf_O_.mjs                      0.44 kB │ gzip:   0.32 kB
.vercel/output/functions/__server.func/_ssr/local-store-DO6qwhjW.mjs                         0.49 kB │ gzip:   0.28 kB
.vercel/output/functions/__server.func/_ssr/createSsrRpc-BUUEN0qI.mjs                        0.50 kB │ gzip:   0.32 kB
.vercel/output/functions/__server.func/_ssr/label-BFPC-S52.mjs                               0.52 kB │ gzip:   0.33 kB
.vercel/output/functions/__server.func/_ssr/signup-Dmt1KHDi.mjs                              0.53 kB │ gzip:   0.34 kB
.vercel/output/functions/__server.func/_ssr/env.server-1sC44DLZ.mjs                          0.53 kB │ gzip:   0.30 kB
.vercel/output/functions/__server.func/_ssr/utils-BEnn8gPD.mjs                               0.56 kB │ gzip:   0.37 kB
.vercel/output/functions/__server.func/_ssr/route-frame-CfIMeORX.mjs                         0.59 kB │ gzip:   0.36 kB
.vercel/output/functions/__server.func/_ssr/CinematicFallback-DFzTsi4L.mjs                   0.65 kB │ gzip:   0.44 kB
.vercel/output/functions/__server.func/_ssr/separator-CfBBGVNK.mjs                           0.67 kB │ gzip:   0.40 kB
.vercel/output/functions/__server.func/_ssr/textarea-CU-toX6i.mjs                            0.68 kB │ gzip:   0.41 kB
.vercel/output/functions/__server.func/_ssr/input-CPAlXaTb.mjs                               0.69 kB │ gzip:   0.42 kB
.vercel/output/functions/__server.func/_ssr/github-B8BMQ_OK.mjs                              0.69 kB │ gzip:   0.41 kB
.vercel/output/functions/__server.func/_ssr/methods-BuiIvEc_.mjs                             0.81 kB │ gzip:   0.42 kB
.vercel/output/functions/__server.func/_ssr/renderer-B-ur6wyp.mjs                            0.82 kB │ gzip:   0.38 kB
.vercel/output/functions/__server.func/_ssr/showcase.design-BSvzCqGa.mjs                     0.85 kB │ gzip:   0.41 kB
.vercel/output/functions/__server.func/_libs/better-auth__utils.mjs                          0.91 kB │ gzip:   0.48 kB
.vercel/output/functions/__server.func/_ssr/radio-group-GnSJmmq6.mjs                         0.94 kB │ gzip:   0.45 kB
.vercel/output/functions/__server.func/_ssr/ai-BYv4jJWV.mjs                                  0.94 kB │ gzip:   0.58 kB
.vercel/output/functions/__server.func/_chunks/ssr-renderer.mjs                              0.96 kB │ gzip:   0.49 kB
.vercel/output/functions/__server.func/_libs/radix-ui__react-label.mjs                       0.98 kB │ gzip:   0.50 kB
.vercel/output/functions/__server.func/_ssr/showcase.film-D6Hi2iOi.mjs                       1.05 kB │ gzip:   0.48 kB
.vercel/output/functions/__server.func/_ssr/showcase.mega-BLwARshI.mjs                       1.05 kB │ gzip:   0.48 kB
.vercel/output/functions/__server.func/_ssr/showcase.abbey-CD8oK-82.mjs                      1.05 kB │ gzip:   0.48 kB
.vercel/output/functions/__server.func/_ssr/showcase.trailer-C1dfy8fd.mjs                    1.06 kB │ gzip:   0.48 kB
.vercel/output/functions/__server.func/_ssr/showcase.explainer-C-O_aCaT.mjs                  1.07 kB │ gzip:   0.48 kB
.vercel/output/functions/__server.func/_ssr/toaster-6wGjEaEB.mjs                             1.17 kB │ gzip:   0.59 kB
.vercel/output/functions/__server.func/_ssr/tabs-BKgqh0Gz.mjs                                1.17 kB │ gzip:   0.52 kB
.vercel/output/functions/__server.func/_ssr/tooltip-B94gklA6.mjs                             1.23 kB │ gzip:   0.56 kB
.vercel/output/functions/__server.func/_libs/nanostores.mjs                                  1.25 kB │ gzip:   0.58 kB
.vercel/output/functions/__server.func/_ssr/source-CNNFHV3m.mjs                              1.34 kB │ gzip:   0.66 kB
.vercel/output/functions/__server.func/_ssr/middleware-D14TQhEi.mjs                          1.38 kB │ gzip:   0.73 kB
.vercel/output/functions/__server.func/_ssr/config-CGOwCjPm.mjs                              1.38 kB │ gzip:   0.71 kB
.vercel/output/functions/__server.func/_libs/defu.mjs                                        1.40 kB │ gzip:   0.58 kB
.vercel/output/functions/__server.func/_libs/radix-ui__react-toggle.mjs                      1.41 kB │ gzip:   0.65 kB
.vercel/output/functions/__server.func/_libs/radix-ui__react-separator.mjs                   1.43 kB │ gzip:   0.63 kB
.vercel/output/functions/__server.func/_ssr/auth-slot-live-CnsXmdBn.mjs                      1.43 kB │ gzip:   0.69 kB
.vercel/output/functions/__server.func/_ssr/crumbs-tmZTB1rv.mjs                              1.43 kB │ gzip:   0.62 kB
.vercel/output/functions/__server.func/_ssr/projects-B5o99Esc.mjs                            1.46 kB │ gzip:   0.70 kB
.vercel/output/functions/__server.func/_ssr/workspace-CG-RuOhF.mjs                           1.47 kB │ gzip:   0.69 kB
.vercel/output/functions/__server.func/_ssr/cell-machine-CXNHF5e3.mjs                        1.47 kB │ gzip:   0.68 kB
.vercel/output/functions/__server.func/_ssr/button-Bib5oMsK.mjs                              1.56 kB │ gzip:   0.78 kB
.vercel/output/functions/__server.func/_ssr/csp-report.server-DZm7M7I0.mjs                   1.59 kB │ gzip:   0.90 kB
.vercel/output/functions/__server.func/_ssr/dropdown-menu-BztvMuDs.mjs                       1.64 kB │ gzip:   0.63 kB
.vercel/output/functions/__server.func/_libs/react-is.mjs                                    1.66 kB │ gzip:   0.65 kB
.vercel/output/functions/__server.func/_ssr/ai-BY8jAAr7.mjs                                  1.67 kB │ gzip:   0.93 kB
.vercel/output/functions/__server.func/_ssr/status-badge-4dXjxXPi.mjs                        1.77 kB │ gzip:   0.84 kB
.vercel/output/functions/__server.func/_libs/radix-ui__primitive.mjs                         1.82 kB │ gzip:   0.71 kB
.vercel/output/functions/__server.func/_ssr/tf-pose-demo-CDDEbbBy.mjs                        1.85 kB │ gzip:   0.84 kB
.vercel/output/functions/__server.func/_ssr/profile-BT3Hz2xC.mjs                             1.89 kB │ gzip:   0.98 kB
.vercel/output/functions/__server.func/_runtime.mjs                                          1.89 kB │ gzip:   0.85 kB
.vercel/output/functions/__server.func/_ssr/gama-Dz3AwFY0.mjs                                1.96 kB │ gzip:   0.93 kB
.vercel/output/functions/__server.func/_ssr/gate.server-BhbBwnxr.mjs                         2.02 kB │ gzip:   0.97 kB
.vercel/output/functions/__server.func/_ssr/use-github-data-DUfXEd7G.mjs                     2.04 kB │ gzip:   1.00 kB
.vercel/output/functions/__server.func/_ssr/investor-D3JhTVpz.mjs                            2.05 kB │ gzip:   0.83 kB
.vercel/output/functions/__server.func/_ssr/mlai-mark-BHhtXIGB.mjs                           2.11 kB │ gzip:   1.14 kB
.vercel/output/functions/__server.func/_ssr/isolation.server-YShgMvKF.mjs                    2.11 kB │ gzip:   1.08 kB
.vercel/output/functions/__server.func/_ssr/math-CX82An2A.mjs                                2.15 kB │ gzip:   1.03 kB
.vercel/output/functions/__server.func/_ssr/research.implementations-hXpsCQkL.mjs            2.16 kB │ gzip:   0.86 kB
.vercel/output/functions/__server.func/_ssr/unauthorized-DDQ72N8_.mjs                        2.17 kB │ gzip:   0.93 kB
.vercel/output/functions/__server.func/_ssr/billing-D_p6-EoC.mjs                             2.22 kB │ gzip:   1.18 kB
.vercel/output/functions/__server.func/_ssr/plugins-DK6sztMK.mjs                             2.25 kB │ gzip:   0.96 kB
.vercel/output/functions/__server.func/_ssr/apps-DLJP4i7U.mjs                                2.28 kB │ gzip:   0.93 kB
.vercel/output/functions/__server.func/_ssr/start-DfLueJrV.mjs                               2.34 kB │ gzip:   1.03 kB
.vercel/output/functions/__server.func/_ssr/inquiries.server-JtyH6R3i.mjs                    2.44 kB │ gzip:   1.09 kB
.vercel/output/functions/__server.func/_ssr/telemetry.server-MyvJ_6lN.mjs                    2.45 kB │ gzip:   1.21 kB
.vercel/output/functions/__server.func/_ssr/rate-limit.server-YVd9DsfM.mjs                   2.48 kB │ gzip:   1.32 kB
.vercel/output/functions/__server.func/_ssr/workspace-VibcldaZ.mjs                           2.49 kB │ gzip:   0.97 kB
.vercel/output/functions/__server.func/_ssr/turnstile.server-CwktM05R.mjs                    2.61 kB │ gzip:   1.25 kB
.vercel/output/functions/__server.func/_ssr/projects._slug-DK0QpB-8.mjs                      2.63 kB │ gzip:   0.92 kB
.vercel/output/functions/__server.func/_ssr/companion-Cgqqv1k8.mjs                           2.64 kB │ gzip:   1.02 kB
.vercel/output/functions/__server.func/_ssr/inquiry-rules-CZn0jrU0.mjs                       2.65 kB │ gzip:   1.13 kB
.vercel/output/functions/__server.func/_ssr/audit-view-B_hX06-J.mjs                          2.71 kB │ gzip:   0.86 kB
.vercel/output/functions/__server.func/_ssr/csp-C8NHMTv8.mjs                                 2.72 kB │ gzip:   1.27 kB
.vercel/output/functions/__server.func/_ssr/journey-rail-Bu5_YJCj.mjs                        2.73 kB │ gzip:   0.99 kB
.vercel/output/functions/__server.func/_ssr/inquiries-CZ20UgAd.mjs                           2.77 kB │ gzip:   1.20 kB
.vercel/output/functions/__server.func/_ssr/math-article-BeBIBOL9.mjs                        2.78 kB │ gzip:   1.06 kB
.vercel/output/functions/__server.func/_ssr/section-BkF5TngR.mjs                             2.79 kB │ gzip:   0.97 kB
.vercel/output/functions/__server.func/_ssr/config.server-CDQZQ7NM.mjs                       2.82 kB │ gzip:   1.36 kB
.vercel/output/functions/__server.func/_ssr/account-deletion.server-Cy4HSrpv.mjs             2.88 kB │ gzip:   1.09 kB
.vercel/output/functions/__server.func/_ssr/research-nav-CVzHDqGf.mjs                        2.94 kB │ gzip:   0.91 kB
.vercel/output/functions/__server.func/_ssr/film-Ba0sEFDI.mjs                                2.95 kB │ gzip:   0.89 kB
.vercel/output/functions/__server.func/_ssr/about-C5Vx0lEH.mjs                               2.95 kB │ gzip:   1.36 kB
.vercel/output/functions/__server.func/_ssr/blog-De2AaJvF.mjs                                2.97 kB │ gzip:   1.28 kB
.vercel/output/functions/__server.func/_ssr/verify.server-Csl3R-bg.mjs                       3.04 kB │ gzip:   1.37 kB
.vercel/output/functions/__server.func/_ssr/article-zDx7XgmJ.mjs                             3.10 kB │ gzip:   1.07 kB
.vercel/output/functions/__server.func/_ssr/telemetry-routes.server-B5ciUGYd.mjs             3.10 kB │ gzip:   0.84 kB
.vercel/output/functions/__server.func/_ssr/docs-HML28nWe.mjs                                3.12 kB │ gzip:   1.18 kB
.vercel/output/functions/__server.func/_ssr/primitives-BQpmN2lD.mjs                          3.12 kB │ gzip:   1.34 kB
.vercel/output/functions/__server.func/_ssr/readiness.server-C7ACeda4.mjs                    3.13 kB │ gzip:   1.29 kB
.vercel/output/functions/__server.func/_ssr/telemetry-path-BIB8_hrS.mjs                      3.14 kB │ gzip:   1.55 kB
.vercel/output/functions/__server.func/_libs/class-variance-authority+clsx.mjs               3.16 kB │ gzip:   1.24 kB
.vercel/output/functions/__server.func/_ssr/blog._slug-DgKY90EO.mjs                          3.16 kB │ gzip:   1.22 kB
.vercel/output/functions/__server.func/_ssr/methods.server-CeLMwuA7.mjs                      3.19 kB │ gzip:   1.28 kB
.vercel/output/functions/__server.func/_ssr/terms-E8Dc6Hg1.mjs                               3.20 kB │ gzip:   1.26 kB
.vercel/output/functions/__server.func/_ssr/feed-Ddi3QFV8.mjs                                3.24 kB │ gzip:   1.44 kB
.vercel/output/functions/__server.func/_libs/d3-path.mjs                                     3.24 kB │ gzip:   1.16 kB
.vercel/output/functions/__server.func/_ssr/get-started-KOfsm5Pg.mjs                         3.36 kB │ gzip:   1.19 kB
.vercel/output/functions/__server.func/_ssr/projects-Pzfgx6I4.mjs                            3.42 kB │ gzip:   1.44 kB
.vercel/output/functions/__server.func/_ssr/changelog-g_GxU4kh.mjs                           3.47 kB │ gzip:   1.18 kB
.vercel/output/functions/__server.func/_ssr/skill-creator-BoLwQxGU.mjs                       3.54 kB │ gzip:   1.30 kB
.vercel/output/functions/__server.func/_ssr/about-BTt018Mj.mjs                               3.66 kB │ gzip:   1.23 kB
.vercel/output/functions/__server.func/_ssr/benchmarks-C8xN4OIu.mjs                          3.69 kB │ gzip:   1.32 kB
.vercel/output/functions/__server.func/_ssr/docs._slug-CPLgbx_G.mjs                          3.74 kB │ gzip:   1.36 kB
.vercel/output/functions/__server.func/_ssr/systems-CUd3RI40.mjs                             3.77 kB │ gzip:   1.73 kB
.vercel/output/functions/__server.func/_ssr/source._name-CkAJ3nSy.mjs                        3.78 kB │ gzip:   1.39 kB
.vercel/output/functions/__server.func/_ssr/fx-BBYwqI43.mjs                                  3.89 kB │ gzip:   1.37 kB
.vercel/output/functions/__server.func/_ssr/surfaces-D64CmIhS.mjs                            3.91 kB │ gzip:   1.58 kB
.vercel/output/functions/__server.func/_ssr/research-topics-hOZQq2zY.mjs                     3.96 kB │ gzip:   1.58 kB
.vercel/output/functions/__server.func/_ssr/cell-machine-Cuwsxcxj.mjs                        3.97 kB │ gzip:   1.48 kB
.vercel/output/functions/__server.func/_ssr/llm-DVN4KNM9.mjs                                 4.01 kB │ gzip:   1.47 kB
.vercel/output/functions/__server.func/_ssr/research.implementations._slug-Pybi5TG7.mjs      4.05 kB │ gzip:   1.34 kB
.vercel/output/functions/__server.func/_ssr/persona-router-Dalxb58-.mjs                      4.31 kB │ gzip:   1.62 kB
.vercel/output/functions/__server.func/_ssr/security-DazKVxgE.mjs                            4.31 kB │ gzip:   1.49 kB
.vercel/output/functions/__server.func/_ssr/body-limit.server-Bwh4uWwg.mjs                   4.35 kB │ gzip:   2.11 kB
.vercel/output/functions/__server.func/_ssr/wdbx-DqBnyYlw.mjs                                4.38 kB │ gzip:   1.58 kB
.vercel/output/functions/__server.func/_ssr/team-wN4xJaa4.mjs                                4.47 kB │ gzip:   1.29 kB
.vercel/output/functions/__server.func/_ssr/frame-gate-B6jJUoan.mjs                          4.53 kB │ gzip:   1.63 kB
.vercel/output/functions/__server.func/_ssr/crypto.server-BHUGmsmU.mjs                       4.76 kB │ gzip:   1.94 kB
.vercel/output/functions/__server.func/_ssr/product-journeys-_iCSGmPw.mjs                    4.76 kB │ gzip:   1.82 kB
.vercel/output/functions/__server.func/_ssr/services-B7O5Xi33.mjs                            4.85 kB │ gzip:   1.48 kB
.vercel/output/functions/__server.func/_ssr/products-B22RhTnX.mjs                            4.96 kB │ gzip:   1.43 kB
.vercel/output/functions/__server.func/_libs/d3-interpolate.mjs                              5.00 kB │ gzip:   1.60 kB
.vercel/output/functions/__server.func/_ssr/quasar.sites-EnCTvfsV.mjs                        5.18 kB │ gzip:   1.63 kB
.vercel/output/functions/__server.func/_ssr/console-Cpyo2k_Y.mjs                             5.20 kB │ gzip:   2.08 kB
.vercel/output/functions/__server.func/_ssr/billing-Bu26Dg2C.mjs                             5.22 kB │ gzip:   2.14 kB
.vercel/output/functions/__server.func/_ssr/privacy-CTlSig6p.mjs                             5.23 kB │ gzip:   1.99 kB
.vercel/output/functions/__server.func/_ssr/github-data-Ck499xez.mjs                         5.67 kB │ gzip:   2.11 kB
.vercel/output/functions/__server.func/_ssr/abbey-bot-CRTsevF0.mjs                           5.67 kB │ gzip:   1.99 kB
.vercel/output/functions/__server.func/_ssr/quasar.new-cUAWX0fi.mjs                          5.92 kB │ gzip:   1.99 kB
.vercel/output/functions/__server.func/_libs/radix-ui__react-tabs.mjs                        5.95 kB │ gzip:   1.72 kB
.vercel/output/functions/__server.func/index.mjs                                             6.02 kB │ gzip:   2.26 kB
.vercel/output/functions/__server.func/_ssr/company-DozoXz3F.mjs                             6.10 kB │ gzip:   1.93 kB
.vercel/output/functions/__server.func/_ssr/team-B6mfUT66.mjs                                6.41 kB │ gzip:   2.71 kB
.vercel/output/functions/__server.func/_libs/react-redux+[...].mjs                           6.45 kB │ gzip:   2.01 kB
.vercel/output/functions/__server.func/_ssr/client-experience-BH4e-HTk.mjs                   6.62 kB │ gzip:   2.44 kB
.vercel/output/functions/__server.func/_ssr/gates-xlnJ-hV6.mjs                               6.67 kB │ gzip:   2.19 kB
.vercel/output/functions/__server.func/_ssr/abi-BsSvrwu7.mjs                                 6.71 kB │ gzip:   2.41 kB
.vercel/output/functions/__server.func/_libs/radix-ui__react-toggle-group.mjs                6.73 kB │ gzip:   1.57 kB
.vercel/output/functions/__server.func/_ssr/products._slug-DOR98FV0.mjs                      6.84 kB │ gzip:   1.99 kB
.vercel/output/functions/__server.func/_ssr/mobile-B-2GYSma.mjs                              6.89 kB │ gzip:   2.26 kB
.vercel/output/functions/__server.func/_ssr/sharding-latency-demo-CB3TUfIC.mjs               6.97 kB │ gzip:   2.02 kB
.vercel/output/functions/__server.func/_ssr/use-ai-consent-Bec44eQB.mjs                      6.99 kB │ gzip:   2.35 kB
.vercel/output/functions/__server.func/_ssr/team._slug-HwmarLnH.mjs                          6.99 kB │ gzip:   1.86 kB
.vercel/output/functions/__server.func/_ssr/title-BEI4qJy8.mjs                               7.00 kB │ gzip:   2.10 kB
.vercel/output/functions/__server.func/_ssr/remote.server-Ee9BUNM_.mjs                       7.01 kB │ gzip:   2.56 kB
.vercel/output/functions/__server.func/_ssr/lab-DwzhBFIh.mjs                                 7.14 kB │ gzip:   1.87 kB
.vercel/output/functions/__server.func/_ssr/sources-CWD0OagY.mjs                             7.55 kB │ gzip:   3.06 kB
.vercel/output/functions/__server.func/_ssr/capture-COLwQEwr.mjs                             7.67 kB │ gzip:   3.16 kB
.vercel/output/functions/__server.func/_ssr/connection-BsK70678.mjs                          7.78 kB │ gzip:   2.51 kB
.vercel/output/functions/__server.func/_ssr/research-BGkI8EK1.mjs                            7.80 kB │ gzip:   2.27 kB
.vercel/output/functions/__server.func/_libs/d3-array.mjs                                    8.01 kB │ gzip:   2.22 kB
.vercel/output/functions/__server.func/_ssr/architecture-CoaddoPY.mjs                        8.04 kB │ gzip:   2.74 kB
.vercel/output/functions/__server.func/_ssr/changelog-DqJ2-fa9.mjs                           8.18 kB │ gzip:   3.16 kB
.vercel/output/functions/__server.func/_ssr/abbey-B3MyjXE_.mjs                               8.18 kB │ gzip:   2.56 kB
.vercel/output/functions/__server.func/_libs/eventemitter3.mjs                               8.31 kB │ gzip:   2.04 kB
.vercel/output/functions/__server.func/_ssr/console-zkUHyKk1.mjs                             8.49 kB │ gzip:   2.01 kB
.vercel/output/functions/__server.func/_ssr/explainer-9HVmlnqe.mjs                           8.58 kB │ gzip:   2.57 kB
.vercel/output/functions/__server.func/_ssr/developers-CCENF-yj.mjs                          8.82 kB │ gzip:   2.89 kB
.vercel/output/functions/__server.func/_ssr/products-G-SQQS7H.mjs                            8.88 kB │ gzip:   3.54 kB
.vercel/output/functions/__server.func/_ssr/dashboard-BMm20eph.mjs                           9.08 kB │ gzip:   2.86 kB
.vercel/output/functions/__server.func/_ssr/links-DNw14SFw.mjs                               9.17 kB │ gzip:   2.70 kB
.vercel/output/functions/__server.func/_ssr/tf-pose-demo-D6yLWLu_.mjs                        9.33 kB │ gzip:   3.20 kB
.vercel/output/functions/__server.func/_ssr/investors-DzVoXPED.mjs                           9.51 kB │ gzip:   2.35 kB
.vercel/output/functions/__server.func/_ssr/handlers.server-D9OdWeWA.mjs                     9.85 kB │ gzip:   3.30 kB
.vercel/output/functions/__server.func/_ssr/abi-runtime-7A_ELp3l.mjs                        10.02 kB │ gzip:   3.66 kB
.vercel/output/functions/__server.func/_ssr/header-menus-B4VUsaRd.mjs                       10.11 kB │ gzip:   2.60 kB
.vercel/output/functions/__server.func/_ssr/workspace-app-b5yzYIcn.mjs                      10.12 kB │ gzip:   3.14 kB
.vercel/output/functions/__server.func/_libs/d3-color.mjs                                   10.37 kB │ gzip:   3.56 kB
.vercel/output/functions/__server.func/_libs/d3-format.mjs                                  10.53 kB │ gzip:   3.01 kB
.vercel/output/functions/__server.func/_ssr/research._slug-_fT5fvZt.mjs                     10.70 kB │ gzip:   2.57 kB
.vercel/output/functions/__server.func/_ssr/design-DPI4dyTg.mjs                             11.27 kB │ gzip:   3.45 kB
.vercel/output/functions/__server.func/_ssr/quesar-B3IM2Khm.mjs                             11.28 kB │ gzip:   3.74 kB
.vercel/output/functions/__server.func/_libs/radix-ui__react-radio-group.mjs                11.59 kB │ gzip:   2.94 kB
.vercel/output/functions/__server.func/_ssr/login-Cxw77511.mjs                              11.65 kB │ gzip:   3.23 kB
.vercel/output/functions/__server.func/_ssr/quasar.settings-BO0vEB3T.mjs                    11.92 kB │ gzip:   3.14 kB
.vercel/output/functions/__server.func/_libs/tanstack__history.mjs                          12.48 kB │ gzip:   3.70 kB
.vercel/output/functions/__server.func/_ssr/trailer-B0w1_aY1.mjs                            13.34 kB │ gzip:   3.86 kB
.vercel/output/functions/__server.func/_ssr/showcase-gqPebPig.mjs                           13.41 kB │ gzip:   3.41 kB
.vercel/output/functions/__server.func/_ssr/repo-list-nZbZPJpO.mjs                          14.24 kB │ gzip:   4.04 kB
.vercel/output/functions/__server.func/_ssr/architecture-C_1iqeWq.mjs                       14.42 kB │ gzip:   4.16 kB
.vercel/output/functions/__server.func/_libs/better-auth__memory-adapter.mjs                14.93 kB │ gzip:   4.11 kB
.vercel/output/functions/__server.func/_ssr/shared-BZR5Rxh8.mjs                             15.45 kB │ gzip:   4.99 kB
.vercel/output/functions/__server.func/_ssr/db-BCMN0AuK.mjs                                 16.23 kB │ gzip:   5.47 kB
.vercel/output/functions/__server.func/_ssr/platform-Be6LLY8x.mjs                           16.35 kB │ gzip:   4.41 kB
.vercel/output/functions/__server.func/_ssr/quasar.site._id-D_WP7LRE.mjs                    16.42 kB │ gzip:   4.30 kB
.vercel/output/functions/__server.func/_ssr/contact-DbxKZ63l.mjs                            16.90 kB │ gzip:   4.84 kB
.vercel/output/functions/__server.func/_libs/@better-auth/telemetry+[...].mjs               17.19 kB │ gzip:   4.80 kB
.vercel/output/functions/__server.func/_ssr/research-context-DFM0uNiA.mjs                   18.01 kB │ gzip:   6.82 kB
.vercel/output/functions/__server.func/_libs/radix-ui__react-tooltip.mjs                    18.84 kB │ gzip:   4.27 kB
.vercel/output/functions/__server.func/_ssr/catalog-njd_tUOW.mjs                            18.87 kB │ gzip:   5.26 kB
.vercel/output/functions/__server.func/_ssr/trailer-B6fbI-jj.mjs                            18.95 kB │ gzip:   5.00 kB
.vercel/output/functions/__server.func/_ssr/use-tweaks-CSqUxvg8.mjs                         19.00 kB │ gzip:   5.24 kB
.vercel/output/functions/__server.func/_ssr/admin-xCNWzXlC.mjs                              19.08 kB │ gzip:   4.51 kB
.vercel/output/functions/__server.func/_ssr/console.server-CbhZ_6fL.mjs                     20.09 kB │ gzip:   6.30 kB
.vercel/output/functions/__server.func/_libs/d3-shape.mjs                                   20.46 kB │ gzip:   4.06 kB
.vercel/output/functions/__server.func/_ssr/console.workspace-CQK3PN9C.mjs                  20.71 kB │ gzip:   5.60 kB
.vercel/output/functions/__server.func/_ssr/tokens.server-mJrF5hZq.mjs                      21.28 kB │ gzip:   6.86 kB
.vercel/output/functions/__server.func/_ssr/ShowcaseBoard-D5nK5Hz5.mjs                      22.85 kB │ gzip:   6.01 kB
.vercel/output/functions/__server.func/_libs/decimal.js-light.mjs                           23.31 kB │ gzip:   6.89 kB
.vercel/output/functions/__server.func/_ssr/abbey-BHHe5uqm.mjs                              23.65 kB │ gzip:   7.08 kB
.vercel/output/functions/__server.func/_ssr/demo-BH_UmTUn.mjs                               24.02 kB │ gzip:   7.87 kB
.vercel/output/functions/__server.func/_ssr/HeroBoard-CtBhov4Y.mjs                          24.90 kB │ gzip:   6.57 kB
.vercel/output/functions/__server.func/_tanstack-start-manifest_v-DzI8xtvf.mjs              25.19 kB │ gzip:   3.74 kB
.vercel/output/functions/__server.func/_libs/@floating-ui/dom+[...].mjs                     25.36 kB │ gzip:   6.54 kB
.vercel/output/functions/__server.func/_libs/@floating-ui/core+[...].mjs                    25.49 kB │ gzip:   6.28 kB
.vercel/output/functions/__server.func/_libs/h3-v2+rou3+srvx.mjs                            25.98 kB │ gzip:   7.06 kB
.vercel/output/functions/__server.func/_ssr/pages-Bd81pwY9.mjs                              27.15 kB │ gzip:   9.53 kB
.vercel/output/functions/__server.func/_ssr/financial-model-sAKDvfUx.mjs                    28.13 kB │ gzip:   6.12 kB
.vercel/output/functions/__server.func/_ssr/use-current-user-DEnn4Zo-.mjs                   29.16 kB │ gzip:   8.85 kB
.vercel/output/functions/__server.func/_ssr/profile-CllNzrsn.mjs                            29.32 kB │ gzip:   7.28 kB
.vercel/output/functions/__server.func/_libs/@tanstack/router-core+[...].mjs                29.49 kB │ gzip:   7.92 kB
.vercel/output/functions/__server.func/_libs/radix-ui__react-scroll-area.mjs                30.22 kB │ gzip:   5.95 kB
.vercel/output/functions/__server.func/_ssr/Docs-gyv7Xk__.mjs                               32.52 kB │ gzip:   7.61 kB
.vercel/output/functions/__server.func/_libs/@floating-ui/react-dom+[...].mjs               32.59 kB │ gzip:   8.21 kB
.vercel/output/functions/__server.func/_libs/lucide-react.mjs                               33.62 kB │ gzip:   6.18 kB
.vercel/output/functions/__server.func/_ssr/LabBoard-DVGaJ82G.mjs                           33.67 kB │ gzip:   8.70 kB
.vercel/output/functions/__server.func/_ssr/routes-DIY3fkGL.mjs                             34.80 kB │ gzip:   8.30 kB
.vercel/output/functions/__server.func/_ssr/console-DMboe_Dj.mjs                            35.19 kB │ gzip:   8.06 kB
.vercel/output/functions/__server.func/_ssr/outro-DjEbpC7E.mjs                              36.39 kB │ gzip:   7.87 kB
.vercel/output/functions/__server.func/_ssr/mega-rT4ssyat.mjs                               37.67 kB │ gzip:   8.91 kB
.vercel/output/functions/__server.func/_ssr/BrandBoard-SuAO84PG.mjs                         38.17 kB │ gzip:   8.16 kB
.vercel/output/functions/__server.func/_libs/date-fns.mjs                                   38.30 kB │ gzip:   8.32 kB
.vercel/output/functions/__server.func/_ssr/docs-hub-DBhfRM9N.mjs                           38.83 kB │ gzip:  12.07 kB
.vercel/output/functions/__server.func/_libs/h3+srvx.mjs                                    39.51 kB │ gzip:  10.56 kB
.vercel/output/functions/__server.func/_libs/@radix-ui/react-select+[...].mjs               40.66 kB │ gzip:   8.98 kB
.vercel/output/functions/__server.func/_ssr/blog-CuTytVBQ.mjs                               46.49 kB │ gzip:  17.21 kB
.vercel/output/functions/__server.func/_ssr/Console-BYkgc7II.mjs                            47.17 kB │ gzip:  10.46 kB
.vercel/output/functions/__server.func/_libs/@radix-ui/react-dropdown-menu+[...].mjs        47.24 kB │ gzip:  10.13 kB
.vercel/output/functions/__server.func/_libs/noble__ciphers.mjs                             47.37 kB │ gzip:  14.65 kB
.vercel/output/functions/__server.func/_ssr/Marketing-D_hosynN.mjs                          50.02 kB │ gzip:  11.19 kB
.vercel/output/functions/__server.func/_libs/sonner.mjs                                     53.60 kB │ gzip:  12.10 kB
.vercel/output/functions/__server.func/_libs/@radix-ui/react-accordion+[...].mjs            56.46 kB │ gzip:  12.00 kB
.vercel/output/functions/__server.func/_libs/d3-scale+[...].mjs                             58.01 kB │ gzip:  12.01 kB
.vercel/output/functions/__server.func/_libs/@reduxjs/toolkit+[...].mjs                     61.83 kB │ gzip:  15.92 kB
.vercel/output/functions/__server.func/_ssr/film-collection-BSsOVuMC.mjs                    66.25 kB │ gzip:   8.37 kB
.vercel/output/functions/__server.func/_ssr/narration-BvnQT8wg.mjs                          66.57 kB │ gzip:  20.27 kB
.vercel/output/functions/__server.func/_libs/@radix-ui/react-alert-dialog+[...].mjs         68.26 kB │ gzip:  15.33 kB
.vercel/output/functions/__server.func/_libs/es-toolkit.mjs                                 68.73 kB │ gzip:  16.12 kB
.vercel/output/functions/__server.func/_ssr/beats-BW3Mrn1p.mjs                              69.83 kB │ gzip:  16.00 kB
.vercel/output/functions/__server.func/_ssr/DesignBoard-Dh9FqZFx.mjs                        73.83 kB │ gzip:  16.85 kB
.vercel/output/functions/__server.func/_ssr/ssr.mjs                                         78.87 kB │ gzip:  21.17 kB
.vercel/output/functions/__server.func/_libs/@hookform/resolvers+[...].mjs                  81.45 kB │ gzip:  18.78 kB
.vercel/output/functions/__server.func/_libs/tailwind-merge.mjs                             91.33 kB │ gzip:  16.21 kB
.vercel/output/functions/__server.func/_ssr/research-DKQReBD5.mjs                          102.13 kB │ gzip:  21.63 kB
.vercel/output/functions/__server.func/_ssr/router-Bs55A8Hi.mjs                            115.83 kB │ gzip:  30.42 kB
.vercel/output/functions/__server.func/_libs/pg.mjs                                        148.60 kB │ gzip:  34.38 kB
.vercel/output/functions/__server.func/_ssr/server-CCiFLDdH.mjs                            360.30 kB │ gzip:  86.52 kB
.vercel/output/functions/__server.func/_libs/katex.mjs                                     500.06 kB │ gzip: 110.54 kB
.vercel/output/functions/__server.func/_libs/@better-auth/kysely-adapter+[...].mjs         504.43 kB │ gzip:  84.94 kB
.vercel/output/functions/__server.func/_libs/recharts+[...].mjs                            606.22 kB │ gzip: 128.14 kB
.vercel/output/functions/__server.func/_libs/electric-sql__pglite.mjs                      751.94 kB │ gzip: 153.27 kB
.vercel/output/functions/__server.func/_libs/@better-auth/passkey+[...].mjs                752.02 kB │ gzip: 161.45 kB
.vercel/output/functions/__server.func/_libs/@tanstack/react-router+[...].mjs              792.13 kB │ gzip: 166.18 kB
.vercel/output/functions/__server.func/_libs/@better-auth/core+[...].mjs                   856.09 kB │ gzip: 172.25 kB
.vercel/output/functions/__server.func/_libs/@tensorflow-models/posenet.mjs              1,631.89 kB │ gzip: 307.32 kB
.vercel/output/functions/__server.func/_libs/@tensorflow/tfjs+[...].mjs                  4,010.21 kB │ gzip: 655.47 kB

[33m[MODULE_LEVEL_DIRECTIVE] [0mThe semantics of the module level directive "use client" in "node_modules/@tanstack/react-router/dist/esm/index.js" may not be preserved when bundling.
   [38;5;246m╭[0m[38;5;246m─[0m[38;5;246m[[0m node_modules/@tanstack/react-router/dist/esm/index.js:1:1 [38;5;246m][0m
   [38;5;246m│[0m
 [38;5;246m1 │[0m "use client";
 [38;5;240m  │[0m ──────┬──────  
 [38;5;240m  │[0m       ╰──────── module level directive may not be preserved
 [38;5;240m  │[0m 
 [38;5;240m  │[0m [38;5;115mHelp[0m: For more information, see https://rolldown.rs/in-depth/directives#other-directives
[38;5;246m───╯[0m

[33m[MODULE_LEVEL_DIRECTIVE] [0mThe semantics of the module level directive "use client" in "node_modules/@tanstack/react-router/dist/esm/ClientOnly.js" may not be preserved when bundling.
   [38;5;246m╭[0m[38;5;246m─[0m[38;5;246m[[0m node_modules/@tanstack/react-router/dist/esm/ClientOnly.js:1:1 [38;5;246m][0m
   [38;5;246m│[0m
 [38;5;246m1 │[0m "use client";
 [38;5;240m  │[0m ──────┬──────  
 [38;5;240m  │[0m       ╰──────── module level directive may not be preserved
 [38;5;240m  │[0m 
 [38;5;240m  │[0m [38;5;115mHelp[0m: For more information, see https://rolldown.rs/in-depth/directives#other-directives
[38;5;246m───╯[0m

[33m[MODULE_LEVEL_DIRECTIVE] [0mThe semantics of the module level directive "use client" in "node_modules/@tanstack/react-router/dist/esm/useRouter.js" may not be preserved when bundling.
   [38;5;246m╭[0m[38;5;246m─[0m[38;5;246m[[0m node_modules/@tanstack/react-router/dist/esm/useRouter.js:1:1 [38;5;246m][0m
   [38;5;246m│[0m
 [38;5;246m1 │[0m "use client";
 [38;5;240m  │[0m ──────┬──────  
 [38;5;240m  │[0m       ╰──────── module level directive may not be preserved
 [38;5;240m  │[0m 
 [38;5;240m  │[0m [38;5;115mHelp[0m: For more information, see https://rolldown.rs/in-depth/directives#other-directives
[38;5;246m───╯[0m

[33m[MODULE_LEVEL_DIRECTIVE] [0mThe semantics of the module level directive "use client" in "node_modules/@tanstack/react-router/dist/esm/useNavigate.js" may not be preserved when bundling.
   [38;5;246m╭[0m[38;5;246m─[0m[38;5;246m[[0m node_modules/@tanstack/react-router/dist/esm/useNavigate.js:1:1 [38;5;246m][0m
   [38;5;246m│[0m
 [38;5;246m1 │[0m "use client";
 [38;5;240m  │[0m ──────┬──────  
 [38;5;240m  │[0m       ╰──────── module level directive may not be preserved
 [38;5;240m  │[0m 
 [38;5;240m  │[0m [38;5;115mHelp[0m: For more information, see https://rolldown.rs/in-depth/directives#other-directives
[38;5;246m───╯[0m

[33m[MODULE_LEVEL_DIRECTIVE] [0mThe semantics of the module level directive "use client" in "node_modules/@tanstack/react-router/dist/esm/CatchBoundary.js" may not be preserved when bundling.
   [38;5;246m╭[0m[38;5;246m─[0m[38;5;246m[[0m node_modules/@tanstack/react-router/dist/esm/CatchBoundary.js:1:1 [38;5;246m][0m
   [38;5;246m│[0m
 [38;5;246m1 │[0m "use client";
 [38;5;240m  │[0m ──────┬──────  
 [38;5;240m  │[0m       ╰──────── module level directive may not be preserved
 [38;5;240m  │[0m 
 [38;5;240m  │[0m [38;5;115mHelp[0m: For more information, see https://rolldown.rs/in-depth/directives#other-directives
[38;5;246m───╯[0m

[33m[MODULE_LEVEL_DIRECTIVE] [0mThe semantics of the module level directive "use client" in "node_modules/@tanstack/react-router/dist/esm/useMatch.js" may not be preserved when bundling.
   [38;5;246m╭[0m[38;5;246m─[0m[38;5;246m[[0m node_modules/@tanstack/react-router/dist/esm/useMatch.js:1:1 [38;5;246m][0m
   [38;5;246m│[0m
 [38;5;246m1 │[0m "use client";
 [38;5;240m  │[0m ──────┬──────  
 [38;5;240m  │[0m       ╰──────── module level directive may not be preserved
 [38;5;240m  │[0m 
 [38;5;240m  │[0m [38;5;115mHelp[0m: For more information, see https://rolldown.rs/in-depth/directives#other-directives
[38;5;246m───╯[0m

[33m[MODULE_LEVEL_DIRECTIVE] [0mThe semantics of the module level directive "use client" in "node_modules/@tanstack/react-router/dist/esm/link.js" may not be preserved when bundling.
   [38;5;246m╭[0m[38;5;246m─[0m[38;5;246m[[0m node_modules/@tanstack/react-router/dist/esm/link.js:1:1 [38;5;246m][0m
   [38;5;246m│[0m
 [38;5;246m1 │[0m "use client";
 [38;5;240m  │[0m ──────┬──────  
 [38;5;240m  │[0m       ╰──────── module level directive may not be preserved
 [38;5;240m  │[0m 
 [38;5;240m  │[0m [38;5;115mHelp[0m: For more information, see https://rolldown.rs/in-depth/directives#other-directives
[38;5;246m───╯[0m

[33m[MODULE_LEVEL_DIRECTIVE] [0mThe semantics of the module level directive "use client" in "node_modules/@tanstack/react-router/dist/esm/utils.js" may not be preserved when bundling.
   [38;5;246m╭[0m[38;5;246m─[0m[38;5;246m[[0m node_modules/@tanstack/react-router/dist/esm/utils.js:1:1 [38;5;246m][0m
   [38;5;246m│[0m
 [38;5;246m1 │[0m "use client";
 [38;5;240m  │[0m ──────┬──────  
 [38;5;240m  │[0m       ╰──────── module level directive may not be preserved
 [38;5;240m  │[0m 
 [38;5;240m  │[0m [38;5;115mHelp[0m: For more information, see https://rolldown.rs/in-depth/directives#other-directives
[38;5;246m───╯[0m

[33m[MODULE_LEVEL_DIRECTIVE] [0mThe semantics of the module level directive "use client" in "node_modules/@tanstack/react-router/dist/esm/RouterProvider.js" may not be preserved when bundling.
   [38;5;246m╭[0m[38;5;246m─[0m[38;5;246m[[0m node_modules/@tanstack/react-router/dist/esm/RouterProvider.js:1:1 [38;5;246m][0m
   [38;5;246m│[0m
 [38;5;246m1 │[0m "use client";
 [38;5;240m  │[0m ──────┬──────  
 [38;5;240m  │[0m       ╰──────── module level directive may not be preserved
 [38;5;240m  │[0m 
 [38;5;240m  │[0m [38;5;115mHelp[0m: For more information, see https://rolldown.rs/in-depth/directives#other-directives
[38;5;246m───╯[0m

[33m[MODULE_LEVEL_DIRECTIVE] [0mThe semantics of the module level directive "use client" in "node_modules/@tanstack/react-router/dist/esm/HeadContent.js" may not be preserved when bundling.
   [38;5;246m╭[0m[38;5;246m─[0m[38;5;246m[[0m node_modules/@tanstack/react-router/dist/esm/HeadContent.js:1:1 [38;5;246m][0m
   [38;5;246m│[0m
 [38;5;246m1 │[0m "use client";
 [38;5;240m  │[0m ──────┬──────  
 [38;5;240m  │[0m       ╰──────── module level directive may not be preserved
 [38;5;240m  │[0m 
 [38;5;240m  │[0m [38;5;115mHelp[0m: For more information, see https://rolldown.rs/in-depth/directives#other-directives
[38;5;246m───╯[0m

[33m[MODULE_LEVEL_DIRECTIVE] [0mThe semantics of the module level directive "use client" in "node_modules/@tanstack/react-router/dist/esm/useRouterState.js" may not be preserved when bundling.
   [38;5;246m╭[0m[38;5;246m─[0m[38;5;246m[[0m node_modules/@tanstack/react-router/dist/esm/useRouterState.js:1:1 [38;5;246m][0m
   [38;5;246m│[0m
 [38;5;246m1 │[0m "use client";
 [38;5;240m  │[0m ──────┬──────  
 [38;5;240m  │[0m       ╰──────── module level directive may not be preserved
 [38;5;240m  │[0m 
 [38;5;240m  │[0m [38;5;115mHelp[0m: For more information, see https://rolldown.rs/in-depth/directives#other-directives
[38;5;246m───╯[0m

[33m[MODULE_LEVEL_DIRECTIVE] [0mThe semantics of the module level directive "use client" in "node_modules/@tanstack/react-router/dist/esm/Match.js" may not be preserved when bundling.
   [38;5;246m╭[0m[38;5;246m─[0m[38;5;246m[[0m node_modules/@tanstack/react-router/dist/esm/Match.js:1:1 [38;5;246m][0m
   [38;5;246m│[0m
 [38;5;246m1 │[0m "use client";
 [38;5;240m  │[0m ──────┬──────  
 [38;5;240m  │[0m       ╰──────── module level directive may not be preserved
 [38;5;240m  │[0m 
 [38;5;240m  │[0m [38;5;115mHelp[0m: For more information, see https://rolldown.rs/in-depth/directives#other-directives
[38;5;246m───╯[0m

[33m[MODULE_LEVEL_DIRECTIVE] [0mThe semantics of the module level directive "use client" in "node_modules/@tanstack/react-router/dist/esm/useBlocker.js" may not be preserved when bundling.
   [38;5;246m╭[0m[38;5;246m─[0m[38;5;246m[[0m node_modules/@tanstack/react-router/dist/esm/useBlocker.js:1:1 [38;5;246m][0m
   [38;5;246m│[0m
 [38;5;246m1 │[0m "use client";
 [38;5;240m  │[0m ──────┬──────  
 [38;5;240m  │[0m       ╰──────── module level directive may not be preserved
 [38;5;240m  │[0m 
 [38;5;240m  │[0m [38;5;115mHelp[0m: For more information, see https://rolldown.rs/in-depth/directives#other-directives
[38;5;246m───╯[0m

[33m[MODULE_LEVEL_DIRECTIVE] [0mThe semantics of the module level directive "use client" in "node_modules/@tanstack/react-router/dist/esm/Asset.js" may not be preserved when bundling.
   [38;5;246m╭[0m[38;5;246m─[0m[38;5;246m[[0m node_modules/@tanstack/react-router/dist/esm/Asset.js:1:1 [38;5;246m][0m
   [38;5;246m│[0m
 [38;5;246m1 │[0m "use client";
 [38;5;240m  │[0m ──────┬──────  
 [38;5;240m  │[0m       ╰──────── module level directive may not be preserved
 [38;5;240m  │[0m 
 [38;5;240m  │[0m [38;5;115mHelp[0m: For more information, see https://rolldown.rs/in-depth/directives#other-directives
[38;5;246m───╯[0m

[33m[MODULE_LEVEL_DIRECTIVE] [0mThe semantics of the module level directive "use client" in "node_modules/@tanstack/react-router/dist/esm/Matches.js" may not be preserved when bundling.
   [38;5;246m╭[0m[38;5;246m─[0m[38;5;246m[[0m node_modules/@tanstack/react-router/dist/esm/Matches.js:1:1 [38;5;246m][0m
   [38;5;246m│[0m
 [38;5;246m1 │[0m "use client";
 [38;5;240m  │[0m ──────┬──────  
 [38;5;240m  │[0m       ╰──────── module level directive may not be preserved
 [38;5;240m  │[0m 
 [38;5;240m  │[0m [38;5;115mHelp[0m: For more information, see https://rolldown.rs/in-depth/directives#other-directives
[38;5;246m───╯[0m

[33m[MODULE_LEVEL_DIRECTIVE] [0mThe semantics of the module level directive "use client" in "node_modules/@tanstack/react-router/dist/esm/useLocation.js" may not be preserved when bundling.
   [38;5;246m╭[0m[38;5;246m─[0m[38;5;246m[[0m node_modules/@tanstack/react-router/dist/esm/useLocation.js:1:1 [38;5;246m][0m
   [38;5;246m│[0m
 [38;5;246m1 │[0m "use client";
 [38;5;240m  │[0m ──────┬──────  
 [38;5;240m  │[0m       ╰──────── module level directive may not be preserved
 [38;5;240m  │[0m 
 [38;5;240m  │[0m [38;5;115mHelp[0m: For more information, see https://rolldown.rs/in-depth/directives#other-directives
[38;5;246m───╯[0m

[33m[MODULE_LEVEL_DIRECTIVE] [0mThe semantics of the module level directive "use client" in "node_modules/@radix-ui/react-toggle/dist/index.mjs" may not be preserved when bundling.
   [38;5;246m╭[0m[38;5;246m─[0m[38;5;246m[[0m node_modules/@radix-ui/react-toggle/dist/index.mjs:1:1 [38;5;246m][0m
   [38;5;246m│[0m
 [38;5;246m1 │[0m "use client";
 [38;5;240m  │[0m ──────┬──────  
 [38;5;240m  │[0m       ╰──────── module level directive may not be preserved
 [38;5;240m  │[0m 
 [38;5;240m  │[0m [38;5;115mHelp[0m: For more information, see https://rolldown.rs/in-depth/directives#other-directives
[38;5;246m───╯[0m

[33m[MODULE_LEVEL_DIRECTIVE] [0mThe semantics of the module level directive "use client" in "node_modules/@tanstack/react-router/dist/esm/routerContext.js" may not be preserved when bundling.
   [38;5;246m╭[0m[38;5;246m─[0m[38;5;246m[[0m node_modules/@tanstack/react-router/dist/esm/routerContext.js:1:1 [38;5;246m][0m
   [38;5;246m│[0m
 [38;5;246m1 │[0m "use client";
 [38;5;240m  │[0m ──────┬──────  
 [38;5;240m  │[0m       ╰──────── module level directive may not be preserved
 [38;5;240m  │[0m 
 [38;5;240m  │[0m [38;5;115mHelp[0m: For more information, see https://rolldown.rs/in-depth/directives#other-directives
[38;5;246m───╯[0m

[33m[MODULE_LEVEL_DIRECTIVE] [0mThe semantics of the module level directive "use client" in "node_modules/@tanstack/react-router/dist/esm/nonRouteComponentContext.js" may not be preserved when bundling.
   [38;5;246m╭[0m[38;5;246m─[0m[38;5;246m[[0m node_modules/@tanstack/react-router/dist/esm/nonRouteComponentContext.js:1:1 [38;5;246m][0m
   [38;5;246m│[0m
 [38;5;246m1 │[0m "use client";
 [38;5;240m  │[0m ──────┬──────  
 [38;5;240m  │[0m       ╰──────── module level directive may not be preserved
 [38;5;240m  │[0m 
 [38;5;240m  │[0m [38;5;115mHelp[0m: For more information, see https://rolldown.rs/in-depth/directives#other-directives
[38;5;246m───╯[0m

[33m[MODULE_LEVEL_DIRECTIVE] [0mThe semantics of the module level directive "use client" in "node_modules/@tanstack/react-router/dist/esm/Transitioner.js" may not be preserved when bundling.
   [38;5;246m╭[0m[38;5;246m─[0m[38;5;246m[[0m node_modules/@tanstack/react-router/dist/esm/Transitioner.js:1:1 [38;5;246m][0m
   [38;5;246m│[0m
 [38;5;246m1 │[0m "use client";
 [38;5;240m  │[0m ──────┬──────  
 [38;5;240m  │[0m       ╰──────── module level directive may not be preserved
 [38;5;240m  │[0m 
 [38;5;240m  │[0m [38;5;115mHelp[0m: For more information, see https://rolldown.rs/in-depth/directives#other-directives
[38;5;246m───╯[0m

[33m[MODULE_LEVEL_DIRECTIVE] [0mThe semantics of the module level directive "use client" in "node_modules/@tanstack/react-router/dist/esm/matchContext.js" may not be preserved when bundling.
   [38;5;246m╭[0m[38;5;246m─[0m[38;5;246m[[0m node_modules/@tanstack/react-router/dist/esm/matchContext.js:1:1 [38;5;246m][0m
   [38;5;246m│[0m
 [38;5;246m1 │[0m "use client";
 [38;5;240m  │[0m ──────┬──────  
 [38;5;240m  │[0m       ╰──────── module level directive may not be preserved
 [38;5;240m  │[0m 
 [38;5;240m  │[0m [38;5;115mHelp[0m: For more information, see https://rolldown.rs/in-depth/directives#other-directives
[38;5;246m───╯[0m

[33m[MODULE_LEVEL_DIRECTIVE] [0mThe semantics of the module level directive "use client" in "node_modules/@radix-ui/react-dialog/dist/index.mjs" may not be preserved when bundling.
   [38;5;246m╭[0m[38;5;246m─[0m[38;5;246m[[0m node_modules/@radix-ui/react-dialog/dist/index.mjs:1:1 [38;5;246m][0m
   [38;5;246m│[0m
 [38;5;246m1 │[0m "use client";
 [38;5;240m  │[0m ──────┬──────  
 [38;5;240m  │[0m       ╰──────── module level directive may not be preserved
 [38;5;240m  │[0m 
 [38;5;240m  │[0m [38;5;115mHelp[0m: For more information, see https://rolldown.rs/in-depth/directives#other-directives
[38;5;246m───╯[0m

[33m[MODULE_LEVEL_DIRECTIVE] [0mThe semantics of the module level directive "use client" in "node_modules/sonner/dist/index.mjs" may not be preserved when bundling.
   [38;5;246m╭[0m[38;5;246m─[0m[38;5;246m[[0m node_modules/sonner/dist/index.mjs:1:1 [38;5;246m][0m
   [38;5;246m│[0m
 [38;5;246m1 │[0m 'use client';
 [38;5;240m  │[0m ──────┬──────  
 [38;5;240m  │[0m       ╰──────── module level directive may not be preserved
 [38;5;240m  │[0m 
 [38;5;240m  │[0m [38;5;115mHelp[0m: For more information, see https://rolldown.rs/in-depth/directives#other-directives
[38;5;246m───╯[0m

[33m[MODULE_LEVEL_DIRECTIVE] [0mThe semantics of the module level directive "use client" in "node_modules/@radix-ui/react-alert-dialog/dist/index.mjs" may not be preserved when bundling.
   [38;5;246m╭[0m[38;5;246m─[0m[38;5;246m[[0m node_modules/@radix-ui/react-alert-dialog/dist/index.mjs:1:1 [38;5;246m][0m
   [38;5;246m│[0m
 [38;5;246m1 │[0m "use client";
 [38;5;240m  │[0m ──────┬──────  
 [38;5;240m  │[0m       ╰──────── module level directive may not be preserved
 [38;5;240m  │[0m 
 [38;5;240m  │[0m [38;5;115mHelp[0m: For more information, see https://rolldown.rs/in-depth/directives#other-directives
[38;5;246m───╯[0m

[33m[MODULE_LEVEL_DIRECTIVE] [0mThe semantics of the module level directive "use client" in "node_modules/@radix-ui/react-label/dist/index.mjs" may not be preserved when bundling.
   [38;5;246m╭[0m[38;5;246m─[0m[38;5;246m[[0m node_modules/@radix-ui/react-label/dist/index.mjs:1:1 [38;5;246m][0m
   [38;5;246m│[0m
 [38;5;246m1 │[0m "use client";
 [38;5;240m  │[0m ──────┬──────  
 [38;5;240m  │[0m       ╰──────── module level directive may not be preserved
 [38;5;240m  │[0m 
 [38;5;240m  │[0m [38;5;115mHelp[0m: For more information, see https://rolldown.rs/in-depth/directives#other-directives
[38;5;246m───╯[0m

[33m[MODULE_LEVEL_DIRECTIVE] [0mThe semantics of the module level directive "use client" in "node_modules/@radix-ui/react-dropdown-menu/dist/index.mjs" may not be preserved when bundling.
   [38;5;246m╭[0m[38;5;246m─[0m[38;5;246m[[0m node_modules/@radix-ui/react-dropdown-menu/dist/index.mjs:1:1 [38;5;246m][0m
   [38;5;246m│[0m
 [38;5;246m1 │[0m "use client";
 [38;5;240m  │[0m ──────┬──────  
 [38;5;240m  │[0m       ╰──────── module level directive may not be preserved
 [38;5;240m  │[0m 
 [38;5;240m  │[0m [38;5;115mHelp[0m: For more information, see https://rolldown.rs/in-depth/directives#other-directives
[38;5;246m───╯[0m

[33m[MODULE_LEVEL_DIRECTIVE] [0mThe semantics of the module level directive "use client" in "node_modules/@radix-ui/react-tooltip/dist/index.mjs" may not be preserved when bundling.
   [38;5;246m╭[0m[38;5;246m─[0m[38;5;246m[[0m node_modules/@radix-ui/react-tooltip/dist/index.mjs:1:1 [38;5;246m][0m
   [38;5;246m│[0m
 [38;5;246m1 │[0m "use client";
 [38;5;240m  │[0m ──────┬──────  
 [38;5;240m  │[0m       ╰──────── module level directive may not be preserved
 [38;5;240m  │[0m 
 [38;5;240m  │[0m [38;5;115mHelp[0m: For more information, see https://rolldown.rs/in-depth/directives#other-directives
[38;5;246m───╯[0m

[33m[MODULE_LEVEL_DIRECTIVE] [0mThe semantics of the module level directive "use client" in "node_modules/@radix-ui/react-portal/dist/index.mjs" may not be preserved when bundling.
   [38;5;246m╭[0m[38;5;246m─[0m[38;5;246m[[0m node_modules/@radix-ui/react-portal/dist/index.mjs:1:1 [38;5;246m][0m
   [38;5;246m│[0m
 [38;5;246m1 │[0m "use client";
 [38;5;240m  │[0m ──────┬──────  
 [38;5;240m  │[0m       ╰──────── module level directive may not be preserved
 [38;5;240m  │[0m 
 [38;5;240m  │[0m [38;5;115mHelp[0m: For more information, see https://rolldown.rs/in-depth/directives#other-directives
[38;5;246m───╯[0m

[33m[MODULE_LEVEL_DIRECTIVE] [0mThe semantics of the module level directive "use client" in "node_modules/@radix-ui/react-dismissable-layer/dist/index.mjs" may not be preserved when bundling.
   [38;5;246m╭[0m[38;5;246m─[0m[38;5;246m[[0m node_modules/@radix-ui/react-dismissable-layer/dist/index.mjs:1:1 [38;5;246m][0m
   [38;5;246m│[0m
 [38;5;246m1 │[0m "use client";
 [38;5;240m  │[0m ──────┬──────  
 [38;5;240m  │[0m       ╰──────── module level directive may not be preserved
 [38;5;240m  │[0m 
 [38;5;240m  │[0m [38;5;115mHelp[0m: For more information, see https://rolldown.rs/in-depth/directives#other-directives
[38;5;246m───╯[0m

[33m[MODULE_LEVEL_DIRECTIVE] [0mThe semantics of the module level directive "use client" in "node_modules/@radix-ui/react-focus-scope/dist/index.mjs" may not be preserved when bundling.
   [38;5;246m╭[0m[38;5;246m─[0m[38;5;246m[[0m node_modules/@radix-ui/react-focus-scope/dist/index.mjs:1:1 [38;5;246m][0m
   [38;5;246m│[0m
 [38;5;246m1 │[0m "use client";
 [38;5;240m  │[0m ──────┬──────  
 [38;5;240m  │[0m       ╰──────── module level directive may not be preserved
 [38;5;240m  │[0m 
 [38;5;240m  │[0m [38;5;115mHelp[0m: For more information, see https://rolldown.rs/in-depth/directives#other-directives
[38;5;246m───╯[0m

[33m[MODULE_LEVEL_DIRECTIVE] [0mThe semantics of the module level directive "use client" in "node_modules/@radix-ui/react-accordion/dist/index.mjs" may not be preserved when bundling.
   [38;5;246m╭[0m[38;5;246m─[0m[38;5;246m[[0m node_modules/@radix-ui/react-accordion/dist/index.mjs:1:1 [38;5;246m][0m
   [38;5;246m│[0m
 [38;5;246m1 │[0m "use client";
 [38;5;240m  │[0m ──────┬──────  
 [38;5;240m  │[0m       ╰──────── module level directive may not be preserved
 [38;5;240m  │[0m 
 [38;5;240m  │[0m [38;5;115mHelp[0m: For more information, see https://rolldown.rs/in-depth/directives#other-directives
[38;5;246m───╯[0m

[33m[MODULE_LEVEL_DIRECTIVE] [0mThe semantics of the module level directive "use client" in "node_modules/@radix-ui/react-tabs/dist/index.mjs" may not be preserved when bundling.
   [38;5;246m╭[0m[38;5;246m─[0m[38;5;246m[[0m node_modules/@radix-ui/react-tabs/dist/index.mjs:1:1 [38;5;246m][0m
   [38;5;246m│[0m
 [38;5;246m1 │[0m "use client";
 [38;5;240m  │[0m ──────┬──────  
 [38;5;240m  │[0m       ╰──────── module level directive may not be preserved
 [38;5;240m  │[0m 
 [38;5;240m  │[0m [38;5;115mHelp[0m: For more information, see https://rolldown.rs/in-depth/directives#other-directives
[38;5;246m───╯[0m

[33m[MODULE_LEVEL_DIRECTIVE] [0mThe semantics of the module level directive "use client" in "node_modules/@radix-ui/react-focus-guards/dist/index.mjs" may not be preserved when bundling.
   [38;5;246m╭[0m[38;5;246m─[0m[38;5;246m[[0m node_modules/@radix-ui/react-focus-guards/dist/index.mjs:1:1 [38;5;246m][0m
   [38;5;246m│[0m
 [38;5;246m1 │[0m "use client";
 [38;5;240m  │[0m ──────┬──────  
 [38;5;240m  │[0m       ╰──────── module level directive may not be preserved
 [38;5;240m  │[0m 
 [38;5;240m  │[0m [38;5;115mHelp[0m: For more information, see https://rolldown.rs/in-depth/directives#other-directives
[38;5;246m───╯[0m

[33m[MODULE_LEVEL_DIRECTIVE] [0mThe semantics of the module level directive "use client" in "node_modules/@radix-ui/react-presence/dist/index.mjs" may not be preserved when bundling.
   [38;5;246m╭[0m[38;5;246m─[0m[38;5;246m[[0m node_modules/@radix-ui/react-presence/dist/index.mjs:1:1 [38;5;246m][0m
   [38;5;246m│[0m
 [38;5;246m1 │[0m "use client";
 [38;5;240m  │[0m ──────┬──────  
 [38;5;240m  │[0m       ╰──────── module level directive may not be preserved
 [38;5;240m  │[0m 
 [38;5;240m  │[0m [38;5;115mHelp[0m: For more information, see https://rolldown.rs/in-depth/directives#other-directives
[38;5;246m───╯[0m

[33m[MODULE_LEVEL_DIRECTIVE] [0mThe semantics of the module level directive "use client" in "node_modules/@radix-ui/react-toggle-group/dist/index.mjs" may not be preserved when bundling.
   [38;5;246m╭[0m[38;5;246m─[0m[38;5;246m[[0m node_modules/@radix-ui/react-toggle-group/dist/index.mjs:1:1 [38;5;246m][0m
   [38;5;246m│[0m
 [38;5;246m1 │[0m "use client";
 [38;5;240m  │[0m ──────┬──────  
 [38;5;240m  │[0m       ╰──────── module level directive may not be preserved
 [38;5;240m  │[0m 
 [38;5;240m  │[0m [38;5;115mHelp[0m: For more information, see https://rolldown.rs/in-depth/directives#other-directives
[38;5;246m───╯[0m

[33m[MODULE_LEVEL_DIRECTIVE] [0mThe semantics of the module level directive "use client" in "node_modules/@radix-ui/react-radio-group/dist/index.mjs" may not be preserved when bundling.
   [38;5;246m╭[0m[38;5;246m─[0m[38;5;246m[[0m node_modules/@radix-ui/react-radio-group/dist/index.mjs:1:1 [38;5;246m][0m
   [38;5;246m│[0m
 [38;5;246m1 │[0m "use client";
 [38;5;240m  │[0m ──────┬──────  
 [38;5;240m  │[0m       ╰──────── module level directive may not be preserved
 [38;5;240m  │[0m 
 [38;5;240m  │[0m [38;5;115mHelp[0m: For more information, see https://rolldown.rs/in-depth/directives#other-directives
[38;5;246m───╯[0m

[33m[MODULE_LEVEL_DIRECTIVE] [0mThe semantics of the module level directive "use client" in "node_modules/@radix-ui/react-scroll-area/dist/index.mjs" may not be preserved when bundling.
   [38;5;246m╭[0m[38;5;246m─[0m[38;5;246m[[0m node_modules/@radix-ui/react-scroll-area/dist/index.mjs:1:1 [38;5;246m][0m
   [38;5;246m│[0m
 [38;5;246m1 │[0m "use client";
 [38;5;240m  │[0m ──────┬──────  
 [38;5;240m  │[0m       ╰──────── module level directive may not be preserved
 [38;5;240m  │[0m 
 [38;5;240m  │[0m [38;5;115mHelp[0m: For more information, see https://rolldown.rs/in-depth/directives#other-directives
[38;5;246m───╯[0m

[33m[MODULE_LEVEL_DIRECTIVE] [0mThe semantics of the module level directive "use client" in "node_modules/@radix-ui/react-select/dist/index.mjs" may not be preserved when bundling.
   [38;5;246m╭[0m[38;5;246m─[0m[38;5;246m[[0m node_modules/@radix-ui/react-select/dist/index.mjs:1:1 [38;5;246m][0m
   [38;5;246m│[0m
 [38;5;246m1 │[0m "use client";
 [38;5;240m  │[0m ──────┬──────  
 [38;5;240m  │[0m       ╰──────── module level directive may not be preserved
 [38;5;240m  │[0m 
 [38;5;240m  │[0m [38;5;115mHelp[0m: For more information, see https://rolldown.rs/in-depth/directives#other-directives
[38;5;246m───╯[0m

[33m[MODULE_LEVEL_DIRECTIVE] [0mThe semantics of the module level directive "use client" in "node_modules/lucide-react/dist/esm/Icon.mjs" may not be preserved when bundling.
   [38;5;246m╭[0m[38;5;246m─[0m[38;5;246m[[0m node_modules/lucide-react/dist/esm/Icon.mjs:2:1 [38;5;246m][0m
   [38;5;246m│[0m
 [38;5;246m2 │[0m "use client";
 [38;5;240m  │[0m ──────┬──────  
 [38;5;240m  │[0m       ╰──────── module level directive may not be preserved
 [38;5;240m  │[0m 
 [38;5;240m  │[0m [38;5;115mHelp[0m: For more information, see https://rolldown.rs/in-depth/directives#other-directives
[38;5;246m───╯[0m

[33m[MODULE_LEVEL_DIRECTIVE] [0mThe semantics of the module level directive "use client" in "node_modules/lucide-react/dist/esm/context.mjs" may not be preserved when bundling.
   [38;5;246m╭[0m[38;5;246m─[0m[38;5;246m[[0m node_modules/lucide-react/dist/esm/context.mjs:2:1 [38;5;246m][0m
   [38;5;246m│[0m
 [38;5;246m2 │[0m "use client";
 [38;5;240m  │[0m ──────┬──────  
 [38;5;240m  │[0m       ╰──────── module level directive may not be preserved
 [38;5;240m  │[0m 
 [38;5;240m  │[0m [38;5;115mHelp[0m: For more information, see https://rolldown.rs/in-depth/directives#other-directives
[38;5;246m───╯[0m

[33m[MODULE_LEVEL_DIRECTIVE] [0mThe semantics of the module level directive "use client" in "node_modules/@radix-ui/react-direction/dist/index.mjs" may not be preserved when bundling.
   [38;5;246m╭[0m[38;5;246m─[0m[38;5;246m[[0m node_modules/@radix-ui/react-direction/dist/index.mjs:1:1 [38;5;246m][0m
   [38;5;246m│[0m
 [38;5;246m1 │[0m "use client";
 [38;5;240m  │[0m ──────┬──────  
 [38;5;240m  │[0m       ╰──────── module level directive may not be preserved
 [38;5;240m  │[0m 
 [38;5;240m  │[0m [38;5;115mHelp[0m: For more information, see https://rolldown.rs/in-depth/directives#other-directives
[38;5;246m───╯[0m

[33m[MODULE_LEVEL_DIRECTIVE] [0mThe semantics of the module level directive "use client" in "node_modules/@radix-ui/react-collapsible/dist/index.mjs" may not be preserved when bundling.
   [38;5;246m╭[0m[38;5;246m─[0m[38;5;246m[[0m node_modules/@radix-ui/react-collapsible/dist/index.mjs:1:1 [38;5;246m][0m
   [38;5;246m│[0m
 [38;5;246m1 │[0m "use client";
 [38;5;240m  │[0m ──────┬──────  
 [38;5;240m  │[0m       ╰──────── module level directive may not be preserved
 [38;5;240m  │[0m 
 [38;5;240m  │[0m [38;5;115mHelp[0m: For more information, see https://rolldown.rs/in-depth/directives#other-directives
[38;5;246m───╯[0m

[33m[MODULE_LEVEL_DIRECTIVE] [0mThe semantics of the module level directive "use client" in "node_modules/@radix-ui/react-roving-focus/dist/index.mjs" may not be preserved when bundling.
   [38;5;246m╭[0m[38;5;246m─[0m[38;5;246m[[0m node_modules/@radix-ui/react-roving-focus/dist/index.mjs:1:1 [38;5;246m][0m
   [38;5;246m│[0m
 [38;5;246m1 │[0m "use client";
 [38;5;240m  │[0m ──────┬──────  
 [38;5;240m  │[0m       ╰──────── module level directive may not be preserved
 [38;5;240m  │[0m 
 [38;5;240m  │[0m [38;5;115mHelp[0m: For more information, see https://rolldown.rs/in-depth/directives#other-directives
[38;5;246m───╯[0m

[33m[MODULE_LEVEL_DIRECTIVE] [0mThe semantics of the module level directive "use client" in "node_modules/@radix-ui/react-popper/dist/index.mjs" may not be preserved when bundling.
   [38;5;246m╭[0m[38;5;246m─[0m[38;5;246m[[0m node_modules/@radix-ui/react-popper/dist/index.mjs:1:1 [38;5;246m][0m
   [38;5;246m│[0m
 [38;5;246m1 │[0m "use client";
 [38;5;240m  │[0m ──────┬──────  
 [38;5;240m  │[0m       ╰──────── module level directive may not be preserved
 [38;5;240m  │[0m 
 [38;5;240m  │[0m [38;5;115mHelp[0m: For more information, see https://rolldown.rs/in-depth/directives#other-directives
[38;5;246m───╯[0m

[33m[MODULE_LEVEL_DIRECTIVE] [0mThe semantics of the module level directive "use client" in "node_modules/@radix-ui/react-collection/dist/index.mjs" may not be preserved when bundling.
   [38;5;246m╭[0m[38;5;246m─[0m[38;5;246m[[0m node_modules/@radix-ui/react-collection/dist/index.mjs:1:1 [38;5;246m][0m
   [38;5;246m│[0m
 [38;5;246m1 │[0m "use client";
 [38;5;240m  │[0m ──────┬──────  
 [38;5;240m  │[0m       ╰──────── module level directive may not be preserved
 [38;5;240m  │[0m 
 [38;5;240m  │[0m [38;5;115mHelp[0m: For more information, see https://rolldown.rs/in-depth/directives#other-directives
[38;5;246m───╯[0m

[33m[MODULE_LEVEL_DIRECTIVE] [0mThe semantics of the module level directive "use client" in "node_modules/@radix-ui/react-menu/dist/index.mjs" may not be preserved when bundling.
   [38;5;246m╭[0m[38;5;246m─[0m[38;5;246m[[0m node_modules/@radix-ui/react-menu/dist/index.mjs:1:1 [38;5;246m][0m
   [38;5;246m│[0m
 [38;5;246m1 │[0m "use client";
 [38;5;240m  │[0m ──────┬──────  
 [38;5;240m  │[0m       ╰──────── module level directive may not be preserved
 [38;5;240m  │[0m 
 [38;5;240m  │[0m [38;5;115mHelp[0m: For more information, see https://rolldown.rs/in-depth/directives#other-directives
[38;5;246m───╯[0m

✓ built in 732ms
ℹ Generated .vercel/output/nitro.json

[nitro] ✔ You can preview this build using npx vite preview
[nitro] ✔ You can deploy this build using npx nitro deploy --prebuilt
